
/Users/viet_tong/Desktop/Junior Year/Q3/ME433/Hw11_/build/Hw11_.elf:     file format elf32-littlearm

Sections:
Idx Name          Size      VMA       LMA       File off  Algn
  0 .text         000044e0  10000000  10000000  00001000  2**3
                  CONTENTS, ALLOC, LOAD, READONLY, CODE
  1 .rodata       00000374  100044e0  100044e0  000054e0  2**2
                  CONTENTS, ALLOC, LOAD, READONLY, DATA
  2 .ARM.exidx    00000008  10004854  10004854  00005854  2**2
                  CONTENTS, ALLOC, LOAD, READONLY, DATA
  3 .binary_info  00000024  1000485c  1000485c  0000585c  2**2
                  CONTENTS, ALLOC, LOAD, READONLY, DATA
  4 .ram_vector_table 00000110  20000000  20000000  00008000  2**2
                  ALLOC
  5 .uninitialized_data 00000000  20000110  20000110  00007628  2**0
                  CONTENTS
  6 .data         00000d94  20000110  10004880  00006110  2**3
                  CONTENTS, ALLOC, LOAD, READONLY, CODE
  7 .tdata        00000000  20000ea4  20000ea4  00007628  2**0
                  CONTENTS, ALLOC, LOAD, DATA, THREAD_LOCAL
  8 .tbss         00000000  20000ea4  20000ea4  00000000  2**0
                  ALLOC, THREAD_LOCAL
  9 .bss          00000c2c  20000ea8  10005614  00007ea8  2**3
                  ALLOC
 10 .heap         00000800  20001ad4  10005614  00007ad4  2**2
                  ALLOC, READONLY
 11 .scratch_x    00000000  20080000  20080000  00007628  2**0
                  CONTENTS
 12 .scratch_y    00000000  20081000  20081000  00007628  2**0
                  CONTENTS
 13 .stack_dummy  00000800  20081000  20081000  00008000  2**5
                  ALLOC, READONLY
 14 .flash_end    00000014  10005614  10005614  00007614  2**2
                  CONTENTS, ALLOC, LOAD, READONLY, DATA
 15 .ARM.attributes 00000034  00000000  00000000  00007628  2**0
                  CONTENTS, READONLY
 16 .comment      00000045  00000000  00000000  0000765c  2**0
                  CONTENTS, READONLY
 17 .debug_info   0003500c  00000000  00000000  000076a1  2**0
                  CONTENTS, READONLY, DEBUGGING, OCTETS
 18 .debug_abbrev 000090c5  00000000  00000000  0003c6ad  2**0
                  CONTENTS, READONLY, DEBUGGING, OCTETS
 19 .debug_loclists 00019845  00000000  00000000  00045772  2**0
                  CONTENTS, READONLY, DEBUGGING, OCTETS
 20 .debug_aranges 000011f0  00000000  00000000  0005efb8  2**3
                  CONTENTS, READONLY, DEBUGGING, OCTETS
 21 .debug_rnglists 000047b8  00000000  00000000  000601a8  2**0
                  CONTENTS, READONLY, DEBUGGING, OCTETS
 22 .debug_line   00021b5b  00000000  00000000  00064960  2**0
                  CONTENTS, READONLY, DEBUGGING, OCTETS
 23 .debug_str    00009323  00000000  00000000  000864bb  2**0
                  CONTENTS, READONLY, DEBUGGING, OCTETS
 24 .debug_frame  00003180  00000000  00000000  0008f7e0  2**2
                  CONTENTS, READONLY, DEBUGGING, OCTETS
 25 .debug_line_str 00000171  00000000  00000000  00092960  2**0
                  CONTENTS, READONLY, DEBUGGING, OCTETS

/Users/viet_tong/Desktop/Junior Year/Q3/ME433/Hw11_/build/Hw11_.elf:     file format elf32-littlearm


Disassembly of section .text:

10000000 <__VECTOR_TABLE>:
10000000:	20082000 	.word	0x20082000
10000004:	1000015d 	.word	0x1000015d
10000008:	1000011b 	.word	0x1000011b
1000000c:	1000011d 	.word	0x1000011d
10000010:	10000111 	.word	0x10000111
10000014:	10000111 	.word	0x10000111
10000018:	10000111 	.word	0x10000111
1000001c:	10000111 	.word	0x10000111
10000020:	10000119 	.word	0x10000119
10000024:	10000119 	.word	0x10000119
10000028:	10000119 	.word	0x10000119
1000002c:	1000011f 	.word	0x1000011f
10000030:	10000111 	.word	0x10000111
10000034:	10000119 	.word	0x10000119
10000038:	10000121 	.word	0x10000121
1000003c:	10000123 	.word	0x10000123
10000040:	10000111 	.word	0x10000111
10000044:	10000111 	.word	0x10000111
10000048:	10000111 	.word	0x10000111
1000004c:	10000111 	.word	0x10000111
10000050:	10000111 	.word	0x10000111
10000054:	10000111 	.word	0x10000111
10000058:	10000111 	.word	0x10000111
1000005c:	10000111 	.word	0x10000111
10000060:	10000111 	.word	0x10000111
10000064:	10000111 	.word	0x10000111
10000068:	10000111 	.word	0x10000111
1000006c:	10000111 	.word	0x10000111
10000070:	10000111 	.word	0x10000111
10000074:	10000111 	.word	0x10000111
10000078:	10000111 	.word	0x10000111
1000007c:	10000111 	.word	0x10000111
10000080:	10000111 	.word	0x10000111
10000084:	10000111 	.word	0x10000111
10000088:	10000111 	.word	0x10000111
1000008c:	10000111 	.word	0x10000111
10000090:	10000111 	.word	0x10000111
10000094:	10000111 	.word	0x10000111
10000098:	10000111 	.word	0x10000111
1000009c:	10000111 	.word	0x10000111
100000a0:	10000111 	.word	0x10000111
100000a4:	10000111 	.word	0x10000111
100000a8:	10000111 	.word	0x10000111
100000ac:	10000111 	.word	0x10000111
100000b0:	10000111 	.word	0x10000111
100000b4:	10000111 	.word	0x10000111
100000b8:	10000111 	.word	0x10000111
100000bc:	10000111 	.word	0x10000111
100000c0:	10000111 	.word	0x10000111
100000c4:	10000111 	.word	0x10000111
100000c8:	10000111 	.word	0x10000111
100000cc:	10000111 	.word	0x10000111
100000d0:	10000111 	.word	0x10000111
100000d4:	10000111 	.word	0x10000111
100000d8:	10000111 	.word	0x10000111
100000dc:	10000111 	.word	0x10000111
100000e0:	10000111 	.word	0x10000111
100000e4:	10000111 	.word	0x10000111
100000e8:	10000111 	.word	0x10000111
100000ec:	10000111 	.word	0x10000111
100000f0:	10000111 	.word	0x10000111
100000f4:	10000111 	.word	0x10000111
100000f8:	10000111 	.word	0x10000111
100000fc:	10000111 	.word	0x10000111
10000100:	10000111 	.word	0x10000111
10000104:	10000111 	.word	0x10000111
10000108:	10000111 	.word	0x10000111
1000010c:	10000111 	.word	0x10000111

10000110 <__unhandled_user_irq>:
10000110:	f3ef 8005 	mrs	r0, IPSR
10000114:	3810      	subs	r0, #16

10000116 <unhandled_user_irq_num_in_r0>:
10000116:	be00      	bkpt	0x0000

10000118 <isr_invalid>:
10000118:	be00      	bkpt	0x0000

1000011a <isr_nmi>:
1000011a:	be00      	bkpt	0x0000

1000011c <isr_hardfault>:
1000011c:	be00      	bkpt	0x0000

1000011e <isr_svcall>:
1000011e:	be00      	bkpt	0x0000

10000120 <isr_pendsv>:
10000120:	be00      	bkpt	0x0000

10000122 <isr_systick>:
10000122:	be00      	bkpt	0x0000

10000124 <__default_isrs_end>:
10000124:	7188ebf2 	.word	0x7188ebf2
10000128:	1000485c 	.word	0x1000485c
1000012c:	10004880 	.word	0x10004880
10000130:	100001a0 	.word	0x100001a0
10000134:	e71aa390 	.word	0xe71aa390

10000138 <__binary_info_header_end>:
10000138:	ffffded3 	.word	0xffffded3
1000013c:	10210142 	.word	0x10210142
10000140:	000001ff 	.word	0x000001ff
10000144:	000054dc 	.word	0x000054dc
10000148:	ab123579 	.word	0xab123579

1000014c <_entry_point>:
1000014c:	f04f 0000 	mov.w	r0, #0

10000150 <_enter_vtable_in_r0>:
10000150:	491e      	ldr	r1, [pc, #120]	@ (100001cc <data_cpy_table+0x2c>)
10000152:	6008      	str	r0, [r1, #0]
10000154:	c806      	ldmia	r0!, {r1, r2}
10000156:	f381 8808 	msr	MSP, r1
1000015a:	4710      	bx	r2

1000015c <_reset_handler>:
1000015c:	f04f 4050 	mov.w	r0, #3489660928	@ 0xd0000000
10000160:	6800      	ldr	r0, [r0, #0]
10000162:	b110      	cbz	r0, 1000016a <hold_non_core0_in_bootrom+0x6>

10000164 <hold_non_core0_in_bootrom>:
10000164:	f04f 0000 	mov.w	r0, #0
10000168:	e7f2      	b.n	10000150 <_enter_vtable_in_r0>
1000016a:	a40d      	add	r4, pc, #52	@ (adr r4, 100001a0 <data_cpy_table>)
1000016c:	cc0e      	ldmia	r4!, {r1, r2, r3}
1000016e:	2900      	cmp	r1, #0
10000170:	d002      	beq.n	10000178 <hold_non_core0_in_bootrom+0x14>
10000172:	f000 f812 	bl	1000019a <data_cpy>
10000176:	e7f9      	b.n	1000016c <hold_non_core0_in_bootrom+0x8>
10000178:	4915      	ldr	r1, [pc, #84]	@ (100001d0 <data_cpy_table+0x30>)
1000017a:	4a16      	ldr	r2, [pc, #88]	@ (100001d4 <data_cpy_table+0x34>)
1000017c:	2000      	movs	r0, #0
1000017e:	e000      	b.n	10000182 <bss_fill_test>

10000180 <bss_fill_loop>:
10000180:	c101      	stmia	r1!, {r0}

10000182 <bss_fill_test>:
10000182:	4291      	cmp	r1, r2
10000184:	d1fc      	bne.n	10000180 <bss_fill_loop>

10000186 <platform_entry>:
10000186:	4914      	ldr	r1, [pc, #80]	@ (100001d8 <data_cpy_table+0x38>)
10000188:	4788      	blx	r1
1000018a:	4914      	ldr	r1, [pc, #80]	@ (100001dc <data_cpy_table+0x3c>)
1000018c:	4788      	blx	r1
1000018e:	4914      	ldr	r1, [pc, #80]	@ (100001e0 <data_cpy_table+0x40>)
10000190:	4788      	blx	r1
10000192:	be00      	bkpt	0x0000
10000194:	e7fd      	b.n	10000192 <platform_entry+0xc>

10000196 <data_cpy_loop>:
10000196:	c901      	ldmia	r1!, {r0}
10000198:	c201      	stmia	r2!, {r0}

1000019a <data_cpy>:
1000019a:	429a      	cmp	r2, r3
1000019c:	d3fb      	bcc.n	10000196 <data_cpy_loop>
1000019e:	4770      	bx	lr

100001a0 <data_cpy_table>:
100001a0:	10004880 	.word	0x10004880
100001a4:	20000110 	.word	0x20000110
100001a8:	20000ea4 	.word	0x20000ea4
100001ac:	10005614 	.word	0x10005614
100001b0:	20080000 	.word	0x20080000
100001b4:	20080000 	.word	0x20080000
100001b8:	10005614 	.word	0x10005614
100001bc:	20081000 	.word	0x20081000
100001c0:	20081000 	.word	0x20081000
100001c4:	00000000 	.word	0x00000000
100001c8:	4770      	bx	lr
100001ca:	0000      	.short	0x0000
100001cc:	e000ed08 	.word	0xe000ed08
100001d0:	20000ea4 	.word	0x20000ea4
100001d4:	20001ad4 	.word	0x20001ad4
100001d8:	10001815 	.word	0x10001815
100001dc:	10000235 	.word	0x10000235
100001e0:	1000180d 	.word	0x1000180d

100001e4 <_init>:
100001e4:	b5f8      	push	{r3, r4, r5, r6, r7, lr}
100001e6:	bf00      	nop

100001e8 <register_tm_clones>:
100001e8:	4b06      	ldr	r3, [pc, #24]	@ (10000204 <register_tm_clones+0x1c>)
100001ea:	4907      	ldr	r1, [pc, #28]	@ (10000208 <register_tm_clones+0x20>)
100001ec:	1ac9      	subs	r1, r1, r3
100001ee:	1089      	asrs	r1, r1, #2
100001f0:	bf48      	it	mi
100001f2:	3101      	addmi	r1, #1
100001f4:	1049      	asrs	r1, r1, #1
100001f6:	d003      	beq.n	10000200 <register_tm_clones+0x18>
100001f8:	4b04      	ldr	r3, [pc, #16]	@ (1000020c <register_tm_clones+0x24>)
100001fa:	b10b      	cbz	r3, 10000200 <register_tm_clones+0x18>
100001fc:	4801      	ldr	r0, [pc, #4]	@ (10000204 <register_tm_clones+0x1c>)
100001fe:	4718      	bx	r3
10000200:	4770      	bx	lr
10000202:	bf00      	nop
10000204:	20000ea4 	.word	0x20000ea4
10000208:	20000ea4 	.word	0x20000ea4
1000020c:	00000000 	.word	0x00000000

10000210 <frame_dummy>:
10000210:	b508      	push	{r3, lr}
10000212:	4b05      	ldr	r3, [pc, #20]	@ (10000228 <frame_dummy+0x18>)
10000214:	b11b      	cbz	r3, 1000021e <frame_dummy+0xe>
10000216:	4905      	ldr	r1, [pc, #20]	@ (1000022c <frame_dummy+0x1c>)
10000218:	4805      	ldr	r0, [pc, #20]	@ (10000230 <frame_dummy+0x20>)
1000021a:	f3af 8000 	nop.w
1000021e:	e8bd 4008 	ldmia.w	sp!, {r3, lr}
10000222:	f7ff bfe1 	b.w	100001e8 <register_tm_clones>
10000226:	bf00      	nop
10000228:	00000000 	.word	0x00000000
1000022c:	20001a60 	.word	0x20001a60
10000230:	100044e0 	.word	0x100044e0

10000234 <main>:
10000234:	b570      	push	{r4, r5, r6, lr}
10000236:	f001 fbf7 	bl	10001a28 <stdio_init_all>
1000023a:	f44f 60fa 	mov.w	r0, #2000	@ 0x7d0
1000023e:	f000 fe83 	bl	10000f48 <sleep_ms>
10000242:	f44f 31e1 	mov.w	r1, #115200	@ 0x1c200
10000246:	4819      	ldr	r0, [pc, #100]	@ (100002ac <main+0x78>)
10000248:	f000 ffba 	bl	100011c0 <uart_init>
1000024c:	2102      	movs	r1, #2
1000024e:	2004      	movs	r0, #4
10000250:	f000 f830 	bl	100002b4 <gpio_set_function>
10000254:	2102      	movs	r1, #2
10000256:	2005      	movs	r0, #5
10000258:	f000 f82c 	bl	100002b4 <gpio_set_function>
1000025c:	4d14      	ldr	r5, [pc, #80]	@ (100002b0 <main+0x7c>)
1000025e:	4c13      	ldr	r4, [pc, #76]	@ (100002ac <main+0x78>)
10000260:	260d      	movs	r6, #13
10000262:	e002      	b.n	1000026a <main+0x36>
10000264:	69a3      	ldr	r3, [r4, #24]
10000266:	06da      	lsls	r2, r3, #27
10000268:	d510      	bpl.n	1000028c <main+0x58>
1000026a:	2000      	movs	r0, #0
1000026c:	f001 fbde 	bl	10001a2c <stdio_getchar_timeout_us>
10000270:	1c82      	adds	r2, r0, #2
10000272:	d0f7      	beq.n	10000264 <main+0x30>
10000274:	f9b5 3002 	ldrsh.w	r3, [r5, #2]
10000278:	b2c0      	uxtb	r0, r0
1000027a:	4283      	cmp	r3, r0
1000027c:	d010      	beq.n	100002a0 <main+0x6c>
1000027e:	69a3      	ldr	r3, [r4, #24]
10000280:	0699      	lsls	r1, r3, #26
10000282:	d4fc      	bmi.n	1000027e <main+0x4a>
10000284:	6020      	str	r0, [r4, #0]
10000286:	69a3      	ldr	r3, [r4, #24]
10000288:	06da      	lsls	r2, r3, #27
1000028a:	d4ee      	bmi.n	1000026a <main+0x36>
1000028c:	69a3      	ldr	r3, [r4, #24]
1000028e:	06db      	lsls	r3, r3, #27
10000290:	d4fc      	bmi.n	1000028c <main+0x58>
10000292:	6820      	ldr	r0, [r4, #0]
10000294:	b2c0      	uxtb	r0, r0
10000296:	f001 fc0f 	bl	10001ab8 <__wrap_putchar>
1000029a:	f001 fbb3 	bl	10001a04 <stdio_flush>
1000029e:	e7df      	b.n	10000260 <main+0x2c>
100002a0:	69a3      	ldr	r3, [r4, #24]
100002a2:	069b      	lsls	r3, r3, #26
100002a4:	d4fc      	bmi.n	100002a0 <main+0x6c>
100002a6:	6026      	str	r6, [r4, #0]
100002a8:	e7e9      	b.n	1000027e <main+0x4a>
100002aa:	bf00      	nop
100002ac:	40078000 	.word	0x40078000
100002b0:	20001ab4 	.word	0x20001ab4

100002b4 <gpio_set_function>:
100002b4:	b410      	push	{r4}
100002b6:	f44f 7480 	mov.w	r4, #256	@ 0x100
100002ba:	4b0c      	ldr	r3, [pc, #48]	@ (100002ec <gpio_set_function+0x38>)
100002bc:	f853 2020 	ldr.w	r2, [r3, r0, lsl #2]
100002c0:	eb03 0380 	add.w	r3, r3, r0, lsl #2
100002c4:	00c0      	lsls	r0, r0, #3
100002c6:	f082 0240 	eor.w	r2, r2, #64	@ 0x40
100002ca:	f100 4080 	add.w	r0, r0, #1073741824	@ 0x40000000
100002ce:	f503 5c80 	add.w	ip, r3, #4096	@ 0x1000
100002d2:	f002 02c0 	and.w	r2, r2, #192	@ 0xc0
100002d6:	f500 3020 	add.w	r0, r0, #163840	@ 0x28000
100002da:	f503 5340 	add.w	r3, r3, #12288	@ 0x3000
100002de:	f8cc 2000 	str.w	r2, [ip]
100002e2:	6041      	str	r1, [r0, #4]
100002e4:	601c      	str	r4, [r3, #0]
100002e6:	f85d 4b04 	ldr.w	r4, [sp], #4
100002ea:	4770      	bx	lr
100002ec:	40038004 	.word	0x40038004

100002f0 <panic>:
100002f0:	b40f      	push	{r0, r1, r2, r3}
100002f2:	b500      	push	{lr}
100002f4:	b083      	sub	sp, #12
100002f6:	9c04      	ldr	r4, [sp, #16]
100002f8:	4807      	ldr	r0, [pc, #28]	@ (10000318 <panic+0x28>)
100002fa:	f001 fc1f 	bl	10001b3c <__wrap_puts>
100002fe:	b13c      	cbz	r4, 10000310 <panic+0x20>
10000300:	a905      	add	r1, sp, #20
10000302:	4620      	mov	r0, r4
10000304:	9101      	str	r1, [sp, #4]
10000306:	f001 fa67 	bl	100017d8 <weak_raw_vprintf>
1000030a:	4804      	ldr	r0, [pc, #16]	@ (1000031c <panic+0x2c>)
1000030c:	f001 fc16 	bl	10001b3c <__wrap_puts>
10000310:	2001      	movs	r0, #1
10000312:	f001 fa79 	bl	10001808 <_exit>
10000316:	bf00      	nop
10000318:	100044e0 	.word	0x100044e0
1000031c:	100044f0 	.word	0x100044f0

10000320 <hw_claim_or_assert>:
10000320:	b570      	push	{r4, r5, r6, lr}
10000322:	4686      	mov	lr, r0
10000324:	f3ef 8510 	mrs	r5, PRIMASK
10000328:	b672      	cpsid	i
1000032a:	4c12      	ldr	r4, [pc, #72]	@ (10000374 <hw_claim_or_assert+0x54>)
1000032c:	e8d4 6fcf 	ldaexb	r6, [r4]
10000330:	2001      	movs	r0, #1
10000332:	2e00      	cmp	r6, #0
10000334:	d1fa      	bne.n	1000032c <hw_claim_or_assert+0xc>
10000336:	e8c4 0f46 	strexb	r6, r0, [r4]
1000033a:	2e00      	cmp	r6, #0
1000033c:	d1f6      	bne.n	1000032c <hw_claim_or_assert+0xc>
1000033e:	f3bf 8f5f 	dmb	sy
10000342:	f04f 0c01 	mov.w	ip, #1
10000346:	08c8      	lsrs	r0, r1, #3
10000348:	f001 0307 	and.w	r3, r1, #7
1000034c:	fa0c f303 	lsl.w	r3, ip, r3
10000350:	f81e c000 	ldrb.w	ip, [lr, r0]
10000354:	ea1c 0603 	ands.w	r6, ip, r3
10000358:	d108      	bne.n	1000036c <hw_claim_or_assert+0x4c>
1000035a:	ea4c 0c03 	orr.w	ip, ip, r3
1000035e:	f80e c000 	strb.w	ip, [lr, r0]
10000362:	e8c4 6f8f 	stlb	r6, [r4]
10000366:	f385 8810 	msr	PRIMASK, r5
1000036a:	bd70      	pop	{r4, r5, r6, pc}
1000036c:	4610      	mov	r0, r2
1000036e:	f7ff ffbf 	bl	100002f0 <panic>
10000372:	bf00      	nop
10000374:	200011df 	.word	0x200011df

10000378 <hw_claim_unused_from_range>:
10000378:	b5f8      	push	{r3, r4, r5, r6, r7, lr}
1000037a:	f3ef 8710 	mrs	r7, PRIMASK
1000037e:	b672      	cpsid	i
10000380:	4e1c      	ldr	r6, [pc, #112]	@ (100003f4 <hw_claim_unused_from_range+0x7c>)
10000382:	e8d6 5fcf 	ldaexb	r5, [r6]
10000386:	2401      	movs	r4, #1
10000388:	2d00      	cmp	r5, #0
1000038a:	d1fa      	bne.n	10000382 <hw_claim_unused_from_range+0xa>
1000038c:	e8c6 4f45 	strexb	r5, r4, [r6]
10000390:	2d00      	cmp	r5, #0
10000392:	d1f6      	bne.n	10000382 <hw_claim_unused_from_range+0xa>
10000394:	f3bf 8f5f 	dmb	sy
10000398:	429a      	cmp	r2, r3
1000039a:	d81b      	bhi.n	100003d4 <hw_claim_unused_from_range+0x5c>
1000039c:	2501      	movs	r5, #1
1000039e:	e002      	b.n	100003a6 <hw_claim_unused_from_range+0x2e>
100003a0:	3201      	adds	r2, #1
100003a2:	4293      	cmp	r3, r2
100003a4:	d322      	bcc.n	100003ec <hw_claim_unused_from_range+0x74>
100003a6:	08d4      	lsrs	r4, r2, #3
100003a8:	f810 e004 	ldrb.w	lr, [r0, r4]
100003ac:	f002 0c07 	and.w	ip, r2, #7
100003b0:	fa05 fc0c 	lsl.w	ip, r5, ip
100003b4:	ea1e 0f0c 	tst.w	lr, ip
100003b8:	d1f2      	bne.n	100003a0 <hw_claim_unused_from_range+0x28>
100003ba:	ea4e 0e0c 	orr.w	lr, lr, ip
100003be:	f800 e004 	strb.w	lr, [r0, r4]
100003c2:	4610      	mov	r0, r2
100003c4:	2300      	movs	r3, #0
100003c6:	e8c6 3f8f 	stlb	r3, [r6]
100003ca:	f387 8810 	msr	PRIMASK, r7
100003ce:	4298      	cmp	r0, r3
100003d0:	db07      	blt.n	100003e2 <hw_claim_unused_from_range+0x6a>
100003d2:	bdf8      	pop	{r3, r4, r5, r6, r7, pc}
100003d4:	2300      	movs	r3, #0
100003d6:	e8c6 3f8f 	stlb	r3, [r6]
100003da:	f387 8810 	msr	PRIMASK, r7
100003de:	f04f 30ff 	mov.w	r0, #4294967295	@ 0xffffffff
100003e2:	2900      	cmp	r1, #0
100003e4:	d0f5      	beq.n	100003d2 <hw_claim_unused_from_range+0x5a>
100003e6:	9806      	ldr	r0, [sp, #24]
100003e8:	f7ff ff82 	bl	100002f0 <panic>
100003ec:	f04f 30ff 	mov.w	r0, #4294967295	@ 0xffffffff
100003f0:	e7e8      	b.n	100003c4 <hw_claim_unused_from_range+0x4c>
100003f2:	bf00      	nop
100003f4:	200011df 	.word	0x200011df

100003f8 <next_striped_spin_lock_num>:
100003f8:	4a04      	ldr	r2, [pc, #16]	@ (1000040c <next_striped_spin_lock_num+0x14>)
100003fa:	7810      	ldrb	r0, [r2, #0]
100003fc:	1c43      	adds	r3, r0, #1
100003fe:	b2db      	uxtb	r3, r3
10000400:	2b18      	cmp	r3, #24
10000402:	bf28      	it	cs
10000404:	2310      	movcs	r3, #16
10000406:	7013      	strb	r3, [r2, #0]
10000408:	4770      	bx	lr
1000040a:	bf00      	nop
1000040c:	20000e00 	.word	0x20000e00

10000410 <spin_lock_claim_unused>:
10000410:	b510      	push	{r4, lr}
10000412:	4c05      	ldr	r4, [pc, #20]	@ (10000428 <spin_lock_claim_unused+0x18>)
10000414:	b082      	sub	sp, #8
10000416:	4601      	mov	r1, r0
10000418:	231f      	movs	r3, #31
1000041a:	2218      	movs	r2, #24
1000041c:	9400      	str	r4, [sp, #0]
1000041e:	4803      	ldr	r0, [pc, #12]	@ (1000042c <spin_lock_claim_unused+0x1c>)
10000420:	f7ff ffaa 	bl	10000378 <hw_claim_unused_from_range>
10000424:	b002      	add	sp, #8
10000426:	bd10      	pop	{r4, pc}
10000428:	100044f4 	.word	0x100044f4
1000042c:	200015f0 	.word	0x200015f0

10000430 <spinlock_set_extexclall>:
10000430:	f04f 22e0 	mov.w	r2, #3758153728	@ 0xe000e000
10000434:	6893      	ldr	r3, [r2, #8]
10000436:	f043 5300 	orr.w	r3, r3, #536870912	@ 0x20000000
1000043a:	6093      	str	r3, [r2, #8]
1000043c:	4770      	bx	lr
1000043e:	bf00      	nop

10000440 <spin_locks_reset>:
10000440:	2100      	movs	r1, #0
10000442:	4b04      	ldr	r3, [pc, #16]	@ (10000454 <spin_locks_reset+0x14>)
10000444:	f103 0220 	add.w	r2, r3, #32
10000448:	e8c3 1f8f 	stlb	r1, [r3]
1000044c:	3301      	adds	r3, #1
1000044e:	4293      	cmp	r3, r2
10000450:	d1fa      	bne.n	10000448 <spin_locks_reset+0x8>
10000452:	4770      	bx	lr
10000454:	200011d4 	.word	0x200011d4

10000458 <runtime_init_per_core_irq_priorities>:
10000458:	f04f 23e0 	mov.w	r3, #3758153728	@ 0xe000e000
1000045c:	f04f 3280 	mov.w	r2, #2155905152	@ 0x80808080
10000460:	f8c3 2400 	str.w	r2, [r3, #1024]	@ 0x400
10000464:	f8c3 2404 	str.w	r2, [r3, #1028]	@ 0x404
10000468:	f8c3 2408 	str.w	r2, [r3, #1032]	@ 0x408
1000046c:	f8c3 240c 	str.w	r2, [r3, #1036]	@ 0x40c
10000470:	f8c3 2410 	str.w	r2, [r3, #1040]	@ 0x410
10000474:	f8c3 2414 	str.w	r2, [r3, #1044]	@ 0x414
10000478:	f8c3 2418 	str.w	r2, [r3, #1048]	@ 0x418
1000047c:	f8c3 241c 	str.w	r2, [r3, #1052]	@ 0x41c
10000480:	f8c3 2420 	str.w	r2, [r3, #1056]	@ 0x420
10000484:	f8c3 2424 	str.w	r2, [r3, #1060]	@ 0x424
10000488:	f8c3 2428 	str.w	r2, [r3, #1064]	@ 0x428
1000048c:	f8c3 242c 	str.w	r2, [r3, #1068]	@ 0x42c
10000490:	f8c3 2430 	str.w	r2, [r3, #1072]	@ 0x430
10000494:	b662      	cpsie	i
10000496:	4770      	bx	lr

10000498 <irq_set_enabled>:
10000498:	2301      	movs	r3, #1
1000049a:	f000 021f 	and.w	r2, r0, #31
1000049e:	4093      	lsls	r3, r2
100004a0:	0940      	lsrs	r0, r0, #5
100004a2:	b141      	cbz	r1, 100004b6 <irq_set_enabled+0x1e>
100004a4:	0080      	lsls	r0, r0, #2
100004a6:	f100 4060 	add.w	r0, r0, #3758096384	@ 0xe0000000
100004aa:	f500 4061 	add.w	r0, r0, #57600	@ 0xe100
100004ae:	f8c0 3180 	str.w	r3, [r0, #384]	@ 0x180
100004b2:	6003      	str	r3, [r0, #0]
100004b4:	4770      	bx	lr
100004b6:	4a02      	ldr	r2, [pc, #8]	@ (100004c0 <irq_set_enabled+0x28>)
100004b8:	3020      	adds	r0, #32
100004ba:	f842 3020 	str.w	r3, [r2, r0, lsl #2]
100004be:	4770      	bx	lr
100004c0:	e000e100 	.word	0xe000e100

100004c4 <irq_is_enabled>:
100004c4:	2301      	movs	r3, #1
100004c6:	4a06      	ldr	r2, [pc, #24]	@ (100004e0 <irq_is_enabled+0x1c>)
100004c8:	0941      	lsrs	r1, r0, #5
100004ca:	f852 2021 	ldr.w	r2, [r2, r1, lsl #2]
100004ce:	f000 001f 	and.w	r0, r0, #31
100004d2:	fa03 f000 	lsl.w	r0, r3, r0
100004d6:	4010      	ands	r0, r2
100004d8:	3800      	subs	r0, #0
100004da:	bf18      	it	ne
100004dc:	2001      	movne	r0, #1
100004de:	4770      	bx	lr
100004e0:	e000e100 	.word	0xe000e100

100004e4 <irq_set_pending>:
100004e4:	2201      	movs	r2, #1
100004e6:	0943      	lsrs	r3, r0, #5
100004e8:	4903      	ldr	r1, [pc, #12]	@ (100004f8 <irq_set_pending+0x14>)
100004ea:	f000 001f 	and.w	r0, r0, #31
100004ee:	4082      	lsls	r2, r0
100004f0:	3340      	adds	r3, #64	@ 0x40
100004f2:	f841 2023 	str.w	r2, [r1, r3, lsl #2]
100004f6:	4770      	bx	lr
100004f8:	e000e100 	.word	0xe000e100

100004fc <irq_has_shared_handler>:
100004fc:	4a05      	ldr	r2, [pc, #20]	@ (10000514 <irq_has_shared_handler+0x18>)
100004fe:	3010      	adds	r0, #16
10000500:	6892      	ldr	r2, [r2, #8]
10000502:	4b05      	ldr	r3, [pc, #20]	@ (10000518 <irq_has_shared_handler+0x1c>)
10000504:	f852 0020 	ldr.w	r0, [r2, r0, lsl #2]
10000508:	1ac0      	subs	r0, r0, r3
1000050a:	282f      	cmp	r0, #47	@ 0x2f
1000050c:	bf8c      	ite	hi
1000050e:	2000      	movhi	r0, #0
10000510:	2001      	movls	r0, #1
10000512:	4770      	bx	lr
10000514:	e000ed00 	.word	0xe000ed00
10000518:	20000e04 	.word	0x20000e04

1000051c <irq_set_exclusive_handler>:
1000051c:	b5f8      	push	{r3, r4, r5, r6, r7, lr}
1000051e:	460d      	mov	r5, r1
10000520:	f3ef 8710 	mrs	r7, PRIMASK
10000524:	b672      	cpsid	i
10000526:	4e12      	ldr	r6, [pc, #72]	@ (10000570 <irq_set_exclusive_handler+0x54>)
10000528:	e8d6 2fcf 	ldaexb	r2, [r6]
1000052c:	2301      	movs	r3, #1
1000052e:	2a00      	cmp	r2, #0
10000530:	d1fa      	bne.n	10000528 <irq_set_exclusive_handler+0xc>
10000532:	e8c6 3f42 	strexb	r2, r3, [r6]
10000536:	2a00      	cmp	r2, #0
10000538:	d1f6      	bne.n	10000528 <irq_set_exclusive_handler+0xc>
1000053a:	f3bf 8f5f 	dmb	sy
1000053e:	4b0d      	ldr	r3, [pc, #52]	@ (10000574 <irq_set_exclusive_handler+0x58>)
10000540:	f100 0410 	add.w	r4, r0, #16
10000544:	689b      	ldr	r3, [r3, #8]
10000546:	4a0c      	ldr	r2, [pc, #48]	@ (10000578 <irq_set_exclusive_handler+0x5c>)
10000548:	f853 3024 	ldr.w	r3, [r3, r4, lsl #2]
1000054c:	4293      	cmp	r3, r2
1000054e:	d003      	beq.n	10000558 <irq_set_exclusive_handler+0x3c>
10000550:	4299      	cmp	r1, r3
10000552:	d001      	beq.n	10000558 <irq_set_exclusive_handler+0x3c>
10000554:	f001 f828 	bl	100015a8 <hard_assertion_failure>
10000558:	4b06      	ldr	r3, [pc, #24]	@ (10000574 <irq_set_exclusive_handler+0x58>)
1000055a:	689b      	ldr	r3, [r3, #8]
1000055c:	f843 5024 	str.w	r5, [r3, r4, lsl #2]
10000560:	f3bf 8f5f 	dmb	sy
10000564:	2300      	movs	r3, #0
10000566:	e8c6 3f8f 	stlb	r3, [r6]
1000056a:	f387 8810 	msr	PRIMASK, r7
1000056e:	bdf8      	pop	{r3, r4, r5, r6, r7, pc}
10000570:	200011dd 	.word	0x200011dd
10000574:	e000ed00 	.word	0xe000ed00
10000578:	10000111 	.word	0x10000111

1000057c <irq_add_shared_handler>:
1000057c:	e92d 4ff0 	stmdb	sp!, {r4, r5, r6, r7, r8, r9, sl, fp, lr}
10000580:	4681      	mov	r9, r0
10000582:	468b      	mov	fp, r1
10000584:	4616      	mov	r6, r2
10000586:	b083      	sub	sp, #12
10000588:	f3ef 8310 	mrs	r3, PRIMASK
1000058c:	b672      	cpsid	i
1000058e:	f8df a1d0 	ldr.w	sl, [pc, #464]	@ 10000760 <irq_add_shared_handler+0x1e4>
10000592:	9300      	str	r3, [sp, #0]
10000594:	e8da 1fcf 	ldaexb	r1, [sl]
10000598:	2301      	movs	r3, #1
1000059a:	2900      	cmp	r1, #0
1000059c:	d1fa      	bne.n	10000594 <irq_add_shared_handler+0x18>
1000059e:	e8ca 3f41 	strexb	r1, r3, [sl]
100005a2:	2900      	cmp	r1, #0
100005a4:	d1f6      	bne.n	10000594 <irq_add_shared_handler+0x18>
100005a6:	f3bf 8f5f 	dmb	sy
100005aa:	4b66      	ldr	r3, [pc, #408]	@ (10000744 <irq_add_shared_handler+0x1c8>)
100005ac:	f993 4000 	ldrsb.w	r4, [r3]
100005b0:	2c00      	cmp	r4, #0
100005b2:	f2c0 80a0 	blt.w	100006f6 <irq_add_shared_handler+0x17a>
100005b6:	4d64      	ldr	r5, [pc, #400]	@ (10000748 <irq_add_shared_handler+0x1cc>)
100005b8:	eb04 0744 	add.w	r7, r4, r4, lsl #1
100005bc:	eb05 0887 	add.w	r8, r5, r7, lsl #2
100005c0:	f898 1006 	ldrb.w	r1, [r8, #6]
100005c4:	f109 0910 	add.w	r9, r9, #16
100005c8:	7019      	strb	r1, [r3, #0]
100005ca:	4b60      	ldr	r3, [pc, #384]	@ (1000074c <irq_add_shared_handler+0x1d0>)
100005cc:	00bf      	lsls	r7, r7, #2
100005ce:	689b      	ldr	r3, [r3, #8]
100005d0:	f853 0029 	ldr.w	r0, [r3, r9, lsl #2]
100005d4:	0063      	lsls	r3, r4, #1
100005d6:	1b41      	subs	r1, r0, r5
100005d8:	292f      	cmp	r1, #47	@ 0x2f
100005da:	d92f      	bls.n	1000063c <irq_add_shared_handler+0xc0>
100005dc:	495c      	ldr	r1, [pc, #368]	@ (10000750 <irq_add_shared_handler+0x1d4>)
100005de:	4288      	cmp	r0, r1
100005e0:	f040 80a4 	bne.w	1000072c <irq_add_shared_handler+0x1b0>
100005e4:	441c      	add	r4, r3
100005e6:	4b5b      	ldr	r3, [pc, #364]	@ (10000754 <irq_add_shared_handler+0x1d8>)
100005e8:	3702      	adds	r7, #2
100005ea:	442f      	add	r7, r5
100005ec:	3b04      	subs	r3, #4
100005ee:	1bdb      	subs	r3, r3, r7
100005f0:	f3c3 034a 	ubfx	r3, r3, #1, #11
100005f4:	ea6f 43c3 	mvn.w	r3, r3, lsl #19
100005f8:	f44f 4121 	mov.w	r1, #41216	@ 0xa100
100005fc:	ea6f 43d3 	mvn.w	r3, r3, lsr #19
10000600:	f825 1024 	strh.w	r1, [r5, r4, lsl #2]
10000604:	eb05 0484 	add.w	r4, r5, r4, lsl #2
10000608:	8063      	strh	r3, [r4, #2]
1000060a:	f64b 5301 	movw	r3, #48385	@ 0xbd01
1000060e:	80a3      	strh	r3, [r4, #4]
10000610:	23ff      	movs	r3, #255	@ 0xff
10000612:	f048 0001 	orr.w	r0, r8, #1
10000616:	71e6      	strb	r6, [r4, #7]
10000618:	f8c4 b008 	str.w	fp, [r4, #8]
1000061c:	71a3      	strb	r3, [r4, #6]
1000061e:	4b4b      	ldr	r3, [pc, #300]	@ (1000074c <irq_add_shared_handler+0x1d0>)
10000620:	689b      	ldr	r3, [r3, #8]
10000622:	f843 0029 	str.w	r0, [r3, r9, lsl #2]
10000626:	f3bf 8f5f 	dmb	sy
1000062a:	2300      	movs	r3, #0
1000062c:	e8ca 3f8f 	stlb	r3, [sl]
10000630:	9b00      	ldr	r3, [sp, #0]
10000632:	f383 8810 	msr	PRIMASK, r3
10000636:	b003      	add	sp, #12
10000638:	e8bd 8ff0 	ldmia.w	sp!, {r4, r5, r6, r7, r8, r9, sl, fp, pc}
1000063c:	f020 0e01 	bic.w	lr, r0, #1
10000640:	f89e 1007 	ldrb.w	r1, [lr, #7]
10000644:	42b1      	cmp	r1, r6
10000646:	d82e      	bhi.n	100006a6 <irq_add_shared_handler+0x12a>
10000648:	f44f 4321 	mov.w	r3, #41216	@ 0xa100
1000064c:	53eb      	strh	r3, [r5, r7]
1000064e:	4b41      	ldr	r3, [pc, #260]	@ (10000754 <irq_add_shared_handler+0x1d8>)
10000650:	1cb9      	adds	r1, r7, #2
10000652:	4429      	add	r1, r5
10000654:	3b04      	subs	r3, #4
10000656:	3704      	adds	r7, #4
10000658:	1a5b      	subs	r3, r3, r1
1000065a:	442f      	add	r7, r5
1000065c:	f1ae 0104 	sub.w	r1, lr, #4
10000660:	1bc9      	subs	r1, r1, r7
10000662:	f3c1 044a 	ubfx	r4, r1, #1, #11
10000666:	493c      	ldr	r1, [pc, #240]	@ (10000758 <irq_add_shared_handler+0x1dc>)
10000668:	f3c3 034a 	ubfx	r3, r3, #1, #11
1000066c:	430b      	orrs	r3, r1
1000066e:	4321      	orrs	r1, r4
10000670:	f8a8 1004 	strh.w	r1, [r8, #4]
10000674:	4939      	ldr	r1, [pc, #228]	@ (1000075c <irq_add_shared_handler+0x1e0>)
10000676:	f8a8 3002 	strh.w	r3, [r8, #2]
1000067a:	f64a 20aa 	movw	r0, #43690	@ 0xaaaa
1000067e:	4673      	mov	r3, lr
10000680:	1b5b      	subs	r3, r3, r5
10000682:	415b      	adcs	r3, r3
10000684:	4358      	muls	r0, r3
10000686:	0d00      	lsrs	r0, r0, #20
10000688:	f888 6007 	strb.w	r6, [r8, #7]
1000068c:	f888 0006 	strb.w	r0, [r8, #6]
10000690:	f8c8 b008 	str.w	fp, [r8, #8]
10000694:	f048 0001 	orr.w	r0, r8, #1
10000698:	f8ce 1000 	str.w	r1, [lr]
1000069c:	e7bf      	b.n	1000061e <irq_add_shared_handler+0xa2>
1000069e:	79d1      	ldrb	r1, [r2, #7]
100006a0:	42b1      	cmp	r1, r6
100006a2:	d92e      	bls.n	10000702 <irq_add_shared_handler+0x186>
100006a4:	4696      	mov	lr, r2
100006a6:	f99e c006 	ldrsb.w	ip, [lr, #6]
100006aa:	eb0c 024c 	add.w	r2, ip, ip, lsl #1
100006ae:	f1bc 0f00 	cmp.w	ip, #0
100006b2:	eb05 0282 	add.w	r2, r5, r2, lsl #2
100006b6:	daf2      	bge.n	1000069e <irq_add_shared_handler+0x122>
100006b8:	f64b 5101 	movw	r1, #48385	@ 0xbd01
100006bc:	f10e 0204 	add.w	r2, lr, #4
100006c0:	f1a8 0704 	sub.w	r7, r8, #4
100006c4:	1abf      	subs	r7, r7, r2
100006c6:	f3c7 074a 	ubfx	r7, r7, #1, #11
100006ca:	ea6f 47c7 	mvn.w	r7, r7, lsl #19
100006ce:	ea6f 47d7 	mvn.w	r7, r7, lsr #19
100006d2:	f88e 4006 	strb.w	r4, [lr, #6]
100006d6:	eb03 0804 	add.w	r8, r3, r4
100006da:	4c20      	ldr	r4, [pc, #128]	@ (1000075c <irq_add_shared_handler+0x1e0>)
100006dc:	eb05 0388 	add.w	r3, r5, r8, lsl #2
100006e0:	f8ae 7004 	strh.w	r7, [lr, #4]
100006e4:	f845 4028 	str.w	r4, [r5, r8, lsl #2]
100006e8:	8099      	strh	r1, [r3, #4]
100006ea:	f883 c006 	strb.w	ip, [r3, #6]
100006ee:	71de      	strb	r6, [r3, #7]
100006f0:	f8c3 b008 	str.w	fp, [r3, #8]
100006f4:	e793      	b.n	1000061e <irq_add_shared_handler+0xa2>
100006f6:	f000 ff57 	bl	100015a8 <hard_assertion_failure>
100006fa:	4b12      	ldr	r3, [pc, #72]	@ (10000744 <irq_add_shared_handler+0x1c8>)
100006fc:	f993 4000 	ldrsb.w	r4, [r3]
10000700:	e759      	b.n	100005b6 <irq_add_shared_handler+0x3a>
10000702:	4672      	mov	r2, lr
10000704:	f832 1f04 	ldrh.w	r1, [r2, #4]!
10000708:	0549      	lsls	r1, r1, #21
1000070a:	d414      	bmi.n	10000736 <irq_add_shared_handler+0x1ba>
1000070c:	1549      	asrs	r1, r1, #21
1000070e:	3102      	adds	r1, #2
10000710:	eb02 0141 	add.w	r1, r2, r1, lsl #1
10000714:	9101      	str	r1, [sp, #4]
10000716:	f06f 0107 	mvn.w	r1, #7
1000071a:	1bc9      	subs	r1, r1, r7
1000071c:	9f01      	ldr	r7, [sp, #4]
1000071e:	1b49      	subs	r1, r1, r5
10000720:	4439      	add	r1, r7
10000722:	f3c1 014a 	ubfx	r1, r1, #1, #11
10000726:	f441 4160 	orr.w	r1, r1, #57344	@ 0xe000
1000072a:	e7c9      	b.n	100006c0 <irq_add_shared_handler+0x144>
1000072c:	9301      	str	r3, [sp, #4]
1000072e:	f000 ff3b 	bl	100015a8 <hard_assertion_failure>
10000732:	9b01      	ldr	r3, [sp, #4]
10000734:	e756      	b.n	100005e4 <irq_add_shared_handler+0x68>
10000736:	f501 11ff 	add.w	r1, r1, #2088960	@ 0x1fe000
1000073a:	f501 51ff 	add.w	r1, r1, #8160	@ 0x1fe0
1000073e:	311f      	adds	r1, #31
10000740:	e7e4      	b.n	1000070c <irq_add_shared_handler+0x190>
10000742:	bf00      	nop
10000744:	20001acc 	.word	0x20001acc
10000748:	20000e04 	.word	0x20000e04
1000074c:	e000ed00 	.word	0xe000ed00
10000750:	10000111 	.word	0x10000111
10000754:	20000e34 	.word	0x20000e34
10000758:	ffffe000 	.word	0xffffe000
1000075c:	47804801 	.word	0x47804801
10000760:	200011dd 	.word	0x200011dd

10000764 <irq_add_tail_to_free_list>:
10000764:	b5f0      	push	{r4, r5, r6, r7, lr}
10000766:	f3ef 8505 	mrs	r5, IPSR
1000076a:	b2ed      	uxtb	r5, r5
1000076c:	f3ef 8c10 	mrs	ip, PRIMASK
10000770:	b672      	cpsid	i
10000772:	4926      	ldr	r1, [pc, #152]	@ (1000080c <irq_add_tail_to_free_list+0xa8>)
10000774:	e8d1 2fcf 	ldaexb	r2, [r1]
10000778:	2301      	movs	r3, #1
1000077a:	2a00      	cmp	r2, #0
1000077c:	d1fa      	bne.n	10000774 <irq_add_tail_to_free_list+0x10>
1000077e:	e8c1 3f42 	strexb	r2, r3, [r1]
10000782:	2a00      	cmp	r2, #0
10000784:	d1f6      	bne.n	10000774 <irq_add_tail_to_free_list+0x10>
10000786:	f3bf 8f5f 	dmb	sy
1000078a:	4e21      	ldr	r6, [pc, #132]	@ (10000810 <irq_add_tail_to_free_list+0xac>)
1000078c:	f040 0e01 	orr.w	lr, r0, #1
10000790:	68b4      	ldr	r4, [r6, #8]
10000792:	f64a 23aa 	movw	r3, #43690	@ 0xaaaa
10000796:	f854 7025 	ldr.w	r7, [r4, r5, lsl #2]
1000079a:	4a1e      	ldr	r2, [pc, #120]	@ (10000814 <irq_add_tail_to_free_list+0xb0>)
1000079c:	4604      	mov	r4, r0
1000079e:	1aa4      	subs	r4, r4, r2
100007a0:	4164      	adcs	r4, r4
100007a2:	4363      	muls	r3, r4
100007a4:	0d1b      	lsrs	r3, r3, #20
100007a6:	4577      	cmp	r7, lr
100007a8:	b25b      	sxtb	r3, r3
100007aa:	d01b      	beq.n	100007e4 <irq_add_tail_to_free_list+0x80>
100007ac:	f992 4006 	ldrsb.w	r4, [r2, #6]
100007b0:	429c      	cmp	r4, r3
100007b2:	d01c      	beq.n	100007ee <irq_add_tail_to_free_list+0x8a>
100007b4:	f992 4012 	ldrsb.w	r4, [r2, #18]
100007b8:	429c      	cmp	r4, r3
100007ba:	d023      	beq.n	10000804 <irq_add_tail_to_free_list+0xa0>
100007bc:	f992 401e 	ldrsb.w	r4, [r2, #30]
100007c0:	429c      	cmp	r4, r3
100007c2:	d021      	beq.n	10000808 <irq_add_tail_to_free_list+0xa4>
100007c4:	f992 402a 	ldrsb.w	r4, [r2, #42]	@ 0x2a
100007c8:	429c      	cmp	r4, r3
100007ca:	bf08      	it	eq
100007cc:	2403      	moveq	r4, #3
100007ce:	d00f      	beq.n	100007f0 <irq_add_tail_to_free_list+0x8c>
100007d0:	4a11      	ldr	r2, [pc, #68]	@ (10000818 <irq_add_tail_to_free_list+0xb4>)
100007d2:	2400      	movs	r4, #0
100007d4:	7815      	ldrb	r5, [r2, #0]
100007d6:	7013      	strb	r3, [r2, #0]
100007d8:	7185      	strb	r5, [r0, #6]
100007da:	e8c1 4f8f 	stlb	r4, [r1]
100007de:	f38c 8810 	msr	PRIMASK, ip
100007e2:	bdf0      	pop	{r4, r5, r6, r7, pc}
100007e4:	68b2      	ldr	r2, [r6, #8]
100007e6:	4c0d      	ldr	r4, [pc, #52]	@ (1000081c <irq_add_tail_to_free_list+0xb8>)
100007e8:	f842 4025 	str.w	r4, [r2, r5, lsl #2]
100007ec:	e7f0      	b.n	100007d0 <irq_add_tail_to_free_list+0x6c>
100007ee:	2400      	movs	r4, #0
100007f0:	eb04 0444 	add.w	r4, r4, r4, lsl #1
100007f4:	eb02 0284 	add.w	r2, r2, r4, lsl #2
100007f8:	24ff      	movs	r4, #255	@ 0xff
100007fa:	7194      	strb	r4, [r2, #6]
100007fc:	f64b 5401 	movw	r4, #48385	@ 0xbd01
10000800:	8094      	strh	r4, [r2, #4]
10000802:	e7e5      	b.n	100007d0 <irq_add_tail_to_free_list+0x6c>
10000804:	2401      	movs	r4, #1
10000806:	e7f3      	b.n	100007f0 <irq_add_tail_to_free_list+0x8c>
10000808:	2402      	movs	r4, #2
1000080a:	e7f1      	b.n	100007f0 <irq_add_tail_to_free_list+0x8c>
1000080c:	200011dd 	.word	0x200011dd
10000810:	e000ed00 	.word	0xe000ed00
10000814:	20000e04 	.word	0x20000e04
10000818:	20001acc 	.word	0x20001acc
1000081c:	10000111 	.word	0x10000111

10000820 <user_irq_claim_unused>:
10000820:	b510      	push	{r4, lr}
10000822:	4c07      	ldr	r4, [pc, #28]	@ (10000840 <user_irq_claim_unused+0x20>)
10000824:	b082      	sub	sp, #8
10000826:	4601      	mov	r1, r0
10000828:	2305      	movs	r3, #5
1000082a:	2200      	movs	r2, #0
1000082c:	9400      	str	r4, [sp, #0]
1000082e:	4805      	ldr	r0, [pc, #20]	@ (10000844 <user_irq_claim_unused+0x24>)
10000830:	f7ff fda2 	bl	10000378 <hw_claim_unused_from_range>
10000834:	2800      	cmp	r0, #0
10000836:	bfa8      	it	ge
10000838:	f1c0 0033 	rsbge	r0, r0, #51	@ 0x33
1000083c:	b002      	add	sp, #8
1000083e:	bd10      	pop	{r4, pc}
10000840:	10004510 	.word	0x10004510
10000844:	20001ad0 	.word	0x20001ad0

10000848 <lock_init>:
10000848:	4b01      	ldr	r3, [pc, #4]	@ (10000850 <lock_init+0x8>)
1000084a:	440b      	add	r3, r1
1000084c:	6003      	str	r3, [r0, #0]
1000084e:	4770      	bx	lr
10000850:	200011d4 	.word	0x200011d4

10000854 <runtime_init_mutex>:
10000854:	b570      	push	{r4, r5, r6, lr}
10000856:	4c10      	ldr	r4, [pc, #64]	@ (10000898 <runtime_init_mutex+0x44>)
10000858:	4d10      	ldr	r5, [pc, #64]	@ (1000089c <runtime_init_mutex+0x48>)
1000085a:	42ac      	cmp	r4, r5
1000085c:	d20e      	bcs.n	1000087c <runtime_init_mutex+0x28>
1000085e:	26ff      	movs	r6, #255	@ 0xff
10000860:	6823      	ldr	r3, [r4, #0]
10000862:	b163      	cbz	r3, 1000087e <runtime_init_mutex+0x2a>
10000864:	f7ff fdc8 	bl	100003f8 <next_striped_spin_lock_num>
10000868:	4601      	mov	r1, r0
1000086a:	4620      	mov	r0, r4
1000086c:	f7ff ffec 	bl	10000848 <lock_init>
10000870:	80a6      	strh	r6, [r4, #4]
10000872:	f3bf 8f5f 	dmb	sy
10000876:	3408      	adds	r4, #8
10000878:	42ac      	cmp	r4, r5
1000087a:	d3f1      	bcc.n	10000860 <runtime_init_mutex+0xc>
1000087c:	bd70      	pop	{r4, r5, r6, pc}
1000087e:	f7ff fdbb 	bl	100003f8 <next_striped_spin_lock_num>
10000882:	4601      	mov	r1, r0
10000884:	4620      	mov	r0, r4
10000886:	f7ff ffdf 	bl	10000848 <lock_init>
1000088a:	7126      	strb	r6, [r4, #4]
1000088c:	f3bf 8f5f 	dmb	sy
10000890:	3408      	adds	r4, #8
10000892:	42ac      	cmp	r4, r5
10000894:	d3e4      	bcc.n	10000860 <runtime_init_mutex+0xc>
10000896:	bd70      	pop	{r4, r5, r6, pc}
10000898:	20000e9c 	.word	0x20000e9c
1000089c:	20000ea4 	.word	0x20000ea4

100008a0 <mutex_init>:
100008a0:	b510      	push	{r4, lr}
100008a2:	4604      	mov	r4, r0
100008a4:	f7ff fda8 	bl	100003f8 <next_striped_spin_lock_num>
100008a8:	4601      	mov	r1, r0
100008aa:	4620      	mov	r0, r4
100008ac:	f7ff ffcc 	bl	10000848 <lock_init>
100008b0:	23ff      	movs	r3, #255	@ 0xff
100008b2:	7123      	strb	r3, [r4, #4]
100008b4:	f3bf 8f5f 	dmb	sy
100008b8:	bd10      	pop	{r4, pc}
100008ba:	bf00      	nop

100008bc <critical_section_init>:
100008bc:	b510      	push	{r4, lr}
100008be:	4604      	mov	r4, r0
100008c0:	2001      	movs	r0, #1
100008c2:	f7ff fda5 	bl	10000410 <spin_lock_claim_unused>
100008c6:	4b03      	ldr	r3, [pc, #12]	@ (100008d4 <critical_section_init+0x18>)
100008c8:	4403      	add	r3, r0
100008ca:	6023      	str	r3, [r4, #0]
100008cc:	f3bf 8f5f 	dmb	sy
100008d0:	bd10      	pop	{r4, pc}
100008d2:	bf00      	nop
100008d4:	200011d4 	.word	0x200011d4

100008d8 <critical_section_init_with_lock_num>:
100008d8:	4b02      	ldr	r3, [pc, #8]	@ (100008e4 <critical_section_init_with_lock_num+0xc>)
100008da:	440b      	add	r3, r1
100008dc:	6003      	str	r3, [r0, #0]
100008de:	f3bf 8f5f 	dmb	sy
100008e2:	4770      	bx	lr
100008e4:	200011d4 	.word	0x200011d4

100008e8 <sleep_until_callback>:
100008e8:	4b0d      	ldr	r3, [pc, #52]	@ (10000920 <sleep_until_callback+0x38>)
100008ea:	681a      	ldr	r2, [r3, #0]
100008ec:	f3ef 8110 	mrs	r1, PRIMASK
100008f0:	b672      	cpsid	i
100008f2:	e8d2 cfcf 	ldaexb	ip, [r2]
100008f6:	2001      	movs	r0, #1
100008f8:	f1bc 0f00 	cmp.w	ip, #0
100008fc:	d1f9      	bne.n	100008f2 <sleep_until_callback+0xa>
100008fe:	e8c2 0f4c 	strexb	ip, r0, [r2]
10000902:	f1bc 0f00 	cmp.w	ip, #0
10000906:	d1f4      	bne.n	100008f2 <sleep_until_callback+0xa>
10000908:	f3bf 8f5f 	dmb	sy
1000090c:	2200      	movs	r2, #0
1000090e:	681b      	ldr	r3, [r3, #0]
10000910:	e8c3 2f8f 	stlb	r2, [r3]
10000914:	f381 8810 	msr	PRIMASK, r1
10000918:	bf40      	sev
1000091a:	2000      	movs	r0, #0
1000091c:	2100      	movs	r1, #0
1000091e:	4770      	bx	lr
10000920:	20001aa8 	.word	0x20001aa8
10000924:	00000000 	.word	0x00000000

10000928 <alarm_pool_irq_handler>:
10000928:	e92d 4ff0 	stmdb	sp!, {r4, r5, r6, r7, r8, r9, sl, fp, lr}
1000092c:	ed2d 8b02 	vpush	{d8}
10000930:	b085      	sub	sp, #20
10000932:	f3ef 8305 	mrs	r3, IPSR
10000936:	b2db      	uxtb	r3, r3
10000938:	3b10      	subs	r3, #16
1000093a:	089a      	lsrs	r2, r3, #2
1000093c:	bf18      	it	ne
1000093e:	2201      	movne	r2, #1
10000940:	f04f 0101 	mov.w	r1, #1
10000944:	f003 0b03 	and.w	fp, r3, #3
10000948:	bf18      	it	ne
1000094a:	4daf      	ldrne	r5, [pc, #700]	@ (10000c08 <alarm_pool_irq_handler+0x2e0>)
1000094c:	4baf      	ldr	r3, [pc, #700]	@ (10000c0c <alarm_pool_irq_handler+0x2e4>)
1000094e:	bf08      	it	eq
10000950:	4daf      	ldreq	r5, [pc, #700]	@ (10000c10 <alarm_pool_irq_handler+0x2e8>)
10000952:	eb0b 0282 	add.w	r2, fp, r2, lsl #2
10000956:	f853 6022 	ldr.w	r6, [r3, r2, lsl #2]
1000095a:	fa01 f20b 	lsl.w	r2, r1, fp
1000095e:	f505 5341 	add.w	r3, r5, #12352	@ 0x3040
10000962:	ed9f 8ba7 	vldr	d8, [pc, #668]	@ 10000c00 <alarm_pool_irq_handler+0x2d8>
10000966:	9201      	str	r2, [sp, #4]
10000968:	605a      	str	r2, [r3, #4]
1000096a:	e02f      	b.n	100009cc <alarm_pool_irq_handler+0xa4>
1000096c:	88b3      	ldrh	r3, [r6, #4]
1000096e:	041c      	lsls	r4, r3, #16
10000970:	f140 8093 	bpl.w	10000a9a <alarm_pool_irq_handler+0x172>
10000974:	79b3      	ldrb	r3, [r6, #6]
10000976:	2b00      	cmp	r3, #0
10000978:	f040 80dd 	bne.w	10000b36 <alarm_pool_irq_handler+0x20e>
1000097c:	f9b6 2008 	ldrsh.w	r2, [r6, #8]
10000980:	2a00      	cmp	r2, #0
10000982:	f2c0 811e 	blt.w	10000bc2 <alarm_pool_irq_handler+0x29a>
10000986:	6973      	ldr	r3, [r6, #20]
10000988:	eb02 0242 	add.w	r2, r2, r2, lsl #1
1000098c:	eb03 03c2 	add.w	r3, r3, r2, lsl #3
10000990:	e9d3 4702 	ldrd	r4, r7, [r3, #8]
10000994:	f1b7 3fff 	cmp.w	r7, #4294967295	@ 0xffffffff
10000998:	bf08      	it	eq
1000099a:	f1b4 3fff 	cmpeq.w	r4, #4294967295	@ 0xffffffff
1000099e:	d00e      	beq.n	100009be <alarm_pool_irq_handler+0x96>
100009a0:	eb05 018b 	add.w	r1, r5, fp, lsl #2
100009a4:	6aab      	ldr	r3, [r5, #40]	@ 0x28
100009a6:	690a      	ldr	r2, [r1, #16]
100009a8:	1ad2      	subs	r2, r2, r3
100009aa:	1ae3      	subs	r3, r4, r3
100009ac:	4293      	cmp	r3, r2
100009ae:	d305      	bcc.n	100009bc <alarm_pool_irq_handler+0x94>
100009b0:	2301      	movs	r3, #1
100009b2:	6a2a      	ldr	r2, [r5, #32]
100009b4:	fa03 f30b 	lsl.w	r3, r3, fp
100009b8:	4213      	tst	r3, r2
100009ba:	d100      	bne.n	100009be <alarm_pool_irq_handler+0x96>
100009bc:	610c      	str	r4, [r1, #16]
100009be:	4628      	mov	r0, r5
100009c0:	f000 fbac 	bl	1000111c <timer_time_us_64>
100009c4:	42a0      	cmp	r0, r4
100009c6:	41b9      	sbcs	r1, r7
100009c8:	f2c0 80fb 	blt.w	10000bc2 <alarm_pool_irq_handler+0x29a>
100009cc:	f9b6 3008 	ldrsh.w	r3, [r6, #8]
100009d0:	9a01      	ldr	r2, [sp, #4]
100009d2:	2b00      	cmp	r3, #0
100009d4:	9300      	str	r3, [sp, #0]
100009d6:	63ea      	str	r2, [r5, #60]	@ 0x3c
100009d8:	dbc8      	blt.n	1000096c <alarm_pool_irq_handler+0x44>
100009da:	f8d6 8014 	ldr.w	r8, [r6, #20]
100009de:	eb03 0943 	add.w	r9, r3, r3, lsl #1
100009e2:	4628      	mov	r0, r5
100009e4:	eb08 07c9 	add.w	r7, r8, r9, lsl #3
100009e8:	e9d7 4a02 	ldrd	r4, sl, [r7, #8]
100009ec:	f000 fb96 	bl	1000111c <timer_time_us_64>
100009f0:	42a0      	cmp	r0, r4
100009f2:	eb71 010a 	sbcs.w	r1, r1, sl
100009f6:	dbb9      	blt.n	1000096c <alarm_pool_irq_handler+0x44>
100009f8:	f1ba 0f00 	cmp.w	sl, #0
100009fc:	f2c0 80c3 	blt.w	10000b86 <alarm_pool_irq_handler+0x25e>
10000a00:	e9d7 3104 	ldrd	r3, r1, [r7, #16]
10000a04:	4a83      	ldr	r2, [pc, #524]	@ (10000c14 <alarm_pool_irq_handler+0x2ec>)
10000a06:	4293      	cmp	r3, r2
10000a08:	f000 80ed 	beq.w	10000be6 <alarm_pool_irq_handler+0x2be>
10000a0c:	887a      	ldrh	r2, [r7, #2]
10000a0e:	f9b6 0008 	ldrsh.w	r0, [r6, #8]
10000a12:	b292      	uxth	r2, r2
10000a14:	ea42 4000 	orr.w	r0, r2, r0, lsl #16
10000a18:	4798      	blx	r3
10000a1a:	4602      	mov	r2, r0
10000a1c:	460b      	mov	r3, r1
10000a1e:	ea52 0103 	orrs.w	r1, r2, r3
10000a22:	f000 80b0 	beq.w	10000b86 <alarm_pool_irq_handler+0x25e>
10000a26:	2b00      	cmp	r3, #0
10000a28:	f280 80d1 	bge.w	10000bce <alarm_pool_irq_handler+0x2a6>
10000a2c:	ebb4 0e02 	subs.w	lr, r4, r2
10000a30:	eb6a 0a03 	sbc.w	sl, sl, r3
10000a34:	f938 3039 	ldrsh.w	r3, [r8, r9, lsl #3]
10000a38:	e9c7 ea02 	strd	lr, sl, [r7, #8]
10000a3c:	2b00      	cmp	r3, #0
10000a3e:	db95      	blt.n	1000096c <alarm_pool_irq_handler+0x44>
10000a40:	6971      	ldr	r1, [r6, #20]
10000a42:	eb03 0243 	add.w	r2, r3, r3, lsl #1
10000a46:	eb01 02c2 	add.w	r2, r1, r2, lsl #3
10000a4a:	e9d2 7002 	ldrd	r7, r0, [r2, #8]
10000a4e:	45be      	cmp	lr, r7
10000a50:	eb7a 0c00 	sbcs.w	ip, sl, r0
10000a54:	ea4f 0243 	mov.w	r2, r3, lsl #1
10000a58:	db88      	blt.n	1000096c <alarm_pool_irq_handler+0x44>
10000a5a:	46b4      	mov	ip, r6
10000a5c:	f82c 3f08 	strh.w	r3, [ip, #8]!
10000a60:	e006      	b.n	10000a70 <alarm_pool_irq_handler+0x148>
10000a62:	eb03 0043 	add.w	r0, r3, r3, lsl #1
10000a66:	eb01 00c0 	add.w	r0, r1, r0, lsl #3
10000a6a:	005a      	lsls	r2, r3, #1
10000a6c:	e9d0 7002 	ldrd	r7, r0, [r0, #8]
10000a70:	45be      	cmp	lr, r7
10000a72:	441a      	add	r2, r3
10000a74:	eb7a 0000 	sbcs.w	r0, sl, r0
10000a78:	eb01 04c2 	add.w	r4, r1, r2, lsl #3
10000a7c:	db04      	blt.n	10000a88 <alarm_pool_irq_handler+0x160>
10000a7e:	f931 3032 	ldrsh.w	r3, [r1, r2, lsl #3]
10000a82:	46a4      	mov	ip, r4
10000a84:	2b00      	cmp	r3, #0
10000a86:	daec      	bge.n	10000a62 <alarm_pool_irq_handler+0x13a>
10000a88:	f828 3039 	strh.w	r3, [r8, r9, lsl #3]
10000a8c:	9b00      	ldr	r3, [sp, #0]
10000a8e:	f8ac 3000 	strh.w	r3, [ip]
10000a92:	88b3      	ldrh	r3, [r6, #4]
10000a94:	041c      	lsls	r4, r3, #16
10000a96:	f53f af6d 	bmi.w	10000974 <alarm_pool_irq_handler+0x4c>
10000a9a:	6933      	ldr	r3, [r6, #16]
10000a9c:	f3ef 8210 	mrs	r2, PRIMASK
10000aa0:	b672      	cpsid	i
10000aa2:	e8d3 0fcf 	ldaexb	r0, [r3]
10000aa6:	2101      	movs	r1, #1
10000aa8:	2800      	cmp	r0, #0
10000aaa:	d1fa      	bne.n	10000aa2 <alarm_pool_irq_handler+0x17a>
10000aac:	e8c3 1f40 	strexb	r0, r1, [r3]
10000ab0:	2800      	cmp	r0, #0
10000ab2:	d1f6      	bne.n	10000aa2 <alarm_pool_irq_handler+0x17a>
10000ab4:	f3bf 8f5f 	dmb	sy
10000ab8:	f64f 74ff 	movw	r4, #65535	@ 0xffff
10000abc:	88b0      	ldrh	r0, [r6, #4]
10000abe:	2300      	movs	r3, #0
10000ac0:	6931      	ldr	r1, [r6, #16]
10000ac2:	b200      	sxth	r0, r0
10000ac4:	80b4      	strh	r4, [r6, #4]
10000ac6:	e8c1 3f8f 	stlb	r3, [r1]
10000aca:	f382 8810 	msr	PRIMASK, r2
10000ace:	4298      	cmp	r0, r3
10000ad0:	f6ff af50 	blt.w	10000974 <alarm_pool_irq_handler+0x4c>
10000ad4:	4607      	mov	r7, r0
10000ad6:	46a9      	mov	r9, r5
10000ad8:	6974      	ldr	r4, [r6, #20]
10000ada:	f106 0808 	add.w	r8, r6, #8
10000ade:	eb07 0e47 	add.w	lr, r7, r7, lsl #1
10000ae2:	eb04 03ce 	add.w	r3, r4, lr, lsl #3
10000ae6:	e9d3 5002 	ldrd	r5, r0, [r3, #8]
10000aea:	f9b6 3008 	ldrsh.w	r3, [r6, #8]
10000aee:	46c4      	mov	ip, r8
10000af0:	2b00      	cmp	r3, #0
10000af2:	db13      	blt.n	10000b1c <alarm_pool_irq_handler+0x1f4>
10000af4:	46b2      	mov	sl, r6
10000af6:	9700      	str	r7, [sp, #0]
10000af8:	e004      	b.n	10000b04 <alarm_pool_irq_handler+0x1dc>
10000afa:	f934 3036 	ldrsh.w	r3, [r4, r6, lsl #3]
10000afe:	4694      	mov	ip, r2
10000b00:	2b00      	cmp	r3, #0
10000b02:	db09      	blt.n	10000b18 <alarm_pool_irq_handler+0x1f0>
10000b04:	eb03 0643 	add.w	r6, r3, r3, lsl #1
10000b08:	eb04 02c6 	add.w	r2, r4, r6, lsl #3
10000b0c:	e9d2 7102 	ldrd	r7, r1, [r2, #8]
10000b10:	42bd      	cmp	r5, r7
10000b12:	eb70 0101 	sbcs.w	r1, r0, r1
10000b16:	daf0      	bge.n	10000afa <alarm_pool_irq_handler+0x1d2>
10000b18:	4656      	mov	r6, sl
10000b1a:	9f00      	ldr	r7, [sp, #0]
10000b1c:	f8ac 7000 	strh.w	r7, [ip]
10000b20:	f934 703e 	ldrsh.w	r7, [r4, lr, lsl #3]
10000b24:	f824 303e 	strh.w	r3, [r4, lr, lsl #3]
10000b28:	2f00      	cmp	r7, #0
10000b2a:	dad8      	bge.n	10000ade <alarm_pool_irq_handler+0x1b6>
10000b2c:	79b3      	ldrb	r3, [r6, #6]
10000b2e:	464d      	mov	r5, r9
10000b30:	2b00      	cmp	r3, #0
10000b32:	f43f af23 	beq.w	1000097c <alarm_pool_irq_handler+0x54>
10000b36:	2300      	movs	r3, #0
10000b38:	71b3      	strb	r3, [r6, #6]
10000b3a:	f9b6 3008 	ldrsh.w	r3, [r6, #8]
10000b3e:	f106 0808 	add.w	r8, r6, #8
10000b42:	1c58      	adds	r0, r3, #1
10000b44:	d03d      	beq.n	10000bc2 <alarm_pool_irq_handler+0x29a>
10000b46:	461a      	mov	r2, r3
10000b48:	6977      	ldr	r7, [r6, #20]
10000b4a:	e003      	b.n	10000b54 <alarm_pool_irq_handler+0x22c>
10000b4c:	4680      	mov	r8, r0
10000b4e:	1c59      	adds	r1, r3, #1
10000b50:	f43f af16 	beq.w	10000980 <alarm_pool_irq_handler+0x58>
10000b54:	eb03 0143 	add.w	r1, r3, r3, lsl #1
10000b58:	eb07 00c1 	add.w	r0, r7, r1, lsl #3
10000b5c:	f8b0 c002 	ldrh.w	ip, [r0, #2]
10000b60:	461c      	mov	r4, r3
10000b62:	f41c 4f00 	tst.w	ip, #32768	@ 0x8000
10000b66:	469e      	mov	lr, r3
10000b68:	f937 3031 	ldrsh.w	r3, [r7, r1, lsl #3]
10000b6c:	d0ee      	beq.n	10000b4c <alarm_pool_irq_handler+0x224>
10000b6e:	4294      	cmp	r4, r2
10000b70:	ed80 8b02 	vstr	d8, [r0, #8]
10000b74:	d005      	beq.n	10000b82 <alarm_pool_irq_handler+0x25a>
10000b76:	f8a8 3000 	strh.w	r3, [r8]
10000b7a:	8932      	ldrh	r2, [r6, #8]
10000b7c:	f827 2031 	strh.w	r2, [r7, r1, lsl #3]
10000b80:	8134      	strh	r4, [r6, #8]
10000b82:	4672      	mov	r2, lr
10000b84:	e7e3      	b.n	10000b4e <alarm_pool_irq_handler+0x226>
10000b86:	f838 3039 	ldrh.w	r3, [r8, r9, lsl #3]
10000b8a:	8133      	strh	r3, [r6, #8]
10000b8c:	6933      	ldr	r3, [r6, #16]
10000b8e:	f3ef 8210 	mrs	r2, PRIMASK
10000b92:	b672      	cpsid	i
10000b94:	e8d3 0fcf 	ldaexb	r0, [r3]
10000b98:	2101      	movs	r1, #1
10000b9a:	2800      	cmp	r0, #0
10000b9c:	d1fa      	bne.n	10000b94 <alarm_pool_irq_handler+0x26c>
10000b9e:	e8c3 1f40 	strexb	r0, r1, [r3]
10000ba2:	2800      	cmp	r0, #0
10000ba4:	d1f6      	bne.n	10000b94 <alarm_pool_irq_handler+0x26c>
10000ba6:	f3bf 8f5f 	dmb	sy
10000baa:	8873      	ldrh	r3, [r6, #2]
10000bac:	6931      	ldr	r1, [r6, #16]
10000bae:	f828 3039 	strh.w	r3, [r8, r9, lsl #3]
10000bb2:	9b00      	ldr	r3, [sp, #0]
10000bb4:	8073      	strh	r3, [r6, #2]
10000bb6:	2300      	movs	r3, #0
10000bb8:	e8c1 3f8f 	stlb	r3, [r1]
10000bbc:	f382 8810 	msr	PRIMASK, r2
10000bc0:	e6d4      	b.n	1000096c <alarm_pool_irq_handler+0x44>
10000bc2:	bf40      	sev
10000bc4:	b005      	add	sp, #20
10000bc6:	ecbd 8b02 	vpop	{d8}
10000bca:	e8bd 8ff0 	ldmia.w	sp!, {r4, r5, r6, r7, r8, r9, sl, fp, pc}
10000bce:	4628      	mov	r0, r5
10000bd0:	e9cd 2302 	strd	r2, r3, [sp, #8]
10000bd4:	f000 faa2 	bl	1000111c <timer_time_us_64>
10000bd8:	9a02      	ldr	r2, [sp, #8]
10000bda:	9b03      	ldr	r3, [sp, #12]
10000bdc:	eb10 0e02 	adds.w	lr, r0, r2
10000be0:	eb43 0a01 	adc.w	sl, r3, r1
10000be4:	e726      	b.n	10000a34 <alarm_pool_irq_handler+0x10c>
10000be6:	4608      	mov	r0, r1
10000be8:	690b      	ldr	r3, [r1, #16]
10000bea:	9102      	str	r1, [sp, #8]
10000bec:	4798      	blx	r3
10000bee:	2800      	cmp	r0, #0
10000bf0:	d0c9      	beq.n	10000b86 <alarm_pool_irq_handler+0x25e>
10000bf2:	9902      	ldr	r1, [sp, #8]
10000bf4:	e9d1 2300 	ldrd	r2, r3, [r1]
10000bf8:	e711      	b.n	10000a1e <alarm_pool_irq_handler+0xf6>
10000bfa:	bf00      	nop
10000bfc:	f3af 8000 	nop.w
10000c00:	ffffffff 	.word	0xffffffff
10000c04:	ffffffff 	.word	0xffffffff
10000c08:	400b8000 	.word	0x400b8000
10000c0c:	20001a80 	.word	0x20001a80
10000c10:	400b0000 	.word	0x400b0000
10000c14:	10000929 	.word	0x10000929

10000c18 <runtime_init_default_alarm_pool>:
10000c18:	e92d 4ff8 	stmdb	sp!, {r3, r4, r5, r6, r7, r8, r9, sl, fp, lr}
10000c1c:	4c36      	ldr	r4, [pc, #216]	@ (10000cf8 <runtime_init_default_alarm_pool+0xe0>)
10000c1e:	6925      	ldr	r5, [r4, #16]
10000c20:	b12d      	cbz	r5, 10000c2e <runtime_init_default_alarm_pool+0x16>
10000c22:	e8bd 4ff8 	ldmia.w	sp!, {r3, r4, r5, r6, r7, r8, r9, sl, fp, lr}
10000c26:	210a      	movs	r1, #10
10000c28:	4834      	ldr	r0, [pc, #208]	@ (10000cfc <runtime_init_default_alarm_pool+0xe4>)
10000c2a:	f7ff be0d 	b.w	10000848 <lock_init>
10000c2e:	f8df 80e4 	ldr.w	r8, [pc, #228]	@ 10000d14 <runtime_init_default_alarm_pool+0xfc>
10000c32:	2103      	movs	r1, #3
10000c34:	4640      	mov	r0, r8
10000c36:	f000 fa5f 	bl	100010f8 <timer_hardware_alarm_claim>
10000c3a:	2603      	movs	r6, #3
10000c3c:	f8c4 800c 	str.w	r8, [r4, #12]
10000c40:	f7ff fbda 	bl	100003f8 <next_striped_spin_lock_num>
10000c44:	f04f 4c50 	mov.w	ip, #3489660928	@ 0xd0000000
10000c48:	4b2d      	ldr	r3, [pc, #180]	@ (10000d00 <runtime_init_default_alarm_pool+0xe8>)
10000c4a:	7026      	strb	r6, [r4, #0]
10000c4c:	4403      	add	r3, r0
10000c4e:	6123      	str	r3, [r4, #16]
10000c50:	f8dc 3000 	ldr.w	r3, [ip]
10000c54:	210f      	movs	r1, #15
10000c56:	7063      	strb	r3, [r4, #1]
10000c58:	6963      	ldr	r3, [r4, #20]
10000c5a:	8061      	strh	r1, [r4, #2]
10000c5c:	831d      	strh	r5, [r3, #24]
10000c5e:	f04f 0504 	mov.w	r5, #4
10000c62:	f8a3 5078 	strh.w	r5, [r3, #120]	@ 0x78
10000c66:	f04f 0505 	mov.w	r5, #5
10000c6a:	f8a3 5090 	strh.w	r5, [r3, #144]	@ 0x90
10000c6e:	f04f 0506 	mov.w	r5, #6
10000c72:	f8a3 50a8 	strh.w	r5, [r3, #168]	@ 0xa8
10000c76:	f04f 0507 	mov.w	r5, #7
10000c7a:	210e      	movs	r1, #14
10000c7c:	f64f 72ff 	movw	r2, #65535	@ 0xffff
10000c80:	2708      	movs	r7, #8
10000c82:	f04f 0e0a 	mov.w	lr, #10
10000c86:	f8a3 50c0 	strh.w	r5, [r3, #192]	@ 0xc0
10000c8a:	f04f 0901 	mov.w	r9, #1
10000c8e:	f04f 0c0c 	mov.w	ip, #12
10000c92:	f04f 0b02 	mov.w	fp, #2
10000c96:	f04f 0a09 	mov.w	sl, #9
10000c9a:	200d      	movs	r0, #13
10000c9c:	f04f 050b 	mov.w	r5, #11
10000ca0:	f8a3 1168 	strh.w	r1, [r3, #360]	@ 0x168
10000ca4:	4917      	ldr	r1, [pc, #92]	@ (10000d04 <runtime_init_default_alarm_pool+0xec>)
10000ca6:	80a2      	strh	r2, [r4, #4]
10000ca8:	f8a3 e108 	strh.w	lr, [r3, #264]	@ 0x108
10000cac:	60a1      	str	r1, [r4, #8]
10000cae:	f8a3 b048 	strh.w	fp, [r3, #72]	@ 0x48
10000cb2:	f8a3 a0f0 	strh.w	sl, [r3, #240]	@ 0xf0
10000cb6:	f8a3 5120 	strh.w	r5, [r3, #288]	@ 0x120
10000cba:	f8a3 c138 	strh.w	ip, [r3, #312]	@ 0x138
10000cbe:	f8a3 0150 	strh.w	r0, [r3, #336]	@ 0x150
10000cc2:	f8a3 9030 	strh.w	r9, [r3, #48]	@ 0x30
10000cc6:	f8a3 6060 	strh.w	r6, [r3, #96]	@ 0x60
10000cca:	f8a3 70d8 	strh.w	r7, [r3, #216]	@ 0xd8
10000cce:	801a      	strh	r2, [r3, #0]
10000cd0:	4b0d      	ldr	r3, [pc, #52]	@ (10000d08 <runtime_init_default_alarm_pool+0xf0>)
10000cd2:	4630      	mov	r0, r6
10000cd4:	f8c8 7020 	str.w	r7, [r8, #32]
10000cd8:	490c      	ldr	r1, [pc, #48]	@ (10000d0c <runtime_init_default_alarm_pool+0xf4>)
10000cda:	60dc      	str	r4, [r3, #12]
10000cdc:	f7ff fc1e 	bl	1000051c <irq_set_exclusive_handler>
10000ce0:	4649      	mov	r1, r9
10000ce2:	4630      	mov	r0, r6
10000ce4:	f7ff fbd8 	bl	10000498 <irq_set_enabled>
10000ce8:	4b09      	ldr	r3, [pc, #36]	@ (10000d10 <runtime_init_default_alarm_pool+0xf8>)
10000cea:	210a      	movs	r1, #10
10000cec:	641f      	str	r7, [r3, #64]	@ 0x40
10000cee:	4803      	ldr	r0, [pc, #12]	@ (10000cfc <runtime_init_default_alarm_pool+0xe4>)
10000cf0:	e8bd 4ff8 	ldmia.w	sp!, {r3, r4, r5, r6, r7, r8, r9, sl, fp, lr}
10000cf4:	f7ff bda8 	b.w	10000848 <lock_init>
10000cf8:	20000e4c 	.word	0x20000e4c
10000cfc:	20001aa8 	.word	0x20001aa8
10000d00:	200011d4 	.word	0x200011d4
10000d04:	0010ffff 	.word	0x0010ffff
10000d08:	20001a80 	.word	0x20001a80
10000d0c:	10000929 	.word	0x10000929
10000d10:	400b2000 	.word	0x400b2000
10000d14:	400b0000 	.word	0x400b0000

10000d18 <alarm_pool_get_default>:
10000d18:	4800      	ldr	r0, [pc, #0]	@ (10000d1c <alarm_pool_get_default+0x4>)
10000d1a:	4770      	bx	lr
10000d1c:	20000e4c 	.word	0x20000e4c

10000d20 <alarm_pool_add_alarm_at>:
10000d20:	b5f8      	push	{r3, r4, r5, r6, r7, lr}
10000d22:	f89d 5020 	ldrb.w	r5, [sp, #32]
10000d26:	4604      	mov	r4, r0
10000d28:	4617      	mov	r7, r2
10000d2a:	461e      	mov	r6, r3
10000d2c:	b935      	cbnz	r5, 10000d3c <alarm_pool_add_alarm_at+0x1c>
10000d2e:	f000 f9fd 	bl	1000112c <time_us_64>
10000d32:	4287      	cmp	r7, r0
10000d34:	eb66 0101 	sbc.w	r1, r6, r1
10000d38:	2900      	cmp	r1, #0
10000d3a:	db5c      	blt.n	10000df6 <alarm_pool_add_alarm_at+0xd6>
10000d3c:	6921      	ldr	r1, [r4, #16]
10000d3e:	f3ef 8310 	mrs	r3, PRIMASK
10000d42:	b672      	cpsid	i
10000d44:	e8d1 0fcf 	ldaexb	r0, [r1]
10000d48:	2201      	movs	r2, #1
10000d4a:	2800      	cmp	r0, #0
10000d4c:	d1fa      	bne.n	10000d44 <alarm_pool_add_alarm_at+0x24>
10000d4e:	e8c1 2f40 	strexb	r0, r2, [r1]
10000d52:	2800      	cmp	r0, #0
10000d54:	d1f6      	bne.n	10000d44 <alarm_pool_add_alarm_at+0x24>
10000d56:	f3bf 8f5f 	dmb	sy
10000d5a:	f9b4 2002 	ldrsh.w	r2, [r4, #2]
10000d5e:	6965      	ldr	r5, [r4, #20]
10000d60:	eb02 0142 	add.w	r1, r2, r2, lsl #1
10000d64:	2a00      	cmp	r2, #0
10000d66:	ea4f 0cc1 	mov.w	ip, r1, lsl #3
10000d6a:	6920      	ldr	r0, [r4, #16]
10000d6c:	eb05 01c1 	add.w	r1, r5, r1, lsl #3
10000d70:	db39      	blt.n	10000de6 <alarm_pool_add_alarm_at+0xc6>
10000d72:	f835 e00c 	ldrh.w	lr, [r5, ip]
10000d76:	f8a4 e002 	strh.w	lr, [r4, #2]
10000d7a:	f04f 0e00 	mov.w	lr, #0
10000d7e:	e8c0 ef8f 	stlb	lr, [r0]
10000d82:	f383 8810 	msr	PRIMASK, r3
10000d86:	8848      	ldrh	r0, [r1, #2]
10000d88:	9b06      	ldr	r3, [sp, #24]
10000d8a:	3001      	adds	r0, #1
10000d8c:	f3c0 000e 	ubfx	r0, r0, #0, #15
10000d90:	2801      	cmp	r0, #1
10000d92:	bf38      	it	cc
10000d94:	2001      	movcc	r0, #1
10000d96:	610b      	str	r3, [r1, #16]
10000d98:	9b07      	ldr	r3, [sp, #28]
10000d9a:	8048      	strh	r0, [r1, #2]
10000d9c:	614b      	str	r3, [r1, #20]
10000d9e:	e9c1 7602 	strd	r7, r6, [r1, #8]
10000da2:	ea40 4002 	orr.w	r0, r0, r2, lsl #16
10000da6:	6923      	ldr	r3, [r4, #16]
10000da8:	f3ef 8110 	mrs	r1, PRIMASK
10000dac:	b672      	cpsid	i
10000dae:	e8d3 7fcf 	ldaexb	r7, [r3]
10000db2:	2601      	movs	r6, #1
10000db4:	2f00      	cmp	r7, #0
10000db6:	d1fa      	bne.n	10000dae <alarm_pool_add_alarm_at+0x8e>
10000db8:	e8c3 6f47 	strexb	r7, r6, [r3]
10000dbc:	2f00      	cmp	r7, #0
10000dbe:	d1f6      	bne.n	10000dae <alarm_pool_add_alarm_at+0x8e>
10000dc0:	f3bf 8f5f 	dmb	sy
10000dc4:	88a3      	ldrh	r3, [r4, #4]
10000dc6:	f825 300c 	strh.w	r3, [r5, ip]
10000dca:	80a2      	strh	r2, [r4, #4]
10000dcc:	6923      	ldr	r3, [r4, #16]
10000dce:	e8c3 ef8f 	stlb	lr, [r3]
10000dd2:	f381 8810 	msr	PRIMASK, r1
10000dd6:	2201      	movs	r2, #1
10000dd8:	68e3      	ldr	r3, [r4, #12]
10000dda:	7821      	ldrb	r1, [r4, #0]
10000ddc:	f503 5301 	add.w	r3, r3, #8256	@ 0x2040
10000de0:	408a      	lsls	r2, r1
10000de2:	605a      	str	r2, [r3, #4]
10000de4:	bdf8      	pop	{r3, r4, r5, r6, r7, pc}
10000de6:	2200      	movs	r2, #0
10000de8:	e8c0 2f8f 	stlb	r2, [r0]
10000dec:	f383 8810 	msr	PRIMASK, r3
10000df0:	f04f 30ff 	mov.w	r0, #4294967295	@ 0xffffffff
10000df4:	bdf8      	pop	{r3, r4, r5, r6, r7, pc}
10000df6:	4628      	mov	r0, r5
10000df8:	bdf8      	pop	{r3, r4, r5, r6, r7, pc}
10000dfa:	bf00      	nop

10000dfc <alarm_pool_add_alarm_at_force_in_context>:
10000dfc:	4601      	mov	r1, r0
10000dfe:	b5f0      	push	{r4, r5, r6, r7, lr}
10000e00:	6900      	ldr	r0, [r0, #16]
10000e02:	f3ef 8710 	mrs	r7, PRIMASK
10000e06:	b672      	cpsid	i
10000e08:	e8d0 5fcf 	ldaexb	r5, [r0]
10000e0c:	2401      	movs	r4, #1
10000e0e:	2d00      	cmp	r5, #0
10000e10:	d1fa      	bne.n	10000e08 <alarm_pool_add_alarm_at_force_in_context+0xc>
10000e12:	e8c0 4f45 	strexb	r5, r4, [r0]
10000e16:	2d00      	cmp	r5, #0
10000e18:	d1f6      	bne.n	10000e08 <alarm_pool_add_alarm_at_force_in_context+0xc>
10000e1a:	f3bf 8f5f 	dmb	sy
10000e1e:	f9b1 e002 	ldrsh.w	lr, [r1, #2]
10000e22:	694c      	ldr	r4, [r1, #20]
10000e24:	eb0e 0c4e 	add.w	ip, lr, lr, lsl #1
10000e28:	f1be 0f00 	cmp.w	lr, #0
10000e2c:	ea4f 05cc 	mov.w	r5, ip, lsl #3
10000e30:	6908      	ldr	r0, [r1, #16]
10000e32:	eb04 0ccc 	add.w	ip, r4, ip, lsl #3
10000e36:	db3c      	blt.n	10000eb2 <alarm_pool_add_alarm_at_force_in_context+0xb6>
10000e38:	5b66      	ldrh	r6, [r4, r5]
10000e3a:	804e      	strh	r6, [r1, #2]
10000e3c:	2600      	movs	r6, #0
10000e3e:	e8c0 6f8f 	stlb	r6, [r0]
10000e42:	f387 8810 	msr	PRIMASK, r7
10000e46:	f8bc 0002 	ldrh.w	r0, [ip, #2]
10000e4a:	e9cc 2302 	strd	r2, r3, [ip, #8]
10000e4e:	3001      	adds	r0, #1
10000e50:	f3c0 000e 	ubfx	r0, r0, #0, #15
10000e54:	2801      	cmp	r0, #1
10000e56:	bf38      	it	cc
10000e58:	2001      	movcc	r0, #1
10000e5a:	9b05      	ldr	r3, [sp, #20]
10000e5c:	f8ac 0002 	strh.w	r0, [ip, #2]
10000e60:	f8cc 3010 	str.w	r3, [ip, #16]
10000e64:	9b06      	ldr	r3, [sp, #24]
10000e66:	ea40 400e 	orr.w	r0, r0, lr, lsl #16
10000e6a:	f8cc 3014 	str.w	r3, [ip, #20]
10000e6e:	690b      	ldr	r3, [r1, #16]
10000e70:	f3ef 8210 	mrs	r2, PRIMASK
10000e74:	b672      	cpsid	i
10000e76:	e8d3 cfcf 	ldaexb	ip, [r3]
10000e7a:	2701      	movs	r7, #1
10000e7c:	f1bc 0f00 	cmp.w	ip, #0
10000e80:	d1f9      	bne.n	10000e76 <alarm_pool_add_alarm_at_force_in_context+0x7a>
10000e82:	e8c3 7f4c 	strexb	ip, r7, [r3]
10000e86:	f1bc 0f00 	cmp.w	ip, #0
10000e8a:	d1f4      	bne.n	10000e76 <alarm_pool_add_alarm_at_force_in_context+0x7a>
10000e8c:	f3bf 8f5f 	dmb	sy
10000e90:	888b      	ldrh	r3, [r1, #4]
10000e92:	5363      	strh	r3, [r4, r5]
10000e94:	f8a1 e004 	strh.w	lr, [r1, #4]
10000e98:	690b      	ldr	r3, [r1, #16]
10000e9a:	e8c3 6f8f 	stlb	r6, [r3]
10000e9e:	f382 8810 	msr	PRIMASK, r2
10000ea2:	2201      	movs	r2, #1
10000ea4:	68cb      	ldr	r3, [r1, #12]
10000ea6:	7809      	ldrb	r1, [r1, #0]
10000ea8:	f503 5301 	add.w	r3, r3, #8256	@ 0x2040
10000eac:	408a      	lsls	r2, r1
10000eae:	605a      	str	r2, [r3, #4]
10000eb0:	bdf0      	pop	{r4, r5, r6, r7, pc}
10000eb2:	2300      	movs	r3, #0
10000eb4:	e8c0 3f8f 	stlb	r3, [r0]
10000eb8:	f387 8810 	msr	PRIMASK, r7
10000ebc:	f04f 30ff 	mov.w	r0, #4294967295	@ 0xffffffff
10000ec0:	bdf0      	pop	{r4, r5, r6, r7, pc}
10000ec2:	bf00      	nop

10000ec4 <alarm_pool_cancel_alarm>:
10000ec4:	4603      	mov	r3, r0
10000ec6:	8940      	ldrh	r0, [r0, #10]
10000ec8:	ebb0 4f21 	cmp.w	r0, r1, asr #16
10000ecc:	dd37      	ble.n	10000f3e <alarm_pool_cancel_alarm+0x7a>
10000ece:	6958      	ldr	r0, [r3, #20]
10000ed0:	140a      	asrs	r2, r1, #16
10000ed2:	eb02 0242 	add.w	r2, r2, r2, lsl #1
10000ed6:	b510      	push	{r4, lr}
10000ed8:	eb00 00c2 	add.w	r0, r0, r2, lsl #3
10000edc:	691c      	ldr	r4, [r3, #16]
10000ede:	f3ef 8c10 	mrs	ip, PRIMASK
10000ee2:	b672      	cpsid	i
10000ee4:	e8d4 efcf 	ldaexb	lr, [r4]
10000ee8:	2201      	movs	r2, #1
10000eea:	f1be 0f00 	cmp.w	lr, #0
10000eee:	d1f9      	bne.n	10000ee4 <alarm_pool_cancel_alarm+0x20>
10000ef0:	e8c4 2f4e 	strexb	lr, r2, [r4]
10000ef4:	f1be 0f00 	cmp.w	lr, #0
10000ef8:	d1f4      	bne.n	10000ee4 <alarm_pool_cancel_alarm+0x20>
10000efa:	f3bf 8f5f 	dmb	sy
10000efe:	8842      	ldrh	r2, [r0, #2]
10000f00:	b289      	uxth	r1, r1
10000f02:	b292      	uxth	r2, r2
10000f04:	428a      	cmp	r2, r1
10000f06:	d007      	beq.n	10000f18 <alarm_pool_cancel_alarm+0x54>
10000f08:	2200      	movs	r2, #0
10000f0a:	691b      	ldr	r3, [r3, #16]
10000f0c:	e8c3 2f8f 	stlb	r2, [r3]
10000f10:	f38c 8810 	msr	PRIMASK, ip
10000f14:	2000      	movs	r0, #0
10000f16:	bd10      	pop	{r4, pc}
10000f18:	f442 4200 	orr.w	r2, r2, #32768	@ 0x8000
10000f1c:	8042      	strh	r2, [r0, #2]
10000f1e:	2101      	movs	r1, #1
10000f20:	2200      	movs	r2, #0
10000f22:	6918      	ldr	r0, [r3, #16]
10000f24:	7199      	strb	r1, [r3, #6]
10000f26:	e8c0 2f8f 	stlb	r2, [r0]
10000f2a:	f38c 8810 	msr	PRIMASK, ip
10000f2e:	781c      	ldrb	r4, [r3, #0]
10000f30:	68da      	ldr	r2, [r3, #12]
10000f32:	4608      	mov	r0, r1
10000f34:	f502 5301 	add.w	r3, r2, #8256	@ 0x2040
10000f38:	40a1      	lsls	r1, r4
10000f3a:	6059      	str	r1, [r3, #4]
10000f3c:	bd10      	pop	{r4, pc}
10000f3e:	2000      	movs	r0, #0
10000f40:	4770      	bx	lr
10000f42:	bf00      	nop

10000f44 <alarm_pool_core_num>:
10000f44:	7840      	ldrb	r0, [r0, #1]
10000f46:	4770      	bx	lr

10000f48 <sleep_ms>:
10000f48:	e92d 41f0 	stmdb	sp!, {r4, r5, r6, r7, r8, lr}
10000f4c:	b082      	sub	sp, #8
10000f4e:	4606      	mov	r6, r0
10000f50:	f000 f8ec 	bl	1000112c <time_us_64>
10000f54:	f44f 737a 	mov.w	r3, #1000	@ 0x3e8
10000f58:	4604      	mov	r4, r0
10000f5a:	f04f 30ff 	mov.w	r0, #4294967295	@ 0xffffffff
10000f5e:	f06f 4200 	mvn.w	r2, #2147483648	@ 0x80000000
10000f62:	fbe6 4103 	umlal	r4, r1, r6, r3
10000f66:	42a0      	cmp	r0, r4
10000f68:	eb72 0301 	sbcs.w	r3, r2, r1
10000f6c:	bf3a      	itte	cc
10000f6e:	4604      	movcc	r4, r0
10000f70:	4615      	movcc	r5, r2
10000f72:	460d      	movcs	r5, r1
10000f74:	1fa6      	subs	r6, r4, #6
10000f76:	f145 37ff 	adc.w	r7, r5, #4294967295	@ 0xffffffff
10000f7a:	42b4      	cmp	r4, r6
10000f7c:	eb75 0307 	sbcs.w	r3, r5, r7
10000f80:	bf3c      	itt	cc
10000f82:	2600      	movcc	r6, #0
10000f84:	4637      	movcc	r7, r6
10000f86:	f000 f8d1 	bl	1000112c <time_us_64>
10000f8a:	1a30      	subs	r0, r6, r0
10000f8c:	eb67 0101 	sbc.w	r1, r7, r1
10000f90:	2801      	cmp	r0, #1
10000f92:	f171 0100 	sbcs.w	r1, r1, #0
10000f96:	da06      	bge.n	10000fa6 <sleep_ms+0x5e>
10000f98:	4620      	mov	r0, r4
10000f9a:	4629      	mov	r1, r5
10000f9c:	b002      	add	sp, #8
10000f9e:	e8bd 41f0 	ldmia.w	sp!, {r4, r5, r6, r7, r8, lr}
10000fa2:	f000 b8fb 	b.w	1000119c <busy_wait_until>
10000fa6:	f000 f8c1 	bl	1000112c <time_us_64>
10000faa:	4286      	cmp	r6, r0
10000fac:	eb67 0101 	sbc.w	r1, r7, r1
10000fb0:	2900      	cmp	r1, #0
10000fb2:	db0a      	blt.n	10000fca <sleep_ms+0x82>
10000fb4:	2100      	movs	r1, #0
10000fb6:	4b17      	ldr	r3, [pc, #92]	@ (10001014 <sleep_ms+0xcc>)
10000fb8:	4632      	mov	r2, r6
10000fba:	9300      	str	r3, [sp, #0]
10000fbc:	4816      	ldr	r0, [pc, #88]	@ (10001018 <sleep_ms+0xd0>)
10000fbe:	463b      	mov	r3, r7
10000fc0:	9101      	str	r1, [sp, #4]
10000fc2:	f7ff ff1b 	bl	10000dfc <alarm_pool_add_alarm_at_force_in_context>
10000fc6:	3001      	adds	r0, #1
10000fc8:	d0e6      	beq.n	10000f98 <sleep_ms+0x50>
10000fca:	f04f 0c00 	mov.w	ip, #0
10000fce:	4a13      	ldr	r2, [pc, #76]	@ (1000101c <sleep_ms+0xd4>)
10000fd0:	4913      	ldr	r1, [pc, #76]	@ (10001020 <sleep_ms+0xd8>)
10000fd2:	6a53      	ldr	r3, [r2, #36]	@ 0x24
10000fd4:	429f      	cmp	r7, r3
10000fd6:	d804      	bhi.n	10000fe2 <sleep_ms+0x9a>
10000fd8:	6a90      	ldr	r0, [r2, #40]	@ 0x28
10000fda:	42b0      	cmp	r0, r6
10000fdc:	d2dc      	bcs.n	10000f98 <sleep_ms+0x50>
10000fde:	429f      	cmp	r7, r3
10000fe0:	d1da      	bne.n	10000f98 <sleep_ms+0x50>
10000fe2:	680b      	ldr	r3, [r1, #0]
10000fe4:	f3ef 8010 	mrs	r0, PRIMASK
10000fe8:	b672      	cpsid	i
10000fea:	e8d3 8fcf 	ldaexb	r8, [r3]
10000fee:	f05f 0e01 	movs.w	lr, #1
10000ff2:	f1b8 0f00 	cmp.w	r8, #0
10000ff6:	d1f8      	bne.n	10000fea <sleep_ms+0xa2>
10000ff8:	e8c3 ef48 	strexb	r8, lr, [r3]
10000ffc:	f1b8 0f00 	cmp.w	r8, #0
10001000:	d1f3      	bne.n	10000fea <sleep_ms+0xa2>
10001002:	f3bf 8f5f 	dmb	sy
10001006:	680b      	ldr	r3, [r1, #0]
10001008:	e8c3 cf8f 	stlb	ip, [r3]
1000100c:	f380 8810 	msr	PRIMASK, r0
10001010:	bf20      	wfe
10001012:	e7de      	b.n	10000fd2 <sleep_ms+0x8a>
10001014:	100008e9 	.word	0x100008e9
10001018:	20000e4c 	.word	0x20000e4c
1000101c:	400b0000 	.word	0x400b0000
10001020:	20001aa8 	.word	0x20001aa8

10001024 <best_effort_wfe_or_timeout>:
10001024:	e92d 43f0 	stmdb	sp!, {r4, r5, r6, r7, r8, r9, lr}
10001028:	4606      	mov	r6, r0
1000102a:	460d      	mov	r5, r1
1000102c:	b083      	sub	sp, #12
1000102e:	f3ef 8405 	mrs	r4, IPSR
10001032:	b2e4      	uxtb	r4, r4
10001034:	b13c      	cbz	r4, 10001046 <best_effort_wfe_or_timeout+0x22>
10001036:	4b2d      	ldr	r3, [pc, #180]	@ (100010ec <best_effort_wfe_or_timeout+0xc8>)
10001038:	6a5a      	ldr	r2, [r3, #36]	@ 0x24
1000103a:	42aa      	cmp	r2, r5
1000103c:	d21c      	bcs.n	10001078 <best_effort_wfe_or_timeout+0x54>
1000103e:	2000      	movs	r0, #0
10001040:	b003      	add	sp, #12
10001042:	e8bd 83f0 	ldmia.w	sp!, {r4, r5, r6, r7, r8, r9, pc}
10001046:	4f2a      	ldr	r7, [pc, #168]	@ (100010f0 <best_effort_wfe_or_timeout+0xcc>)
10001048:	f8d7 900c 	ldr.w	r9, [r7, #12]
1000104c:	f897 8000 	ldrb.w	r8, [r7]
10001050:	4648      	mov	r0, r9
10001052:	f000 f863 	bl	1000111c <timer_time_us_64>
10001056:	f108 0804 	add.w	r8, r8, #4
1000105a:	f859 3028 	ldr.w	r3, [r9, r8, lsl #2]
1000105e:	1a1b      	subs	r3, r3, r0
10001060:	1a30      	subs	r0, r6, r0
10001062:	eb65 0101 	sbc.w	r1, r5, r1
10001066:	4298      	cmp	r0, r3
10001068:	f171 0100 	sbcs.w	r1, r1, #0
1000106c:	db10      	blt.n	10001090 <best_effort_wfe_or_timeout+0x6c>
1000106e:	bf20      	wfe
10001070:	4b1e      	ldr	r3, [pc, #120]	@ (100010ec <best_effort_wfe_or_timeout+0xc8>)
10001072:	6a5a      	ldr	r2, [r3, #36]	@ 0x24
10001074:	42aa      	cmp	r2, r5
10001076:	d3e2      	bcc.n	1000103e <best_effort_wfe_or_timeout+0x1a>
10001078:	bf14      	ite	ne
1000107a:	2401      	movne	r4, #1
1000107c:	2400      	moveq	r4, #0
1000107e:	6a9b      	ldr	r3, [r3, #40]	@ 0x28
10001080:	42b3      	cmp	r3, r6
10001082:	bf34      	ite	cc
10001084:	4620      	movcc	r0, r4
10001086:	f044 0001 	orrcs.w	r0, r4, #1
1000108a:	b003      	add	sp, #12
1000108c:	e8bd 83f0 	ldmia.w	sp!, {r4, r5, r6, r7, r8, r9, pc}
10001090:	f000 f84c 	bl	1000112c <time_us_64>
10001094:	4286      	cmp	r6, r0
10001096:	eb65 0101 	sbc.w	r1, r5, r1
1000109a:	2900      	cmp	r1, #0
1000109c:	db14      	blt.n	100010c8 <best_effort_wfe_or_timeout+0xa4>
1000109e:	4b15      	ldr	r3, [pc, #84]	@ (100010f4 <best_effort_wfe_or_timeout+0xd0>)
100010a0:	4638      	mov	r0, r7
100010a2:	e9cd 3400 	strd	r3, r4, [sp]
100010a6:	4632      	mov	r2, r6
100010a8:	462b      	mov	r3, r5
100010aa:	f7ff fea7 	bl	10000dfc <alarm_pool_add_alarm_at_force_in_context>
100010ae:	1e01      	subs	r1, r0, #0
100010b0:	dd0a      	ble.n	100010c8 <best_effort_wfe_or_timeout+0xa4>
100010b2:	4b0e      	ldr	r3, [pc, #56]	@ (100010ec <best_effort_wfe_or_timeout+0xc8>)
100010b4:	6a5a      	ldr	r2, [r3, #36]	@ 0x24
100010b6:	42aa      	cmp	r2, r5
100010b8:	d316      	bcc.n	100010e8 <best_effort_wfe_or_timeout+0xc4>
100010ba:	6a9b      	ldr	r3, [r3, #40]	@ 0x28
100010bc:	42b3      	cmp	r3, r6
100010be:	d311      	bcc.n	100010e4 <best_effort_wfe_or_timeout+0xc0>
100010c0:	480b      	ldr	r0, [pc, #44]	@ (100010f0 <best_effort_wfe_or_timeout+0xcc>)
100010c2:	f7ff feff 	bl	10000ec4 <alarm_pool_cancel_alarm>
100010c6:	e7b6      	b.n	10001036 <best_effort_wfe_or_timeout+0x12>
100010c8:	4b08      	ldr	r3, [pc, #32]	@ (100010ec <best_effort_wfe_or_timeout+0xc8>)
100010ca:	6a5c      	ldr	r4, [r3, #36]	@ 0x24
100010cc:	42ac      	cmp	r4, r5
100010ce:	d3b6      	bcc.n	1000103e <best_effort_wfe_or_timeout+0x1a>
100010d0:	1b64      	subs	r4, r4, r5
100010d2:	bf18      	it	ne
100010d4:	2401      	movne	r4, #1
100010d6:	6a9b      	ldr	r3, [r3, #40]	@ 0x28
100010d8:	42b3      	cmp	r3, r6
100010da:	bf34      	ite	cc
100010dc:	4620      	movcc	r0, r4
100010de:	f044 0001 	orrcs.w	r0, r4, #1
100010e2:	e7ad      	b.n	10001040 <best_effort_wfe_or_timeout+0x1c>
100010e4:	42aa      	cmp	r2, r5
100010e6:	d1eb      	bne.n	100010c0 <best_effort_wfe_or_timeout+0x9c>
100010e8:	bf20      	wfe
100010ea:	e7e9      	b.n	100010c0 <best_effort_wfe_or_timeout+0x9c>
100010ec:	400b0000 	.word	0x400b0000
100010f0:	20000e4c 	.word	0x20000e4c
100010f4:	100008e9 	.word	0x100008e9

100010f8 <timer_hardware_alarm_claim>:
100010f8:	b410      	push	{r4}
100010fa:	4b05      	ldr	r3, [pc, #20]	@ (10001110 <timer_hardware_alarm_claim+0x18>)
100010fc:	4c05      	ldr	r4, [pc, #20]	@ (10001114 <timer_hardware_alarm_claim+0x1c>)
100010fe:	4a06      	ldr	r2, [pc, #24]	@ (10001118 <timer_hardware_alarm_claim+0x20>)
10001100:	42a0      	cmp	r0, r4
10001102:	bf14      	ite	ne
10001104:	4618      	movne	r0, r3
10001106:	1c58      	addeq	r0, r3, #1
10001108:	f85d 4b04 	ldr.w	r4, [sp], #4
1000110c:	f7ff b908 	b.w	10000320 <hw_claim_or_assert>
10001110:	200015f4 	.word	0x200015f4
10001114:	400b8000 	.word	0x400b8000
10001118:	1000452c 	.word	0x1000452c

1000111c <timer_time_us_64>:
1000111c:	4603      	mov	r3, r0
1000111e:	6a41      	ldr	r1, [r0, #36]	@ 0x24
10001120:	460a      	mov	r2, r1
10001122:	6a98      	ldr	r0, [r3, #40]	@ 0x28
10001124:	6a59      	ldr	r1, [r3, #36]	@ 0x24
10001126:	428a      	cmp	r2, r1
10001128:	d1fa      	bne.n	10001120 <timer_time_us_64+0x4>
1000112a:	4770      	bx	lr

1000112c <time_us_64>:
1000112c:	4b03      	ldr	r3, [pc, #12]	@ (1000113c <time_us_64+0x10>)
1000112e:	6a59      	ldr	r1, [r3, #36]	@ 0x24
10001130:	460a      	mov	r2, r1
10001132:	6a98      	ldr	r0, [r3, #40]	@ 0x28
10001134:	6a59      	ldr	r1, [r3, #36]	@ 0x24
10001136:	4291      	cmp	r1, r2
10001138:	d1fa      	bne.n	10001130 <time_us_64+0x4>
1000113a:	4770      	bx	lr
1000113c:	400b0000 	.word	0x400b0000

10001140 <busy_wait_us>:
10001140:	b430      	push	{r4, r5}
10001142:	4a15      	ldr	r2, [pc, #84]	@ (10001198 <busy_wait_us+0x58>)
10001144:	6a53      	ldr	r3, [r2, #36]	@ 0x24
10001146:	469c      	mov	ip, r3
10001148:	6a94      	ldr	r4, [r2, #40]	@ 0x28
1000114a:	6a53      	ldr	r3, [r2, #36]	@ 0x24
1000114c:	4563      	cmp	r3, ip
1000114e:	d1fa      	bne.n	10001146 <busy_wait_us+0x6>
10001150:	1902      	adds	r2, r0, r4
10001152:	4159      	adcs	r1, r3
10001154:	f04f 0500 	mov.w	r5, #0
10001158:	bf28      	it	cs
1000115a:	2501      	movcs	r5, #1
1000115c:	4b0e      	ldr	r3, [pc, #56]	@ (10001198 <busy_wait_us+0x58>)
1000115e:	6a5b      	ldr	r3, [r3, #36]	@ 0x24
10001160:	b1b5      	cbz	r5, 10001190 <busy_wait_us+0x50>
10001162:	1c5a      	adds	r2, r3, #1
10001164:	bf08      	it	eq
10001166:	461a      	moveq	r2, r3
10001168:	d008      	beq.n	1000117c <busy_wait_us+0x3c>
1000116a:	f04f 31ff 	mov.w	r1, #4294967295	@ 0xffffffff
1000116e:	460a      	mov	r2, r1
10001170:	4809      	ldr	r0, [pc, #36]	@ (10001198 <busy_wait_us+0x58>)
10001172:	6a43      	ldr	r3, [r0, #36]	@ 0x24
10001174:	428b      	cmp	r3, r1
10001176:	d3fc      	bcc.n	10001172 <busy_wait_us+0x32>
10001178:	428b      	cmp	r3, r1
1000117a:	d107      	bne.n	1000118c <busy_wait_us+0x4c>
1000117c:	4906      	ldr	r1, [pc, #24]	@ (10001198 <busy_wait_us+0x58>)
1000117e:	e002      	b.n	10001186 <busy_wait_us+0x46>
10001180:	6a48      	ldr	r0, [r1, #36]	@ 0x24
10001182:	4298      	cmp	r0, r3
10001184:	d102      	bne.n	1000118c <busy_wait_us+0x4c>
10001186:	6a88      	ldr	r0, [r1, #40]	@ 0x28
10001188:	4290      	cmp	r0, r2
1000118a:	d3f9      	bcc.n	10001180 <busy_wait_us+0x40>
1000118c:	bc30      	pop	{r4, r5}
1000118e:	4770      	bx	lr
10001190:	4299      	cmp	r1, r3
10001192:	d8ed      	bhi.n	10001170 <busy_wait_us+0x30>
10001194:	e7f0      	b.n	10001178 <busy_wait_us+0x38>
10001196:	bf00      	nop
10001198:	400b0000 	.word	0x400b0000

1000119c <busy_wait_until>:
1000119c:	4a07      	ldr	r2, [pc, #28]	@ (100011bc <busy_wait_until+0x20>)
1000119e:	6a53      	ldr	r3, [r2, #36]	@ 0x24
100011a0:	4299      	cmp	r1, r3
100011a2:	d8fc      	bhi.n	1000119e <busy_wait_until+0x2>
100011a4:	4299      	cmp	r1, r3
100011a6:	d107      	bne.n	100011b8 <busy_wait_until+0x1c>
100011a8:	4b04      	ldr	r3, [pc, #16]	@ (100011bc <busy_wait_until+0x20>)
100011aa:	e002      	b.n	100011b2 <busy_wait_until+0x16>
100011ac:	6a5a      	ldr	r2, [r3, #36]	@ 0x24
100011ae:	4291      	cmp	r1, r2
100011b0:	d102      	bne.n	100011b8 <busy_wait_until+0x1c>
100011b2:	6a9a      	ldr	r2, [r3, #40]	@ 0x28
100011b4:	4290      	cmp	r0, r2
100011b6:	d8f9      	bhi.n	100011ac <busy_wait_until+0x10>
100011b8:	4770      	bx	lr
100011ba:	bf00      	nop
100011bc:	400b0000 	.word	0x400b0000

100011c0 <uart_init>:
100011c0:	b5f8      	push	{r3, r4, r5, r6, r7, lr}
100011c2:	4605      	mov	r5, r0
100011c4:	2006      	movs	r0, #6
100011c6:	460e      	mov	r6, r1
100011c8:	f000 f8e4 	bl	10001394 <clock_get_hz>
100011cc:	2800      	cmp	r0, #0
100011ce:	d042      	beq.n	10001256 <uart_init+0x96>
100011d0:	4a35      	ldr	r2, [pc, #212]	@ (100012a8 <uart_init+0xe8>)
100011d2:	4836      	ldr	r0, [pc, #216]	@ (100012ac <uart_init+0xec>)
100011d4:	4295      	cmp	r5, r2
100011d6:	bf14      	ite	ne
100011d8:	f04f 6280 	movne.w	r2, #67108864	@ 0x4000000
100011dc:	f04f 6200 	moveq.w	r2, #134217728	@ 0x8000000
100011e0:	4b33      	ldr	r3, [pc, #204]	@ (100012b0 <uart_init+0xf0>)
100011e2:	4934      	ldr	r1, [pc, #208]	@ (100012b4 <uart_init+0xf4>)
100011e4:	6002      	str	r2, [r0, #0]
100011e6:	601a      	str	r2, [r3, #0]
100011e8:	688c      	ldr	r4, [r1, #8]
100011ea:	ea32 0404 	bics.w	r4, r2, r4
100011ee:	d1fb      	bne.n	100011e8 <uart_init+0x28>
100011f0:	4b2d      	ldr	r3, [pc, #180]	@ (100012a8 <uart_init+0xe8>)
100011f2:	f44f 7180 	mov.w	r1, #256	@ 0x100
100011f6:	1aeb      	subs	r3, r5, r3
100011f8:	fab3 f383 	clz	r3, r3
100011fc:	4a2e      	ldr	r2, [pc, #184]	@ (100012b8 <uart_init+0xf8>)
100011fe:	095b      	lsrs	r3, r3, #5
10001200:	2006      	movs	r0, #6
10001202:	f822 1013 	strh.w	r1, [r2, r3, lsl #1]
10001206:	f000 f8c5 	bl	10001394 <clock_get_hz>
1000120a:	00c3      	lsls	r3, r0, #3
1000120c:	fbb3 f3f6 	udiv	r3, r3, r6
10001210:	3301      	adds	r3, #1
10001212:	09da      	lsrs	r2, r3, #7
10001214:	d120      	bne.n	10001258 <uart_init+0x98>
10001216:	2640      	movs	r6, #64	@ 0x40
10001218:	2101      	movs	r1, #1
1000121a:	6269      	str	r1, [r5, #36]	@ 0x24
1000121c:	62aa      	str	r2, [r5, #40]	@ 0x28
1000121e:	6b2f      	ldr	r7, [r5, #48]	@ 0x30
10001220:	07fb      	lsls	r3, r7, #31
10001222:	d422      	bmi.n	1000126a <uart_init+0xaa>
10001224:	462b      	mov	r3, r5
10001226:	2200      	movs	r2, #0
10001228:	f853 1f2c 	ldr.w	r1, [r3, #44]!
1000122c:	2006      	movs	r0, #6
1000122e:	f503 5480 	add.w	r4, r3, #4096	@ 0x1000
10001232:	6022      	str	r2, [r4, #0]
10001234:	632f      	str	r7, [r5, #48]	@ 0x30
10001236:	f000 f8ad 	bl	10001394 <clock_get_hz>
1000123a:	f240 3101 	movw	r1, #769	@ 0x301
1000123e:	2203      	movs	r2, #3
10001240:	0080      	lsls	r0, r0, #2
10001242:	fbb0 f0f6 	udiv	r0, r0, r6
10001246:	6aeb      	ldr	r3, [r5, #44]	@ 0x2c
10001248:	f083 0370 	eor.w	r3, r3, #112	@ 0x70
1000124c:	f003 037e 	and.w	r3, r3, #126	@ 0x7e
10001250:	6023      	str	r3, [r4, #0]
10001252:	6329      	str	r1, [r5, #48]	@ 0x30
10001254:	64aa      	str	r2, [r5, #72]	@ 0x48
10001256:	bdf8      	pop	{r3, r4, r5, r6, r7, pc}
10001258:	f64f 71fe 	movw	r1, #65534	@ 0xfffe
1000125c:	428a      	cmp	r2, r1
1000125e:	d91b      	bls.n	10001298 <uart_init+0xd8>
10001260:	4622      	mov	r2, r4
10001262:	f64f 71ff 	movw	r1, #65535	@ 0xffff
10001266:	4e15      	ldr	r6, [pc, #84]	@ (100012bc <uart_init+0xfc>)
10001268:	e7d7      	b.n	1000121a <uart_init+0x5a>
1000126a:	f240 3201 	movw	r2, #769	@ 0x301
1000126e:	f505 5340 	add.w	r3, r5, #12288	@ 0x3000
10001272:	631a      	str	r2, [r3, #48]	@ 0x30
10001274:	6a6b      	ldr	r3, [r5, #36]	@ 0x24
10001276:	6aac      	ldr	r4, [r5, #40]	@ 0x28
10001278:	2006      	movs	r0, #6
1000127a:	eb04 1483 	add.w	r4, r4, r3, lsl #6
1000127e:	f000 f889 	bl	10001394 <clock_get_hz>
10001282:	4b0f      	ldr	r3, [pc, #60]	@ (100012c0 <uart_init+0x100>)
10001284:	02a4      	lsls	r4, r4, #10
10001286:	fba3 2300 	umull	r2, r3, r3, r0
1000128a:	0adb      	lsrs	r3, r3, #11
1000128c:	2100      	movs	r1, #0
1000128e:	fbb4 f0f3 	udiv	r0, r4, r3
10001292:	f7ff ff55 	bl	10001140 <busy_wait_us>
10001296:	e7c5      	b.n	10001224 <uart_init+0x64>
10001298:	f3c3 0345 	ubfx	r3, r3, #1, #6
1000129c:	4611      	mov	r1, r2
1000129e:	eb03 1682 	add.w	r6, r3, r2, lsl #6
100012a2:	461a      	mov	r2, r3
100012a4:	e7b9      	b.n	1000121a <uart_init+0x5a>
100012a6:	bf00      	nop
100012a8:	40078000 	.word	0x40078000
100012ac:	40022000 	.word	0x40022000
100012b0:	40023000 	.word	0x40023000
100012b4:	40020000 	.word	0x40020000
100012b8:	20001ab4 	.word	0x20001ab4
100012bc:	003fffc0 	.word	0x003fffc0
100012c0:	8f2b7b75 	.word	0x8f2b7b75

100012c4 <clock_configure_undivided>:
100012c4:	eb00 0c40 	add.w	ip, r0, r0, lsl #1
100012c8:	ea4f 0c8c 	mov.w	ip, ip, lsl #2
100012cc:	f10c 4c80 	add.w	ip, ip, #1073741824	@ 0x40000000
100012d0:	f50c 3c80 	add.w	ip, ip, #65536	@ 0x10000
100012d4:	b5f0      	push	{r4, r5, r6, r7, lr}
100012d6:	4616      	mov	r6, r2
100012d8:	f8dc 2004 	ldr.w	r2, [ip, #4]
100012dc:	1f05      	subs	r5, r0, #4
100012de:	f5b2 3f80 	cmp.w	r2, #65536	@ 0x10000
100012e2:	bf38      	it	cc
100012e4:	f44f 3280 	movcc.w	r2, #65536	@ 0x10000
100012e8:	b2ed      	uxtb	r5, r5
100012ea:	bf38      	it	cc
100012ec:	f8cc 2004 	strcc.w	r2, [ip, #4]
100012f0:	2d01      	cmp	r5, #1
100012f2:	d92a      	bls.n	1000134a <clock_configure_undivided+0x86>
100012f4:	f44f 6700 	mov.w	r7, #2048	@ 0x800
100012f8:	4c25      	ldr	r4, [pc, #148]	@ (10001390 <clock_configure_undivided+0xcc>)
100012fa:	f50c 5240 	add.w	r2, ip, #12288	@ 0x3000
100012fe:	6017      	str	r7, [r2, #0]
10001300:	f854 2020 	ldr.w	r2, [r4, r0, lsl #2]
10001304:	b9b2      	cbnz	r2, 10001334 <clock_configure_undivided+0x70>
10001306:	f8dc 2000 	ldr.w	r2, [ip]
1000130a:	2d01      	cmp	r5, #1
1000130c:	ea82 1246 	eor.w	r2, r2, r6, lsl #5
10001310:	f002 02e0 	and.w	r2, r2, #224	@ 0xe0
10001314:	f50c 5680 	add.w	r6, ip, #4096	@ 0x1000
10001318:	6032      	str	r2, [r6, #0]
1000131a:	d92a      	bls.n	10001372 <clock_configure_undivided+0xae>
1000131c:	f44f 6100 	mov.w	r1, #2048	@ 0x800
10001320:	f844 3020 	str.w	r3, [r4, r0, lsl #2]
10001324:	f44f 3380 	mov.w	r3, #65536	@ 0x10000
10001328:	f50c 5200 	add.w	r2, ip, #8192	@ 0x2000
1000132c:	6011      	str	r1, [r2, #0]
1000132e:	f8cc 3004 	str.w	r3, [ip, #4]
10001332:	bdf0      	pop	{r4, r5, r6, r7, pc}
10001334:	6967      	ldr	r7, [r4, #20]
10001336:	fbb7 fef2 	udiv	lr, r7, r2
1000133a:	f10e 0e01 	add.w	lr, lr, #1
1000133e:	eb0e 0e4e 	add.w	lr, lr, lr, lsl #1
10001342:	f1be 0e03 	subs.w	lr, lr, #3
10001346:	d2fc      	bcs.n	10001342 <clock_configure_undivided+0x7e>
10001348:	e7dd      	b.n	10001306 <clock_configure_undivided+0x42>
1000134a:	2901      	cmp	r1, #1
1000134c:	d1d2      	bne.n	100012f4 <clock_configure_undivided+0x30>
1000134e:	2403      	movs	r4, #3
10001350:	f50c 5240 	add.w	r2, ip, #12288	@ 0x3000
10001354:	6014      	str	r4, [r2, #0]
10001356:	f8dc 2008 	ldr.w	r2, [ip, #8]
1000135a:	07d2      	lsls	r2, r2, #31
1000135c:	d5fb      	bpl.n	10001356 <clock_configure_undivided+0x92>
1000135e:	f8dc 2000 	ldr.w	r2, [ip]
10001362:	4c0b      	ldr	r4, [pc, #44]	@ (10001390 <clock_configure_undivided+0xcc>)
10001364:	ea82 1246 	eor.w	r2, r2, r6, lsl #5
10001368:	f002 02e0 	and.w	r2, r2, #224	@ 0xe0
1000136c:	f50c 5680 	add.w	r6, ip, #4096	@ 0x1000
10001370:	6032      	str	r2, [r6, #0]
10001372:	2201      	movs	r2, #1
10001374:	f8dc 5000 	ldr.w	r5, [ip]
10001378:	404d      	eors	r5, r1
1000137a:	f005 0503 	and.w	r5, r5, #3
1000137e:	6035      	str	r5, [r6, #0]
10001380:	fa02 f101 	lsl.w	r1, r2, r1
10001384:	f8dc 2008 	ldr.w	r2, [ip, #8]
10001388:	420a      	tst	r2, r1
1000138a:	d0fb      	beq.n	10001384 <clock_configure_undivided+0xc0>
1000138c:	e7c6      	b.n	1000131c <clock_configure_undivided+0x58>
1000138e:	bf00      	nop
10001390:	200015f8 	.word	0x200015f8

10001394 <clock_get_hz>:
10001394:	4b01      	ldr	r3, [pc, #4]	@ (1000139c <clock_get_hz+0x8>)
10001396:	f853 0020 	ldr.w	r0, [r3, r0, lsl #2]
1000139a:	4770      	bx	lr
1000139c:	200015f8 	.word	0x200015f8

100013a0 <pll_init>:
100013a0:	b470      	push	{r4, r5, r6}
100013a2:	9d03      	ldr	r5, [sp, #12]
100013a4:	6804      	ldr	r4, [r0, #0]
100013a6:	032d      	lsls	r5, r5, #12
100013a8:	ea45 4503 	orr.w	r5, r5, r3, lsl #16
100013ac:	4b1b      	ldr	r3, [pc, #108]	@ (1000141c <pll_init+0x7c>)
100013ae:	2c00      	cmp	r4, #0
100013b0:	fbb3 f3f1 	udiv	r3, r3, r1
100013b4:	fbb2 f6f3 	udiv	r6, r2, r3
100013b8:	db1f      	blt.n	100013fa <pll_init+0x5a>
100013ba:	4a19      	ldr	r2, [pc, #100]	@ (10001420 <pll_init+0x80>)
100013bc:	4b19      	ldr	r3, [pc, #100]	@ (10001424 <pll_init+0x84>)
100013be:	4290      	cmp	r0, r2
100013c0:	bf14      	ite	ne
100013c2:	f44f 4280 	movne.w	r2, #16384	@ 0x4000
100013c6:	f44f 4200 	moveq.w	r2, #32768	@ 0x8000
100013ca:	4c17      	ldr	r4, [pc, #92]	@ (10001428 <pll_init+0x88>)
100013cc:	601a      	str	r2, [r3, #0]
100013ce:	f503 5380 	add.w	r3, r3, #4096	@ 0x1000
100013d2:	601a      	str	r2, [r3, #0]
100013d4:	68a3      	ldr	r3, [r4, #8]
100013d6:	ea32 0303 	bics.w	r3, r2, r3
100013da:	d1fb      	bne.n	100013d4 <pll_init+0x34>
100013dc:	2221      	movs	r2, #33	@ 0x21
100013de:	f500 5340 	add.w	r3, r0, #12288	@ 0x3000
100013e2:	3304      	adds	r3, #4
100013e4:	6001      	str	r1, [r0, #0]
100013e6:	6086      	str	r6, [r0, #8]
100013e8:	601a      	str	r2, [r3, #0]
100013ea:	6802      	ldr	r2, [r0, #0]
100013ec:	2a00      	cmp	r2, #0
100013ee:	dafc      	bge.n	100013ea <pll_init+0x4a>
100013f0:	2208      	movs	r2, #8
100013f2:	60c5      	str	r5, [r0, #12]
100013f4:	601a      	str	r2, [r3, #0]
100013f6:	bc70      	pop	{r4, r5, r6}
100013f8:	4770      	bx	lr
100013fa:	6803      	ldr	r3, [r0, #0]
100013fc:	f003 033f 	and.w	r3, r3, #63	@ 0x3f
10001400:	428b      	cmp	r3, r1
10001402:	d1da      	bne.n	100013ba <pll_init+0x1a>
10001404:	6883      	ldr	r3, [r0, #8]
10001406:	f3c3 030b 	ubfx	r3, r3, #0, #12
1000140a:	42b3      	cmp	r3, r6
1000140c:	d1d5      	bne.n	100013ba <pll_init+0x1a>
1000140e:	68c3      	ldr	r3, [r0, #12]
10001410:	f403 23ee 	and.w	r3, r3, #487424	@ 0x77000
10001414:	42ab      	cmp	r3, r5
10001416:	d1d0      	bne.n	100013ba <pll_init+0x1a>
10001418:	e7ed      	b.n	100013f6 <pll_init+0x56>
1000141a:	bf00      	nop
1000141c:	00b71b00 	.word	0x00b71b00
10001420:	40058000 	.word	0x40058000
10001424:	40022000 	.word	0x40022000
10001428:	40020000 	.word	0x40020000

1000142c <watchdog_reboot>:
1000142c:	b430      	push	{r4, r5}
1000142e:	f04f 4480 	mov.w	r4, #1073741824	@ 0x40000000
10001432:	4b1c      	ldr	r3, [pc, #112]	@ (100014a4 <watchdog_reboot+0x78>)
10001434:	601c      	str	r4, [r3, #0]
10001436:	b1e0      	cbz	r0, 10001472 <watchdog_reboot+0x46>
10001438:	4c1b      	ldr	r4, [pc, #108]	@ (100014a8 <watchdog_reboot+0x7c>)
1000143a:	f5a3 5340 	sub.w	r3, r3, #12288	@ 0x3000
1000143e:	61dc      	str	r4, [r3, #28]
10001440:	4c1a      	ldr	r4, [pc, #104]	@ (100014ac <watchdog_reboot+0x80>)
10001442:	f040 0001 	orr.w	r0, r0, #1
10001446:	4044      	eors	r4, r0
10001448:	621c      	str	r4, [r3, #32]
1000144a:	6259      	str	r1, [r3, #36]	@ 0x24
1000144c:	6298      	str	r0, [r3, #40]	@ 0x28
1000144e:	f04f 4580 	mov.w	r5, #1073741824	@ 0x40000000
10001452:	f04f 61e0 	mov.w	r1, #117440512	@ 0x7000000
10001456:	4b13      	ldr	r3, [pc, #76]	@ (100014a4 <watchdog_reboot+0x78>)
10001458:	4815      	ldr	r0, [pc, #84]	@ (100014b0 <watchdog_reboot+0x84>)
1000145a:	4c16      	ldr	r4, [pc, #88]	@ (100014b4 <watchdog_reboot+0x88>)
1000145c:	601d      	str	r5, [r3, #0]
1000145e:	6084      	str	r4, [r0, #8]
10001460:	6019      	str	r1, [r3, #0]
10001462:	b94a      	cbnz	r2, 10001478 <watchdog_reboot+0x4c>
10001464:	bc30      	pop	{r4, r5}
10001466:	f04f 4200 	mov.w	r2, #2147483648	@ 0x80000000
1000146a:	f5a3 5380 	sub.w	r3, r3, #4096	@ 0x1000
1000146e:	601a      	str	r2, [r3, #0]
10001470:	4770      	bx	lr
10001472:	4b11      	ldr	r3, [pc, #68]	@ (100014b8 <watchdog_reboot+0x8c>)
10001474:	61d8      	str	r0, [r3, #28]
10001476:	e7ea      	b.n	1000144e <watchdog_reboot+0x22>
10001478:	f44f 737a 	mov.w	r3, #1000	@ 0x3e8
1000147c:	fb03 f202 	mul.w	r2, r3, r2
10001480:	f1b2 7f80 	cmp.w	r2, #16777216	@ 0x1000000
10001484:	bf2a      	itet	cs
10001486:	f06f 437f 	mvncs.w	r3, #4278190080	@ 0xff000000
1000148a:	4613      	movcc	r3, r2
1000148c:	461a      	movcs	r2, r3
1000148e:	f04f 4180 	mov.w	r1, #1073741824	@ 0x40000000
10001492:	4c0a      	ldr	r4, [pc, #40]	@ (100014bc <watchdog_reboot+0x90>)
10001494:	4808      	ldr	r0, [pc, #32]	@ (100014b8 <watchdog_reboot+0x8c>)
10001496:	6023      	str	r3, [r4, #0]
10001498:	4b09      	ldr	r3, [pc, #36]	@ (100014c0 <watchdog_reboot+0x94>)
1000149a:	6042      	str	r2, [r0, #4]
1000149c:	bc30      	pop	{r4, r5}
1000149e:	6019      	str	r1, [r3, #0]
100014a0:	4770      	bx	lr
100014a2:	bf00      	nop
100014a4:	400db000 	.word	0x400db000
100014a8:	b007c0d3 	.word	0xb007c0d3
100014ac:	4ff83f2d 	.word	0x4ff83f2d
100014b0:	4001a000 	.word	0x4001a000
100014b4:	01fffff3 	.word	0x01fffff3
100014b8:	400d8000 	.word	0x400d8000
100014bc:	20001a58 	.word	0x20001a58
100014c0:	400da000 	.word	0x400da000

100014c4 <tick_start>:
100014c4:	2301      	movs	r3, #1
100014c6:	eb00 0040 	add.w	r0, r0, r0, lsl #1
100014ca:	0080      	lsls	r0, r0, #2
100014cc:	f100 4080 	add.w	r0, r0, #1073741824	@ 0x40000000
100014d0:	f500 1084 	add.w	r0, r0, #1081344	@ 0x108000
100014d4:	6041      	str	r1, [r0, #4]
100014d6:	6003      	str	r3, [r0, #0]
100014d8:	4770      	bx	lr
100014da:	bf00      	nop

100014dc <rom_reboot.constprop.0.isra.0>:
100014dc:	2300      	movs	r3, #0
100014de:	b570      	push	{r4, r5, r6, lr}
100014e0:	8adb      	ldrh	r3, [r3, #22]
100014e2:	4604      	mov	r4, r0
100014e4:	460d      	mov	r5, r1
100014e6:	2200      	movs	r2, #0
100014e8:	e842 f200 	tt	r2, r2
100014ec:	0252      	lsls	r2, r2, #9
100014ee:	bf54      	ite	pl
100014f0:	2110      	movpl	r1, #16
100014f2:	2104      	movmi	r1, #4
100014f4:	f244 2052 	movw	r0, #16978	@ 0x4252
100014f8:	4798      	blx	r3
100014fa:	4686      	mov	lr, r0
100014fc:	462b      	mov	r3, r5
100014fe:	4622      	mov	r2, r4
10001500:	46f4      	mov	ip, lr
10001502:	e8bd 4070 	ldmia.w	sp!, {r4, r5, r6, lr}
10001506:	210a      	movs	r1, #10
10001508:	f44f 7081 	mov.w	r0, #258	@ 0x102
1000150c:	4760      	bx	ip
1000150e:	bf00      	nop

10001510 <rom_func_lookup>:
10001510:	2300      	movs	r3, #0
10001512:	8adb      	ldrh	r3, [r3, #22]
10001514:	2200      	movs	r2, #0
10001516:	e842 f200 	tt	r2, r2
1000151a:	0252      	lsls	r2, r2, #9
1000151c:	d401      	bmi.n	10001522 <rom_func_lookup+0x12>
1000151e:	2110      	movs	r1, #16
10001520:	4718      	bx	r3
10001522:	2104      	movs	r1, #4
10001524:	4718      	bx	r3
10001526:	bf00      	nop

10001528 <rom_reset_usb_boot_extra>:
10001528:	b508      	push	{r3, lr}
1000152a:	4603      	mov	r3, r0
1000152c:	4608      	mov	r0, r1
1000152e:	1e19      	subs	r1, r3, #0
10001530:	db02      	blt.n	10001538 <rom_reset_usb_boot_extra+0x10>
10001532:	b11a      	cbz	r2, 1000153c <rom_reset_usb_boot_extra+0x14>
10001534:	f040 0030 	orr.w	r0, r0, #48	@ 0x30
10001538:	f7ff ffd0 	bl	100014dc <rom_reboot.constprop.0.isra.0>
1000153c:	f040 0020 	orr.w	r0, r0, #32
10001540:	e7fa      	b.n	10001538 <rom_reset_usb_boot_extra+0x10>
10001542:	bf00      	nop

10001544 <runtime_init_bootrom_locking_enable>:
10001544:	4a03      	ldr	r2, [pc, #12]	@ (10001554 <runtime_init_bootrom_locking_enable+0x10>)
10001546:	f8d2 3828 	ldr.w	r3, [r2, #2088]	@ 0x828
1000154a:	2b00      	cmp	r3, #0
1000154c:	d0fb      	beq.n	10001546 <runtime_init_bootrom_locking_enable+0x2>
1000154e:	f3bf 8f5f 	dmb	sy
10001552:	4770      	bx	lr
10001554:	400e0000 	.word	0x400e0000

10001558 <runtime_init_boot_locks_reset>:
10001558:	2100      	movs	r1, #0
1000155a:	4b04      	ldr	r3, [pc, #16]	@ (1000156c <runtime_init_boot_locks_reset+0x14>)
1000155c:	4a04      	ldr	r2, [pc, #16]	@ (10001570 <runtime_init_boot_locks_reset+0x18>)
1000155e:	f3bf 8f5f 	dmb	sy
10001562:	f843 1b04 	str.w	r1, [r3], #4
10001566:	4293      	cmp	r3, r2
10001568:	d1f9      	bne.n	1000155e <runtime_init_boot_locks_reset+0x6>
1000156a:	4770      	bx	lr
1000156c:	400e080c 	.word	0x400e080c
10001570:	400e082c 	.word	0x400e082c

10001574 <xosc_init>:
10001574:	b410      	push	{r4}
10001576:	f44f 708d 	mov.w	r0, #282	@ 0x11a
1000157a:	f44f 642a 	mov.w	r4, #2720	@ 0xaa0
1000157e:	4a06      	ldr	r2, [pc, #24]	@ (10001598 <xosc_init+0x24>)
10001580:	4b06      	ldr	r3, [pc, #24]	@ (1000159c <xosc_init+0x28>)
10001582:	4907      	ldr	r1, [pc, #28]	@ (100015a0 <xosc_init+0x2c>)
10001584:	6014      	str	r4, [r2, #0]
10001586:	60d0      	str	r0, [r2, #12]
10001588:	6019      	str	r1, [r3, #0]
1000158a:	6853      	ldr	r3, [r2, #4]
1000158c:	2b00      	cmp	r3, #0
1000158e:	dafc      	bge.n	1000158a <xosc_init+0x16>
10001590:	f85d 4b04 	ldr.w	r4, [sp], #4
10001594:	4770      	bx	lr
10001596:	bf00      	nop
10001598:	40048000 	.word	0x40048000
1000159c:	4004a000 	.word	0x4004a000
100015a0:	00fab000 	.word	0x00fab000

100015a4 <first_per_core_initializer>:
100015a4:	4770      	bx	lr
100015a6:	bf00      	nop

100015a8 <hard_assertion_failure>:
100015a8:	b508      	push	{r3, lr}
100015aa:	4801      	ldr	r0, [pc, #4]	@ (100015b0 <hard_assertion_failure+0x8>)
100015ac:	f7fe fea0 	bl	100002f0 <panic>
100015b0:	10004550 	.word	0x10004550

100015b4 <runtime_run_initializers>:
100015b4:	b538      	push	{r3, r4, r5, lr}
100015b6:	4c05      	ldr	r4, [pc, #20]	@ (100015cc <runtime_run_initializers+0x18>)
100015b8:	4d05      	ldr	r5, [pc, #20]	@ (100015d0 <runtime_run_initializers+0x1c>)
100015ba:	42ac      	cmp	r4, r5
100015bc:	d204      	bcs.n	100015c8 <runtime_run_initializers+0x14>
100015be:	f854 3b04 	ldr.w	r3, [r4], #4
100015c2:	4798      	blx	r3
100015c4:	42ac      	cmp	r4, r5
100015c6:	d3fa      	bcc.n	100015be <runtime_run_initializers+0xa>
100015c8:	bd38      	pop	{r3, r4, r5, pc}
100015ca:	bf00      	nop
100015cc:	10004498 	.word	0x10004498
100015d0:	100044d8 	.word	0x100044d8

100015d4 <runtime_init_early_resets>:
100015d4:	b410      	push	{r4}
100015d6:	4807      	ldr	r0, [pc, #28]	@ (100015f4 <runtime_init_early_resets+0x20>)
100015d8:	4c07      	ldr	r4, [pc, #28]	@ (100015f8 <runtime_init_early_resets+0x24>)
100015da:	4b08      	ldr	r3, [pc, #32]	@ (100015fc <runtime_init_early_resets+0x28>)
100015dc:	4a08      	ldr	r2, [pc, #32]	@ (10001600 <runtime_init_early_resets+0x2c>)
100015de:	4909      	ldr	r1, [pc, #36]	@ (10001604 <runtime_init_early_resets+0x30>)
100015e0:	6004      	str	r4, [r0, #0]
100015e2:	601a      	str	r2, [r3, #0]
100015e4:	688b      	ldr	r3, [r1, #8]
100015e6:	ea32 0303 	bics.w	r3, r2, r3
100015ea:	d1fb      	bne.n	100015e4 <runtime_init_early_resets+0x10>
100015ec:	f85d 4b04 	ldr.w	r4, [sp], #4
100015f0:	4770      	bx	lr
100015f2:	bf00      	nop
100015f4:	40022000 	.word	0x40022000
100015f8:	efef3b7f 	.word	0xefef3b7f
100015fc:	40023000 	.word	0x40023000
10001600:	03f3fff6 	.word	0x03f3fff6
10001604:	40020000 	.word	0x40020000

10001608 <runtime_init_usb_power_down>:
10001608:	4b04      	ldr	r3, [pc, #16]	@ (1000161c <runtime_init_usb_power_down+0x14>)
1000160a:	6cdb      	ldr	r3, [r3, #76]	@ 0x4c
1000160c:	f5b3 4f00 	cmp.w	r3, #32768	@ 0x8000
10001610:	d103      	bne.n	1000161a <runtime_init_usb_power_down+0x12>
10001612:	f44f 2280 	mov.w	r2, #262144	@ 0x40000
10001616:	4b02      	ldr	r3, [pc, #8]	@ (10001620 <runtime_init_usb_power_down+0x18>)
10001618:	64da      	str	r2, [r3, #76]	@ 0x4c
1000161a:	4770      	bx	lr
1000161c:	50110000 	.word	0x50110000
10001620:	50112000 	.word	0x50112000

10001624 <runtime_init_per_core_enable_coprocessors>:
10001624:	f04f 22e0 	mov.w	r2, #3758153728	@ 0xe000e000
10001628:	4b04      	ldr	r3, [pc, #16]	@ (1000163c <runtime_init_per_core_enable_coprocessors+0x18>)
1000162a:	f8d2 1d88 	ldr.w	r1, [r2, #3464]	@ 0xd88
1000162e:	430b      	orrs	r3, r1
10001630:	f8c2 3d88 	str.w	r3, [r2, #3464]	@ 0xd88
10001634:	ee10 0430 			dcp_rcmp r0
10001638:	4770      	bx	lr
1000163a:	bf00      	nop
1000163c:	00300303 	.word	0x00300303

10001640 <runtime_init_post_clock_resets>:
10001640:	f06f 4160 	mvn.w	r1, #3758096384	@ 0xe0000000
10001644:	4b04      	ldr	r3, [pc, #16]	@ (10001658 <runtime_init_post_clock_resets+0x18>)
10001646:	4a05      	ldr	r2, [pc, #20]	@ (1000165c <runtime_init_post_clock_resets+0x1c>)
10001648:	6019      	str	r1, [r3, #0]
1000164a:	6893      	ldr	r3, [r2, #8]
1000164c:	43db      	mvns	r3, r3
1000164e:	f033 4360 	bics.w	r3, r3, #3758096384	@ 0xe0000000
10001652:	d1fa      	bne.n	1000164a <runtime_init_post_clock_resets+0xa>
10001654:	4770      	bx	lr
10001656:	bf00      	nop
10001658:	40023000 	.word	0x40023000
1000165c:	40020000 	.word	0x40020000

10001660 <runtime_init_bootrom_reset>:
10001660:	b510      	push	{r4, lr}
10001662:	f245 2053 	movw	r0, #21075	@ 0x5253
10001666:	f7ff ff53 	bl	10001510 <rom_func_lookup>
1000166a:	e8bd 4010 	ldmia.w	sp!, {r4, lr}
1000166e:	4603      	mov	r3, r0
10001670:	2004      	movs	r0, #4
10001672:	4718      	bx	r3

10001674 <runtime_init_per_core_bootrom_reset>:
10001674:	b510      	push	{r4, lr}
10001676:	f245 2053 	movw	r0, #21075	@ 0x5253
1000167a:	f7ff ff49 	bl	10001510 <rom_func_lookup>
1000167e:	e8bd 4010 	ldmia.w	sp!, {r4, lr}
10001682:	4603      	mov	r3, r0
10001684:	2001      	movs	r0, #1
10001686:	4718      	bx	r3

10001688 <runtime_init_spin_locks_reset>:
10001688:	f7fe beda 	b.w	10000440 <spin_locks_reset>

1000168c <runtime_init_install_ram_vector_table>:
1000168c:	4914      	ldr	r1, [pc, #80]	@ (100016e0 <runtime_init_install_ram_vector_table+0x54>)
1000168e:	4b15      	ldr	r3, [pc, #84]	@ (100016e4 <runtime_init_install_ram_vector_table+0x58>)
10001690:	b570      	push	{r4, r5, r6, lr}
10001692:	1a5c      	subs	r4, r3, r1
10001694:	10a6      	asrs	r6, r4, #2
10001696:	2e44      	cmp	r6, #68	@ 0x44
10001698:	4632      	mov	r2, r6
1000169a:	bf28      	it	cs
1000169c:	2244      	movcs	r2, #68	@ 0x44
1000169e:	4d12      	ldr	r5, [pc, #72]	@ (100016e8 <runtime_init_install_ram_vector_table+0x5c>)
100016a0:	0092      	lsls	r2, r2, #2
100016a2:	4628      	mov	r0, r5
100016a4:	f002 fe2e 	bl	10004304 <memcpy>
100016a8:	f5b4 7f86 	cmp.w	r4, #268	@ 0x10c
100016ac:	d813      	bhi.n	100016d6 <runtime_init_install_ram_vector_table+0x4a>
100016ae:	4a0f      	ldr	r2, [pc, #60]	@ (100016ec <runtime_init_install_ram_vector_table+0x60>)
100016b0:	f1c6 0044 	rsb	r0, r6, #68	@ 0x44
100016b4:	d012      	beq.n	100016dc <runtime_init_install_ram_vector_table+0x50>
100016b6:	192b      	adds	r3, r5, r4
100016b8:	0841      	lsrs	r1, r0, #1
100016ba:	eb03 01c1 	add.w	r1, r3, r1, lsl #3
100016be:	e9c3 2200 	strd	r2, r2, [r3]
100016c2:	3308      	adds	r3, #8
100016c4:	428b      	cmp	r3, r1
100016c6:	d1fa      	bne.n	100016be <runtime_init_install_ram_vector_table+0x32>
100016c8:	07c3      	lsls	r3, r0, #31
100016ca:	d504      	bpl.n	100016d6 <runtime_init_install_ram_vector_table+0x4a>
100016cc:	f020 0001 	bic.w	r0, r0, #1
100016d0:	4430      	add	r0, r6
100016d2:	f845 2020 	str.w	r2, [r5, r0, lsl #2]
100016d6:	4b06      	ldr	r3, [pc, #24]	@ (100016f0 <runtime_init_install_ram_vector_table+0x64>)
100016d8:	609d      	str	r5, [r3, #8]
100016da:	bd70      	pop	{r4, r5, r6, pc}
100016dc:	2043      	movs	r0, #67	@ 0x43
100016de:	e7f8      	b.n	100016d2 <runtime_init_install_ram_vector_table+0x46>
100016e0:	10000000 	.word	0x10000000
100016e4:	10000110 	.word	0x10000110
100016e8:	20000000 	.word	0x20000000
100016ec:	10000111 	.word	0x10000111
100016f0:	e000ed00 	.word	0xe000ed00

100016f4 <runtime_init_clocks>:
100016f4:	2300      	movs	r3, #0
100016f6:	b570      	push	{r4, r5, r6, lr}
100016f8:	4c2b      	ldr	r4, [pc, #172]	@ (100017a8 <runtime_init_clocks+0xb4>)
100016fa:	b082      	sub	sp, #8
100016fc:	f8c4 3084 	str.w	r3, [r4, #132]	@ 0x84
10001700:	f7ff ff38 	bl	10001574 <xosc_init>
10001704:	2201      	movs	r2, #1
10001706:	4b29      	ldr	r3, [pc, #164]	@ (100017ac <runtime_init_clocks+0xb8>)
10001708:	63da      	str	r2, [r3, #60]	@ 0x3c
1000170a:	6c63      	ldr	r3, [r4, #68]	@ 0x44
1000170c:	2b01      	cmp	r3, #1
1000170e:	d1fc      	bne.n	1000170a <runtime_init_clocks+0x16>
10001710:	2103      	movs	r1, #3
10001712:	4a26      	ldr	r2, [pc, #152]	@ (100017ac <runtime_init_clocks+0xb8>)
10001714:	4b24      	ldr	r3, [pc, #144]	@ (100017a8 <runtime_init_clocks+0xb4>)
10001716:	6311      	str	r1, [r2, #48]	@ 0x30
10001718:	6b9c      	ldr	r4, [r3, #56]	@ 0x38
1000171a:	2c01      	cmp	r4, #1
1000171c:	d1fc      	bne.n	10001718 <runtime_init_clocks+0x24>
1000171e:	2602      	movs	r6, #2
10001720:	2505      	movs	r5, #5
10001722:	4621      	mov	r1, r4
10001724:	2305      	movs	r3, #5
10001726:	4a22      	ldr	r2, [pc, #136]	@ (100017b0 <runtime_init_clocks+0xbc>)
10001728:	4822      	ldr	r0, [pc, #136]	@ (100017b4 <runtime_init_clocks+0xc0>)
1000172a:	9600      	str	r6, [sp, #0]
1000172c:	f7ff fe38 	bl	100013a0 <pll_init>
10001730:	4621      	mov	r1, r4
10001732:	462b      	mov	r3, r5
10001734:	4a20      	ldr	r2, [pc, #128]	@ (100017b8 <runtime_init_clocks+0xc4>)
10001736:	4821      	ldr	r0, [pc, #132]	@ (100017bc <runtime_init_clocks+0xc8>)
10001738:	9500      	str	r5, [sp, #0]
1000173a:	f7ff fe31 	bl	100013a0 <pll_init>
1000173e:	2200      	movs	r2, #0
10001740:	2004      	movs	r0, #4
10001742:	4631      	mov	r1, r6
10001744:	4b1e      	ldr	r3, [pc, #120]	@ (100017c0 <runtime_init_clocks+0xcc>)
10001746:	f7ff fdbd 	bl	100012c4 <clock_configure_undivided>
1000174a:	4621      	mov	r1, r4
1000174c:	4628      	mov	r0, r5
1000174e:	2200      	movs	r2, #0
10001750:	4b1c      	ldr	r3, [pc, #112]	@ (100017c4 <runtime_init_clocks+0xd0>)
10001752:	f7ff fdb7 	bl	100012c4 <clock_configure_undivided>
10001756:	2200      	movs	r2, #0
10001758:	2008      	movs	r0, #8
1000175a:	4611      	mov	r1, r2
1000175c:	4b1a      	ldr	r3, [pc, #104]	@ (100017c8 <runtime_init_clocks+0xd4>)
1000175e:	f7ff fdb1 	bl	100012c4 <clock_configure_undivided>
10001762:	2200      	movs	r2, #0
10001764:	2009      	movs	r0, #9
10001766:	4611      	mov	r1, r2
10001768:	4b17      	ldr	r3, [pc, #92]	@ (100017c8 <runtime_init_clocks+0xd4>)
1000176a:	f7ff fdab 	bl	100012c4 <clock_configure_undivided>
1000176e:	2200      	movs	r2, #0
10001770:	2006      	movs	r0, #6
10001772:	4611      	mov	r1, r2
10001774:	4b13      	ldr	r3, [pc, #76]	@ (100017c4 <runtime_init_clocks+0xd0>)
10001776:	f7ff fda5 	bl	100012c4 <clock_configure_undivided>
1000177a:	2200      	movs	r2, #0
1000177c:	4b11      	ldr	r3, [pc, #68]	@ (100017c4 <runtime_init_clocks+0xd0>)
1000177e:	2007      	movs	r0, #7
10001780:	4611      	mov	r1, r2
10001782:	f7ff fd9f 	bl	100012c4 <clock_configure_undivided>
10001786:	2004      	movs	r0, #4
10001788:	f7ff fe04 	bl	10001394 <clock_get_hz>
1000178c:	2400      	movs	r4, #0
1000178e:	4b0f      	ldr	r3, [pc, #60]	@ (100017cc <runtime_init_clocks+0xd8>)
10001790:	fba3 3500 	umull	r3, r5, r3, r0
10001794:	0cad      	lsrs	r5, r5, #18
10001796:	b2e0      	uxtb	r0, r4
10001798:	4629      	mov	r1, r5
1000179a:	3401      	adds	r4, #1
1000179c:	f7ff fe92 	bl	100014c4 <tick_start>
100017a0:	2c06      	cmp	r4, #6
100017a2:	d1f8      	bne.n	10001796 <runtime_init_clocks+0xa2>
100017a4:	b002      	add	sp, #8
100017a6:	bd70      	pop	{r4, r5, r6, pc}
100017a8:	40010000 	.word	0x40010000
100017ac:	40013000 	.word	0x40013000
100017b0:	59682f00 	.word	0x59682f00
100017b4:	40050000 	.word	0x40050000
100017b8:	47868c00 	.word	0x47868c00
100017bc:	40058000 	.word	0x40058000
100017c0:	00b71b00 	.word	0x00b71b00
100017c4:	08f0d180 	.word	0x08f0d180
100017c8:	02dc6c00 	.word	0x02dc6c00
100017cc:	431bde83 	.word	0x431bde83

100017d0 <_out_char>:
100017d0:	b900      	cbnz	r0, 100017d4 <_out_char+0x4>
100017d2:	4770      	bx	lr
100017d4:	f000 b970 	b.w	10001ab8 <__wrap_putchar>

100017d8 <weak_raw_vprintf>:
100017d8:	b510      	push	{r4, lr}
100017da:	4b09      	ldr	r3, [pc, #36]	@ (10001800 <weak_raw_vprintf+0x28>)
100017dc:	b084      	sub	sp, #16
100017de:	681c      	ldr	r4, [r3, #0]
100017e0:	b14c      	cbz	r4, 100017f6 <weak_raw_vprintf+0x1e>
100017e2:	4603      	mov	r3, r0
100017e4:	9100      	str	r1, [sp, #0]
100017e6:	f04f 32ff 	mov.w	r2, #4294967295	@ 0xffffffff
100017ea:	a903      	add	r1, sp, #12
100017ec:	4805      	ldr	r0, [pc, #20]	@ (10001804 <weak_raw_vprintf+0x2c>)
100017ee:	47a0      	blx	r4
100017f0:	2001      	movs	r0, #1
100017f2:	b004      	add	sp, #16
100017f4:	bd10      	pop	{r4, pc}
100017f6:	f000 f9a1 	bl	10001b3c <__wrap_puts>
100017fa:	4620      	mov	r0, r4
100017fc:	b004      	add	sp, #16
100017fe:	bd10      	pop	{r4, pc}
10001800:	20001a54 	.word	0x20001a54
10001804:	100017d1 	.word	0x100017d1

10001808 <_exit>:
10001808:	be00      	bkpt	0x0000
1000180a:	e7fd      	b.n	10001808 <_exit>

1000180c <exit>:
1000180c:	b508      	push	{r3, lr}
1000180e:	f7ff fffb 	bl	10001808 <_exit>
10001812:	bf00      	nop

10001814 <runtime_init>:
10001814:	b538      	push	{r3, r4, r5, lr}
10001816:	4c06      	ldr	r4, [pc, #24]	@ (10001830 <runtime_init+0x1c>)
10001818:	4d06      	ldr	r5, [pc, #24]	@ (10001834 <runtime_init+0x20>)
1000181a:	f7ff fecb 	bl	100015b4 <runtime_run_initializers>
1000181e:	42ac      	cmp	r4, r5
10001820:	d204      	bcs.n	1000182c <runtime_init+0x18>
10001822:	f854 3b04 	ldr.w	r3, [r4], #4
10001826:	4798      	blx	r3
10001828:	42ac      	cmp	r4, r5
1000182a:	d3fa      	bcc.n	10001822 <runtime_init+0xe>
1000182c:	bd38      	pop	{r3, r4, r5, pc}
1000182e:	bf00      	nop
10001830:	100044d8 	.word	0x100044d8
10001834:	100044e0 	.word	0x100044e0

10001838 <stdio_out_chars_no_crlf>:
10001838:	6803      	ldr	r3, [r0, #0]
1000183a:	4608      	mov	r0, r1
1000183c:	4611      	mov	r1, r2
1000183e:	4718      	bx	r3

10001840 <stdio_out_chars_crlf>:
10001840:	e92d 41f0 	stmdb	sp!, {r4, r5, r6, r7, r8, lr}
10001844:	4615      	mov	r5, r2
10001846:	7d42      	ldrb	r2, [r0, #21]
10001848:	4607      	mov	r7, r0
1000184a:	4688      	mov	r8, r1
1000184c:	2a00      	cmp	r2, #0
1000184e:	d046      	beq.n	100018de <stdio_out_chars_crlf+0x9e>
10001850:	2d00      	cmp	r5, #0
10001852:	dd1d      	ble.n	10001890 <stdio_out_chars_crlf+0x50>
10001854:	780b      	ldrb	r3, [r1, #0]
10001856:	2b0a      	cmp	r3, #10
10001858:	d023      	beq.n	100018a2 <stdio_out_chars_crlf+0x62>
1000185a:	2d01      	cmp	r5, #1
1000185c:	f04f 0c00 	mov.w	ip, #0
10001860:	d018      	beq.n	10001894 <stdio_out_chars_crlf+0x54>
10001862:	4646      	mov	r6, r8
10001864:	2401      	movs	r4, #1
10001866:	f816 2f01 	ldrb.w	r2, [r6, #1]!
1000186a:	4621      	mov	r1, r4
1000186c:	2a0a      	cmp	r2, #10
1000186e:	f104 0401 	add.w	r4, r4, #1
10001872:	d022      	beq.n	100018ba <stdio_out_chars_crlf+0x7a>
10001874:	42a5      	cmp	r5, r4
10001876:	d1f6      	bne.n	10001866 <stdio_out_chars_crlf+0x26>
10001878:	4565      	cmp	r5, ip
1000187a:	dc0b      	bgt.n	10001894 <stdio_out_chars_crlf+0x54>
1000187c:	eb08 0305 	add.w	r3, r8, r5
10001880:	f813 3c01 	ldrb.w	r3, [r3, #-1]
10001884:	f1a3 030d 	sub.w	r3, r3, #13
10001888:	fab3 f383 	clz	r3, r3
1000188c:	095b      	lsrs	r3, r3, #5
1000188e:	753b      	strb	r3, [r7, #20]
10001890:	e8bd 81f0 	ldmia.w	sp!, {r4, r5, r6, r7, r8, pc}
10001894:	683b      	ldr	r3, [r7, #0]
10001896:	eba5 010c 	sub.w	r1, r5, ip
1000189a:	eb08 000c 	add.w	r0, r8, ip
1000189e:	4798      	blx	r3
100018a0:	e7ec      	b.n	1000187c <stdio_out_chars_crlf+0x3c>
100018a2:	7d03      	ldrb	r3, [r0, #20]
100018a4:	2b00      	cmp	r3, #0
100018a6:	d1d8      	bne.n	1000185a <stdio_out_chars_crlf+0x1a>
100018a8:	6803      	ldr	r3, [r0, #0]
100018aa:	2102      	movs	r1, #2
100018ac:	480f      	ldr	r0, [pc, #60]	@ (100018ec <stdio_out_chars_crlf+0xac>)
100018ae:	4798      	blx	r3
100018b0:	2d01      	cmp	r5, #1
100018b2:	d0e3      	beq.n	1000187c <stdio_out_chars_crlf+0x3c>
100018b4:	f04f 0c01 	mov.w	ip, #1
100018b8:	e7d3      	b.n	10001862 <stdio_out_chars_crlf+0x22>
100018ba:	f816 3c01 	ldrb.w	r3, [r6, #-1]
100018be:	2b0d      	cmp	r3, #13
100018c0:	d0d8      	beq.n	10001874 <stdio_out_chars_crlf+0x34>
100018c2:	458c      	cmp	ip, r1
100018c4:	eb08 000c 	add.w	r0, r8, ip
100018c8:	eba1 010c 	sub.w	r1, r1, ip
100018cc:	da01      	bge.n	100018d2 <stdio_out_chars_crlf+0x92>
100018ce:	683b      	ldr	r3, [r7, #0]
100018d0:	4798      	blx	r3
100018d2:	2102      	movs	r1, #2
100018d4:	4805      	ldr	r0, [pc, #20]	@ (100018ec <stdio_out_chars_crlf+0xac>)
100018d6:	683b      	ldr	r3, [r7, #0]
100018d8:	4798      	blx	r3
100018da:	46a4      	mov	ip, r4
100018dc:	e7ca      	b.n	10001874 <stdio_out_chars_crlf+0x34>
100018de:	4629      	mov	r1, r5
100018e0:	4640      	mov	r0, r8
100018e2:	683b      	ldr	r3, [r7, #0]
100018e4:	e8bd 41f0 	ldmia.w	sp!, {r4, r5, r6, r7, r8, lr}
100018e8:	4718      	bx	r3
100018ea:	bf00      	nop
100018ec:	10004698 	.word	0x10004698

100018f0 <stdio_put_string>:
100018f0:	e92d 47f0 	stmdb	sp!, {r4, r5, r6, r7, r8, r9, sl, lr}
100018f4:	b082      	sub	sp, #8
100018f6:	460d      	mov	r5, r1
100018f8:	4691      	mov	r9, r2
100018fa:	461c      	mov	r4, r3
100018fc:	4606      	mov	r6, r0
100018fe:	f7ff fc15 	bl	1000112c <time_us_64>
10001902:	f04f 3cff 	mov.w	ip, #4294967295	@ 0xffffffff
10001906:	f06f 4700 	mvn.w	r7, #2147483648	@ 0x80000000
1000190a:	4a2e      	ldr	r2, [pc, #184]	@ (100019c4 <stdio_put_string+0xd4>)
1000190c:	1882      	adds	r2, r0, r2
1000190e:	f141 0300 	adc.w	r3, r1, #0
10001912:	4594      	cmp	ip, r2
10001914:	eb77 0103 	sbcs.w	r1, r7, r3
10001918:	bf3c      	itt	cc
1000191a:	4662      	movcc	r2, ip
1000191c:	463b      	movcc	r3, r7
1000191e:	482a      	ldr	r0, [pc, #168]	@ (100019c8 <stdio_put_string+0xd8>)
10001920:	f002 fdae 	bl	10004480 <__mutex_try_enter_block_until_veneer>
10001924:	1c6b      	adds	r3, r5, #1
10001926:	4680      	mov	r8, r0
10001928:	d040      	beq.n	100019ac <stdio_put_string+0xbc>
1000192a:	b30c      	cbz	r4, 10001970 <stdio_put_string+0x80>
1000192c:	4f27      	ldr	r7, [pc, #156]	@ (100019cc <stdio_put_string+0xdc>)
1000192e:	4b28      	ldr	r3, [pc, #160]	@ (100019d0 <stdio_put_string+0xe0>)
10001930:	681c      	ldr	r4, [r3, #0]
10001932:	b1b4      	cbz	r4, 10001962 <stdio_put_string+0x72>
10001934:	f1b9 0f00 	cmp.w	r9, #0
10001938:	d11c      	bne.n	10001974 <stdio_put_string+0x84>
1000193a:	f8df 909c 	ldr.w	r9, [pc, #156]	@ 100019d8 <stdio_put_string+0xe8>
1000193e:	e001      	b.n	10001944 <stdio_put_string+0x54>
10001940:	6924      	ldr	r4, [r4, #16]
10001942:	b174      	cbz	r4, 10001962 <stdio_put_string+0x72>
10001944:	6823      	ldr	r3, [r4, #0]
10001946:	2b00      	cmp	r3, #0
10001948:	d0fa      	beq.n	10001940 <stdio_put_string+0x50>
1000194a:	f8d9 3000 	ldr.w	r3, [r9]
1000194e:	b10b      	cbz	r3, 10001954 <stdio_put_string+0x64>
10001950:	429c      	cmp	r4, r3
10001952:	d1f5      	bne.n	10001940 <stdio_put_string+0x50>
10001954:	4620      	mov	r0, r4
10001956:	462a      	mov	r2, r5
10001958:	4631      	mov	r1, r6
1000195a:	47b8      	blx	r7
1000195c:	6924      	ldr	r4, [r4, #16]
1000195e:	2c00      	cmp	r4, #0
10001960:	d1f0      	bne.n	10001944 <stdio_put_string+0x54>
10001962:	f1b8 0f00 	cmp.w	r8, #0
10001966:	d126      	bne.n	100019b6 <stdio_put_string+0xc6>
10001968:	4628      	mov	r0, r5
1000196a:	b002      	add	sp, #8
1000196c:	e8bd 87f0 	ldmia.w	sp!, {r4, r5, r6, r7, r8, r9, sl, pc}
10001970:	4f18      	ldr	r7, [pc, #96]	@ (100019d4 <stdio_put_string+0xe4>)
10001972:	e7dc      	b.n	1000192e <stdio_put_string+0x3e>
10001974:	f04f 0a0a 	mov.w	sl, #10
10001978:	f8df 905c 	ldr.w	r9, [pc, #92]	@ 100019d8 <stdio_put_string+0xe8>
1000197c:	e002      	b.n	10001984 <stdio_put_string+0x94>
1000197e:	6924      	ldr	r4, [r4, #16]
10001980:	2c00      	cmp	r4, #0
10001982:	d0ee      	beq.n	10001962 <stdio_put_string+0x72>
10001984:	6823      	ldr	r3, [r4, #0]
10001986:	2b00      	cmp	r3, #0
10001988:	d0f9      	beq.n	1000197e <stdio_put_string+0x8e>
1000198a:	f8d9 3000 	ldr.w	r3, [r9]
1000198e:	b10b      	cbz	r3, 10001994 <stdio_put_string+0xa4>
10001990:	42a3      	cmp	r3, r4
10001992:	d1f4      	bne.n	1000197e <stdio_put_string+0x8e>
10001994:	462a      	mov	r2, r5
10001996:	4631      	mov	r1, r6
10001998:	4620      	mov	r0, r4
1000199a:	47b8      	blx	r7
1000199c:	2201      	movs	r2, #1
1000199e:	4620      	mov	r0, r4
100019a0:	f10d 0107 	add.w	r1, sp, #7
100019a4:	f88d a007 	strb.w	sl, [sp, #7]
100019a8:	47b8      	blx	r7
100019aa:	e7e8      	b.n	1000197e <stdio_put_string+0x8e>
100019ac:	4630      	mov	r0, r6
100019ae:	f002 fd1f 	bl	100043f0 <strlen>
100019b2:	4605      	mov	r5, r0
100019b4:	e7b9      	b.n	1000192a <stdio_put_string+0x3a>
100019b6:	4804      	ldr	r0, [pc, #16]	@ (100019c8 <stdio_put_string+0xd8>)
100019b8:	f002 fd52 	bl	10004460 <__mutex_exit_veneer>
100019bc:	4628      	mov	r0, r5
100019be:	b002      	add	sp, #8
100019c0:	e8bd 87f0 	ldmia.w	sp!, {r4, r5, r6, r7, r8, r9, sl, pc}
100019c4:	000f4240 	.word	0x000f4240
100019c8:	20000e9c 	.word	0x20000e9c
100019cc:	10001841 	.word	0x10001841
100019d0:	20001648 	.word	0x20001648
100019d4:	10001839 	.word	0x10001839
100019d8:	20001650 	.word	0x20001650

100019dc <stdio_set_driver_enabled>:
100019dc:	4a08      	ldr	r2, [pc, #32]	@ (10001a00 <stdio_set_driver_enabled+0x24>)
100019de:	6813      	ldr	r3, [r2, #0]
100019e0:	b923      	cbnz	r3, 100019ec <stdio_set_driver_enabled+0x10>
100019e2:	e00a      	b.n	100019fa <stdio_set_driver_enabled+0x1e>
100019e4:	f103 0210 	add.w	r2, r3, #16
100019e8:	691b      	ldr	r3, [r3, #16]
100019ea:	b133      	cbz	r3, 100019fa <stdio_set_driver_enabled+0x1e>
100019ec:	4283      	cmp	r3, r0
100019ee:	d1f9      	bne.n	100019e4 <stdio_set_driver_enabled+0x8>
100019f0:	b929      	cbnz	r1, 100019fe <stdio_set_driver_enabled+0x22>
100019f2:	6918      	ldr	r0, [r3, #16]
100019f4:	6010      	str	r0, [r2, #0]
100019f6:	6119      	str	r1, [r3, #16]
100019f8:	4770      	bx	lr
100019fa:	b101      	cbz	r1, 100019fe <stdio_set_driver_enabled+0x22>
100019fc:	6010      	str	r0, [r2, #0]
100019fe:	4770      	bx	lr
10001a00:	20001648 	.word	0x20001648

10001a04 <stdio_flush>:
10001a04:	4b07      	ldr	r3, [pc, #28]	@ (10001a24 <stdio_flush+0x20>)
10001a06:	b510      	push	{r4, lr}
10001a08:	681c      	ldr	r4, [r3, #0]
10001a0a:	b12c      	cbz	r4, 10001a18 <stdio_flush+0x14>
10001a0c:	6863      	ldr	r3, [r4, #4]
10001a0e:	b123      	cbz	r3, 10001a1a <stdio_flush+0x16>
10001a10:	4798      	blx	r3
10001a12:	6924      	ldr	r4, [r4, #16]
10001a14:	2c00      	cmp	r4, #0
10001a16:	d1f9      	bne.n	10001a0c <stdio_flush+0x8>
10001a18:	bd10      	pop	{r4, pc}
10001a1a:	6924      	ldr	r4, [r4, #16]
10001a1c:	2c00      	cmp	r4, #0
10001a1e:	d1f5      	bne.n	10001a0c <stdio_flush+0x8>
10001a20:	bd10      	pop	{r4, pc}
10001a22:	bf00      	nop
10001a24:	20001648 	.word	0x20001648

10001a28 <stdio_init_all>:
10001a28:	f000 bab4 	b.w	10001f94 <stdio_usb_init>

10001a2c <stdio_getchar_timeout_us>:
10001a2c:	e92d 41f0 	stmdb	sp!, {r4, r5, r6, r7, r8, lr}
10001a30:	b082      	sub	sp, #8
10001a32:	4606      	mov	r6, r0
10001a34:	f7ff fb7a 	bl	1000112c <time_us_64>
10001a38:	f04f 32ff 	mov.w	r2, #4294967295	@ 0xffffffff
10001a3c:	f06f 4300 	mvn.w	r3, #2147483648	@ 0x80000000
10001a40:	1836      	adds	r6, r6, r0
10001a42:	f141 0700 	adc.w	r7, r1, #0
10001a46:	42b2      	cmp	r2, r6
10001a48:	eb73 0107 	sbcs.w	r1, r3, r7
10001a4c:	bf3c      	itt	cc
10001a4e:	4616      	movcc	r6, r2
10001a50:	461f      	movcc	r7, r3
10001a52:	f8df 8060 	ldr.w	r8, [pc, #96]	@ 10001ab4 <stdio_getchar_timeout_us+0x88>
10001a56:	4d15      	ldr	r5, [pc, #84]	@ (10001aac <stdio_getchar_timeout_us+0x80>)
10001a58:	f8d8 4000 	ldr.w	r4, [r8]
10001a5c:	b914      	cbnz	r4, 10001a64 <stdio_getchar_timeout_us+0x38>
10001a5e:	e012      	b.n	10001a86 <stdio_getchar_timeout_us+0x5a>
10001a60:	6924      	ldr	r4, [r4, #16]
10001a62:	b184      	cbz	r4, 10001a86 <stdio_getchar_timeout_us+0x5a>
10001a64:	682b      	ldr	r3, [r5, #0]
10001a66:	b10b      	cbz	r3, 10001a6c <stdio_getchar_timeout_us+0x40>
10001a68:	429c      	cmp	r4, r3
10001a6a:	d1f9      	bne.n	10001a60 <stdio_getchar_timeout_us+0x34>
10001a6c:	68a3      	ldr	r3, [r4, #8]
10001a6e:	2b00      	cmp	r3, #0
10001a70:	d0f6      	beq.n	10001a60 <stdio_getchar_timeout_us+0x34>
10001a72:	2101      	movs	r1, #1
10001a74:	a801      	add	r0, sp, #4
10001a76:	4798      	blx	r3
10001a78:	2800      	cmp	r0, #0
10001a7a:	ddf1      	ble.n	10001a60 <stdio_getchar_timeout_us+0x34>
10001a7c:	f89d 0004 	ldrb.w	r0, [sp, #4]
10001a80:	b002      	add	sp, #8
10001a82:	e8bd 81f0 	ldmia.w	sp!, {r4, r5, r6, r7, r8, pc}
10001a86:	4b0a      	ldr	r3, [pc, #40]	@ (10001ab0 <stdio_getchar_timeout_us+0x84>)
10001a88:	6a5a      	ldr	r2, [r3, #36]	@ 0x24
10001a8a:	4297      	cmp	r7, r2
10001a8c:	d809      	bhi.n	10001aa2 <stdio_getchar_timeout_us+0x76>
10001a8e:	6a9b      	ldr	r3, [r3, #40]	@ 0x28
10001a90:	42b3      	cmp	r3, r6
10001a92:	d304      	bcc.n	10001a9e <stdio_getchar_timeout_us+0x72>
10001a94:	f06f 0001 	mvn.w	r0, #1
10001a98:	b002      	add	sp, #8
10001a9a:	e8bd 81f0 	ldmia.w	sp!, {r4, r5, r6, r7, r8, pc}
10001a9e:	4297      	cmp	r7, r2
10001aa0:	d1f8      	bne.n	10001a94 <stdio_getchar_timeout_us+0x68>
10001aa2:	2001      	movs	r0, #1
10001aa4:	2100      	movs	r1, #0
10001aa6:	f7ff fb4b 	bl	10001140 <busy_wait_us>
10001aaa:	e7d5      	b.n	10001a58 <stdio_getchar_timeout_us+0x2c>
10001aac:	20001650 	.word	0x20001650
10001ab0:	400b0000 	.word	0x400b0000
10001ab4:	20001648 	.word	0x20001648

10001ab8 <__wrap_putchar>:
10001ab8:	b5f0      	push	{r4, r5, r6, r7, lr}
10001aba:	b083      	sub	sp, #12
10001abc:	4606      	mov	r6, r0
10001abe:	f88d 0007 	strb.w	r0, [sp, #7]
10001ac2:	f7ff fb33 	bl	1000112c <time_us_64>
10001ac6:	f04f 35ff 	mov.w	r5, #4294967295	@ 0xffffffff
10001aca:	f06f 4400 	mvn.w	r4, #2147483648	@ 0x80000000
10001ace:	4a17      	ldr	r2, [pc, #92]	@ (10001b2c <__wrap_putchar+0x74>)
10001ad0:	1882      	adds	r2, r0, r2
10001ad2:	f141 0300 	adc.w	r3, r1, #0
10001ad6:	4295      	cmp	r5, r2
10001ad8:	eb74 0103 	sbcs.w	r1, r4, r3
10001adc:	bf3c      	itt	cc
10001ade:	4623      	movcc	r3, r4
10001ae0:	462a      	movcc	r2, r5
10001ae2:	4813      	ldr	r0, [pc, #76]	@ (10001b30 <__wrap_putchar+0x78>)
10001ae4:	f002 fccc 	bl	10004480 <__mutex_try_enter_block_until_veneer>
10001ae8:	4b12      	ldr	r3, [pc, #72]	@ (10001b34 <__wrap_putchar+0x7c>)
10001aea:	4607      	mov	r7, r0
10001aec:	681c      	ldr	r4, [r3, #0]
10001aee:	b19c      	cbz	r4, 10001b18 <__wrap_putchar+0x60>
10001af0:	4d11      	ldr	r5, [pc, #68]	@ (10001b38 <__wrap_putchar+0x80>)
10001af2:	e001      	b.n	10001af8 <__wrap_putchar+0x40>
10001af4:	6924      	ldr	r4, [r4, #16]
10001af6:	b17c      	cbz	r4, 10001b18 <__wrap_putchar+0x60>
10001af8:	6823      	ldr	r3, [r4, #0]
10001afa:	2b00      	cmp	r3, #0
10001afc:	d0fa      	beq.n	10001af4 <__wrap_putchar+0x3c>
10001afe:	682b      	ldr	r3, [r5, #0]
10001b00:	b10b      	cbz	r3, 10001b06 <__wrap_putchar+0x4e>
10001b02:	429c      	cmp	r4, r3
10001b04:	d1f6      	bne.n	10001af4 <__wrap_putchar+0x3c>
10001b06:	4620      	mov	r0, r4
10001b08:	2201      	movs	r2, #1
10001b0a:	f10d 0107 	add.w	r1, sp, #7
10001b0e:	f7ff fe97 	bl	10001840 <stdio_out_chars_crlf>
10001b12:	6924      	ldr	r4, [r4, #16]
10001b14:	2c00      	cmp	r4, #0
10001b16:	d1ef      	bne.n	10001af8 <__wrap_putchar+0x40>
10001b18:	b917      	cbnz	r7, 10001b20 <__wrap_putchar+0x68>
10001b1a:	4630      	mov	r0, r6
10001b1c:	b003      	add	sp, #12
10001b1e:	bdf0      	pop	{r4, r5, r6, r7, pc}
10001b20:	4803      	ldr	r0, [pc, #12]	@ (10001b30 <__wrap_putchar+0x78>)
10001b22:	f002 fc9d 	bl	10004460 <__mutex_exit_veneer>
10001b26:	4630      	mov	r0, r6
10001b28:	b003      	add	sp, #12
10001b2a:	bdf0      	pop	{r4, r5, r6, r7, pc}
10001b2c:	000f4240 	.word	0x000f4240
10001b30:	20000e9c 	.word	0x20000e9c
10001b34:	20001648 	.word	0x20001648
10001b38:	20001650 	.word	0x20001650

10001b3c <__wrap_puts>:
10001b3c:	b538      	push	{r3, r4, r5, lr}
10001b3e:	4604      	mov	r4, r0
10001b40:	f002 fc56 	bl	100043f0 <strlen>
10001b44:	2301      	movs	r3, #1
10001b46:	4605      	mov	r5, r0
10001b48:	461a      	mov	r2, r3
10001b4a:	4620      	mov	r0, r4
10001b4c:	4629      	mov	r1, r5
10001b4e:	f7ff fecf 	bl	100018f0 <stdio_put_string>
10001b52:	4b08      	ldr	r3, [pc, #32]	@ (10001b74 <__wrap_puts+0x38>)
10001b54:	681c      	ldr	r4, [r3, #0]
10001b56:	b12c      	cbz	r4, 10001b64 <__wrap_puts+0x28>
10001b58:	6863      	ldr	r3, [r4, #4]
10001b5a:	b12b      	cbz	r3, 10001b68 <__wrap_puts+0x2c>
10001b5c:	4798      	blx	r3
10001b5e:	6924      	ldr	r4, [r4, #16]
10001b60:	2c00      	cmp	r4, #0
10001b62:	d1f9      	bne.n	10001b58 <__wrap_puts+0x1c>
10001b64:	4628      	mov	r0, r5
10001b66:	bd38      	pop	{r3, r4, r5, pc}
10001b68:	6924      	ldr	r4, [r4, #16]
10001b6a:	2c00      	cmp	r4, #0
10001b6c:	d1f4      	bne.n	10001b58 <__wrap_puts+0x1c>
10001b6e:	4628      	mov	r0, r5
10001b70:	bd38      	pop	{r3, r4, r5, pc}
10001b72:	bf00      	nop
10001b74:	20001648 	.word	0x20001648

10001b78 <resetd_init>:
10001b78:	4770      	bx	lr
10001b7a:	bf00      	nop

10001b7c <resetd_reset>:
10001b7c:	2200      	movs	r2, #0
10001b7e:	4b01      	ldr	r3, [pc, #4]	@ (10001b84 <resetd_reset+0x8>)
10001b80:	701a      	strb	r2, [r3, #0]
10001b82:	4770      	bx	lr
10001b84:	20001acd 	.word	0x20001acd

10001b88 <resetd_open>:
10001b88:	794b      	ldrb	r3, [r1, #5]
10001b8a:	2bff      	cmp	r3, #255	@ 0xff
10001b8c:	d10b      	bne.n	10001ba6 <resetd_open+0x1e>
10001b8e:	7988      	ldrb	r0, [r1, #6]
10001b90:	b948      	cbnz	r0, 10001ba6 <resetd_open+0x1e>
10001b92:	79cb      	ldrb	r3, [r1, #7]
10001b94:	2b01      	cmp	r3, #1
10001b96:	d107      	bne.n	10001ba8 <resetd_open+0x20>
10001b98:	2a08      	cmp	r2, #8
10001b9a:	d905      	bls.n	10001ba8 <resetd_open+0x20>
10001b9c:	4b03      	ldr	r3, [pc, #12]	@ (10001bac <resetd_open+0x24>)
10001b9e:	788a      	ldrb	r2, [r1, #2]
10001ba0:	2009      	movs	r0, #9
10001ba2:	701a      	strb	r2, [r3, #0]
10001ba4:	4770      	bx	lr
10001ba6:	2000      	movs	r0, #0
10001ba8:	4770      	bx	lr
10001baa:	bf00      	nop
10001bac:	20001acd 	.word	0x20001acd

10001bb0 <resetd_xfer_cb>:
10001bb0:	2001      	movs	r0, #1
10001bb2:	4770      	bx	lr

10001bb4 <resetd_control_xfer_cb>:
10001bb4:	2901      	cmp	r1, #1
10001bb6:	d001      	beq.n	10001bbc <resetd_control_xfer_cb+0x8>
10001bb8:	2001      	movs	r0, #1
10001bba:	4770      	bx	lr
10001bbc:	b508      	push	{r3, lr}
10001bbe:	4b10      	ldr	r3, [pc, #64]	@ (10001c00 <resetd_control_xfer_cb+0x4c>)
10001bc0:	8891      	ldrh	r1, [r2, #4]
10001bc2:	781b      	ldrb	r3, [r3, #0]
10001bc4:	4299      	cmp	r1, r3
10001bc6:	d001      	beq.n	10001bcc <resetd_control_xfer_cb+0x18>
10001bc8:	2000      	movs	r0, #0
10001bca:	bd08      	pop	{r3, pc}
10001bcc:	7853      	ldrb	r3, [r2, #1]
10001bce:	2b01      	cmp	r3, #1
10001bd0:	d008      	beq.n	10001be4 <resetd_control_xfer_cb+0x30>
10001bd2:	2b02      	cmp	r3, #2
10001bd4:	d1f8      	bne.n	10001bc8 <resetd_control_xfer_cb+0x14>
10001bd6:	2100      	movs	r1, #0
10001bd8:	2264      	movs	r2, #100	@ 0x64
10001bda:	4608      	mov	r0, r1
10001bdc:	f7ff fc26 	bl	1000142c <watchdog_reboot>
10001be0:	2001      	movs	r0, #1
10001be2:	bd08      	pop	{r3, pc}
10001be4:	8851      	ldrh	r1, [r2, #2]
10001be6:	05cb      	lsls	r3, r1, #23
10001be8:	bf48      	it	mi
10001bea:	0a48      	lsrmi	r0, r1, #9
10001bec:	f3c1 2240 	ubfx	r2, r1, #9, #1
10001bf0:	bf58      	it	pl
10001bf2:	f04f 30ff 	movpl.w	r0, #4294967295	@ 0xffffffff
10001bf6:	f001 017f 	and.w	r1, r1, #127	@ 0x7f
10001bfa:	f7ff fc95 	bl	10001528 <rom_reset_usb_boot_extra>
10001bfe:	bf00      	nop
10001c00:	20001acd 	.word	0x20001acd

10001c04 <tud_descriptor_bos_cb>:
10001c04:	4800      	ldr	r0, [pc, #0]	@ (10001c08 <tud_descriptor_bos_cb+0x4>)
10001c06:	4770      	bx	lr
10001c08:	10004764 	.word	0x10004764

10001c0c <tud_vendor_control_xfer_cb>:
10001c0c:	2901      	cmp	r1, #1
10001c0e:	d107      	bne.n	10001c20 <tud_vendor_control_xfer_cb+0x14>
10001c10:	7853      	ldrb	r3, [r2, #1]
10001c12:	2b01      	cmp	r3, #1
10001c14:	d102      	bne.n	10001c1c <tud_vendor_control_xfer_cb+0x10>
10001c16:	8893      	ldrh	r3, [r2, #4]
10001c18:	2b07      	cmp	r3, #7
10001c1a:	d003      	beq.n	10001c24 <tud_vendor_control_xfer_cb+0x18>
10001c1c:	2000      	movs	r0, #0
10001c1e:	4770      	bx	lr
10001c20:	2001      	movs	r0, #1
10001c22:	4770      	bx	lr
10001c24:	4611      	mov	r1, r2
10001c26:	23a6      	movs	r3, #166	@ 0xa6
10001c28:	4a01      	ldr	r2, [pc, #4]	@ (10001c30 <tud_vendor_control_xfer_cb+0x24>)
10001c2a:	f001 ba39 	b.w	100030a0 <tud_control_xfer>
10001c2e:	bf00      	nop
10001c30:	100046bc 	.word	0x100046bc

10001c34 <usbd_app_driver_get_cb>:
10001c34:	4603      	mov	r3, r0
10001c36:	2201      	movs	r2, #1
10001c38:	4801      	ldr	r0, [pc, #4]	@ (10001c40 <usbd_app_driver_get_cb+0xc>)
10001c3a:	701a      	strb	r2, [r3, #0]
10001c3c:	4770      	bx	lr
10001c3e:	bf00      	nop
10001c40:	1000469c 	.word	0x1000469c

10001c44 <tud_cdc_line_coding_cb>:
10001c44:	b508      	push	{r3, lr}
10001c46:	680b      	ldr	r3, [r1, #0]
10001c48:	f5b3 6f96 	cmp.w	r3, #1200	@ 0x4b0
10001c4c:	d000      	beq.n	10001c50 <tud_cdc_line_coding_cb+0xc>
10001c4e:	bd08      	pop	{r3, pc}
10001c50:	2200      	movs	r2, #0
10001c52:	f04f 30ff 	mov.w	r0, #4294967295	@ 0xffffffff
10001c56:	4611      	mov	r1, r2
10001c58:	f7ff fc66 	bl	10001528 <rom_reset_usb_boot_extra>

10001c5c <stdio_usb_set_chars_available_callback>:
10001c5c:	4a02      	ldr	r2, [pc, #8]	@ (10001c68 <stdio_usb_set_chars_available_callback+0xc>)
10001c5e:	4b03      	ldr	r3, [pc, #12]	@ (10001c6c <stdio_usb_set_chars_available_callback+0x10>)
10001c60:	6010      	str	r0, [r2, #0]
10001c62:	6019      	str	r1, [r3, #0]
10001c64:	4770      	bx	lr
10001c66:	bf00      	nop
10001c68:	200015e8 	.word	0x200015e8
10001c6c:	200015ec 	.word	0x200015ec

10001c70 <timer_task>:
10001c70:	4b18      	ldr	r3, [pc, #96]	@ (10001cd4 <timer_task+0x64>)
10001c72:	b570      	push	{r4, r5, r6, lr}
10001c74:	681a      	ldr	r2, [r3, #0]
10001c76:	2a00      	cmp	r2, #0
10001c78:	d028      	beq.n	10001ccc <timer_task+0x5c>
10001c7a:	f3ef 8110 	mrs	r1, PRIMASK
10001c7e:	b672      	cpsid	i
10001c80:	e8d2 4fcf 	ldaexb	r4, [r2]
10001c84:	2001      	movs	r0, #1
10001c86:	2c00      	cmp	r4, #0
10001c88:	d1fa      	bne.n	10001c80 <timer_task+0x10>
10001c8a:	e8c2 0f44 	strexb	r4, r0, [r2]
10001c8e:	2c00      	cmp	r4, #0
10001c90:	d1f6      	bne.n	10001c80 <timer_task+0x10>
10001c92:	f3bf 8f5f 	dmb	sy
10001c96:	2200      	movs	r2, #0
10001c98:	4c0f      	ldr	r4, [pc, #60]	@ (10001cd8 <timer_task+0x68>)
10001c9a:	6818      	ldr	r0, [r3, #0]
10001c9c:	6059      	str	r1, [r3, #4]
10001c9e:	7022      	strb	r2, [r4, #0]
10001ca0:	e8c0 2f8f 	stlb	r2, [r0]
10001ca4:	f381 8810 	msr	PRIMASK, r1
10001ca8:	2400      	movs	r4, #0
10001caa:	2500      	movs	r5, #0
10001cac:	4e0b      	ldr	r6, [pc, #44]	@ (10001cdc <timer_task+0x6c>)
10001cae:	7830      	ldrb	r0, [r6, #0]
10001cb0:	f7fe fc08 	bl	100004c4 <irq_is_enabled>
10001cb4:	b920      	cbnz	r0, 10001cc0 <timer_task+0x50>
10001cb6:	2400      	movs	r4, #0
10001cb8:	2500      	movs	r5, #0
10001cba:	4620      	mov	r0, r4
10001cbc:	4629      	mov	r1, r5
10001cbe:	bd70      	pop	{r4, r5, r6, pc}
10001cc0:	7830      	ldrb	r0, [r6, #0]
10001cc2:	f7fe fc0f 	bl	100004e4 <irq_set_pending>
10001cc6:	4620      	mov	r0, r4
10001cc8:	4629      	mov	r1, r5
10001cca:	bd70      	pop	{r4, r5, r6, pc}
10001ccc:	f44f 747a 	mov.w	r4, #1000	@ 0x3e8
10001cd0:	2500      	movs	r5, #0
10001cd2:	e7eb      	b.n	10001cac <timer_task+0x3c>
10001cd4:	20001a78 	.word	0x20001a78
10001cd8:	20001acf 	.word	0x20001acf
10001cdc:	20001ace 	.word	0x20001ace

10001ce0 <usb_irq>:
10001ce0:	4b01      	ldr	r3, [pc, #4]	@ (10001ce8 <usb_irq+0x8>)
10001ce2:	7818      	ldrb	r0, [r3, #0]
10001ce4:	f7fe bbfe 	b.w	100004e4 <irq_set_pending>
10001ce8:	20001ace 	.word	0x20001ace

10001cec <stdio_usb_in_chars>:
10001cec:	b538      	push	{r3, r4, r5, lr}
10001cee:	4604      	mov	r4, r0
10001cf0:	2000      	movs	r0, #0
10001cf2:	460d      	mov	r5, r1
10001cf4:	f001 fb04 	bl	10003300 <tud_cdc_n_connected>
10001cf8:	b3a8      	cbz	r0, 10001d66 <stdio_usb_in_chars+0x7a>
10001cfa:	2000      	movs	r0, #0
10001cfc:	f001 fb16 	bl	1000332c <tud_cdc_n_available>
10001d00:	b388      	cbz	r0, 10001d66 <stdio_usb_in_chars+0x7a>
10001d02:	f7ff fa13 	bl	1000112c <time_us_64>
10001d06:	f04f 3eff 	mov.w	lr, #4294967295	@ 0xffffffff
10001d0a:	f06f 4c00 	mvn.w	ip, #2147483648	@ 0x80000000
10001d0e:	4a17      	ldr	r2, [pc, #92]	@ (10001d6c <stdio_usb_in_chars+0x80>)
10001d10:	1882      	adds	r2, r0, r2
10001d12:	f141 0300 	adc.w	r3, r1, #0
10001d16:	4596      	cmp	lr, r2
10001d18:	eb7c 0103 	sbcs.w	r1, ip, r3
10001d1c:	bf3c      	itt	cc
10001d1e:	4672      	movcc	r2, lr
10001d20:	4663      	movcc	r3, ip
10001d22:	4813      	ldr	r0, [pc, #76]	@ (10001d70 <stdio_usb_in_chars+0x84>)
10001d24:	f002 fbac 	bl	10004480 <__mutex_try_enter_block_until_veneer>
10001d28:	b1e8      	cbz	r0, 10001d66 <stdio_usb_in_chars+0x7a>
10001d2a:	2000      	movs	r0, #0
10001d2c:	f001 fae8 	bl	10003300 <tud_cdc_n_connected>
10001d30:	b958      	cbnz	r0, 10001d4a <stdio_usb_in_chars+0x5e>
10001d32:	2100      	movs	r1, #0
10001d34:	f04f 30ff 	mov.w	r0, #4294967295	@ 0xffffffff
10001d38:	f000 fd0a 	bl	10002750 <tud_task_ext>
10001d3c:	f06f 0402 	mvn.w	r4, #2
10001d40:	480b      	ldr	r0, [pc, #44]	@ (10001d70 <stdio_usb_in_chars+0x84>)
10001d42:	f002 fb8d 	bl	10004460 <__mutex_exit_veneer>
10001d46:	4620      	mov	r0, r4
10001d48:	bd38      	pop	{r3, r4, r5, pc}
10001d4a:	2000      	movs	r0, #0
10001d4c:	f001 faee 	bl	1000332c <tud_cdc_n_available>
10001d50:	2800      	cmp	r0, #0
10001d52:	d0ee      	beq.n	10001d32 <stdio_usb_in_chars+0x46>
10001d54:	4621      	mov	r1, r4
10001d56:	462a      	mov	r2, r5
10001d58:	2000      	movs	r0, #0
10001d5a:	f001 faf1 	bl	10003340 <tud_cdc_n_read>
10001d5e:	4604      	mov	r4, r0
10001d60:	2800      	cmp	r0, #0
10001d62:	d1ed      	bne.n	10001d40 <stdio_usb_in_chars+0x54>
10001d64:	e7ea      	b.n	10001d3c <stdio_usb_in_chars+0x50>
10001d66:	f06f 0402 	mvn.w	r4, #2
10001d6a:	e7ec      	b.n	10001d46 <stdio_usb_in_chars+0x5a>
10001d6c:	000f4240 	.word	0x000f4240
10001d70:	20001aac 	.word	0x20001aac

10001d74 <stdio_usb_out_flush>:
10001d74:	b508      	push	{r3, lr}
10001d76:	f7ff f9d9 	bl	1000112c <time_us_64>
10001d7a:	f04f 3eff 	mov.w	lr, #4294967295	@ 0xffffffff
10001d7e:	f06f 4c00 	mvn.w	ip, #2147483648	@ 0x80000000
10001d82:	4a0f      	ldr	r2, [pc, #60]	@ (10001dc0 <stdio_usb_out_flush+0x4c>)
10001d84:	1882      	adds	r2, r0, r2
10001d86:	f141 0300 	adc.w	r3, r1, #0
10001d8a:	4596      	cmp	lr, r2
10001d8c:	eb7c 0103 	sbcs.w	r1, ip, r3
10001d90:	bf3c      	itt	cc
10001d92:	4672      	movcc	r2, lr
10001d94:	4663      	movcc	r3, ip
10001d96:	480b      	ldr	r0, [pc, #44]	@ (10001dc4 <stdio_usb_out_flush+0x50>)
10001d98:	f002 fb72 	bl	10004480 <__mutex_try_enter_block_until_veneer>
10001d9c:	b170      	cbz	r0, 10001dbc <stdio_usb_out_flush+0x48>
10001d9e:	f04f 30ff 	mov.w	r0, #4294967295	@ 0xffffffff
10001da2:	2100      	movs	r1, #0
10001da4:	f000 fcd4 	bl	10002750 <tud_task_ext>
10001da8:	2000      	movs	r0, #0
10001daa:	f001 fb11 	bl	100033d0 <tud_cdc_n_write_flush>
10001dae:	2800      	cmp	r0, #0
10001db0:	d1f5      	bne.n	10001d9e <stdio_usb_out_flush+0x2a>
10001db2:	e8bd 4008 	ldmia.w	sp!, {r3, lr}
10001db6:	4803      	ldr	r0, [pc, #12]	@ (10001dc4 <stdio_usb_out_flush+0x50>)
10001db8:	f002 bb52 	b.w	10004460 <__mutex_exit_veneer>
10001dbc:	bd08      	pop	{r3, pc}
10001dbe:	bf00      	nop
10001dc0:	000f4240 	.word	0x000f4240
10001dc4:	20001aac 	.word	0x20001aac

10001dc8 <stdio_usb_out_chars>:
10001dc8:	e92d 43f8 	stmdb	sp!, {r3, r4, r5, r6, r7, r8, r9, lr}
10001dcc:	4680      	mov	r8, r0
10001dce:	460f      	mov	r7, r1
10001dd0:	f7ff f9ac 	bl	1000112c <time_us_64>
10001dd4:	f04f 35ff 	mov.w	r5, #4294967295	@ 0xffffffff
10001dd8:	f06f 4400 	mvn.w	r4, #2147483648	@ 0x80000000
10001ddc:	4a33      	ldr	r2, [pc, #204]	@ (10001eac <stdio_usb_out_chars+0xe4>)
10001dde:	1882      	adds	r2, r0, r2
10001de0:	f141 0300 	adc.w	r3, r1, #0
10001de4:	4295      	cmp	r5, r2
10001de6:	eb74 0103 	sbcs.w	r1, r4, r3
10001dea:	bf3c      	itt	cc
10001dec:	462a      	movcc	r2, r5
10001dee:	4623      	movcc	r3, r4
10001df0:	482f      	ldr	r0, [pc, #188]	@ (10001eb0 <stdio_usb_out_chars+0xe8>)
10001df2:	f002 fb45 	bl	10004480 <__mutex_try_enter_block_until_veneer>
10001df6:	b908      	cbnz	r0, 10001dfc <stdio_usb_out_chars+0x34>
10001df8:	e8bd 83f8 	ldmia.w	sp!, {r3, r4, r5, r6, r7, r8, r9, pc}
10001dfc:	2000      	movs	r0, #0
10001dfe:	f001 fa7f 	bl	10003300 <tud_cdc_n_connected>
10001e02:	2800      	cmp	r0, #0
10001e04:	d047      	beq.n	10001e96 <stdio_usb_out_chars+0xce>
10001e06:	2f00      	cmp	r7, #0
10001e08:	dd40      	ble.n	10001e8c <stdio_usb_out_chars+0xc4>
10001e0a:	2500      	movs	r5, #0
10001e0c:	f8df 90a8 	ldr.w	r9, [pc, #168]	@ 10001eb8 <stdio_usb_out_chars+0xf0>
10001e10:	4e28      	ldr	r6, [pc, #160]	@ (10001eb4 <stdio_usb_out_chars+0xec>)
10001e12:	e013      	b.n	10001e3c <stdio_usb_out_chars+0x74>
10001e14:	4622      	mov	r2, r4
10001e16:	2000      	movs	r0, #0
10001e18:	f001 fb20 	bl	1000345c <tud_cdc_n_write>
10001e1c:	2100      	movs	r1, #0
10001e1e:	4604      	mov	r4, r0
10001e20:	f04f 30ff 	mov.w	r0, #4294967295	@ 0xffffffff
10001e24:	f000 fc94 	bl	10002750 <tud_task_ext>
10001e28:	2000      	movs	r0, #0
10001e2a:	f001 fad1 	bl	100033d0 <tud_cdc_n_write_flush>
10001e2e:	f7ff f97d 	bl	1000112c <time_us_64>
10001e32:	e9c9 0100 	strd	r0, r1, [r9]
10001e36:	4425      	add	r5, r4
10001e38:	42af      	cmp	r7, r5
10001e3a:	dd27      	ble.n	10001e8c <stdio_usb_out_chars+0xc4>
10001e3c:	2000      	movs	r0, #0
10001e3e:	f001 fb2d 	bl	1000349c <tud_cdc_n_write_available>
10001e42:	1b7c      	subs	r4, r7, r5
10001e44:	4284      	cmp	r4, r0
10001e46:	bfa8      	it	ge
10001e48:	4604      	movge	r4, r0
10001e4a:	eb08 0105 	add.w	r1, r8, r5
10001e4e:	2c00      	cmp	r4, #0
10001e50:	d1e0      	bne.n	10001e14 <stdio_usb_out_chars+0x4c>
10001e52:	4621      	mov	r1, r4
10001e54:	f04f 30ff 	mov.w	r0, #4294967295	@ 0xffffffff
10001e58:	f000 fc7a 	bl	10002750 <tud_task_ext>
10001e5c:	4620      	mov	r0, r4
10001e5e:	f001 fab7 	bl	100033d0 <tud_cdc_n_write_flush>
10001e62:	4620      	mov	r0, r4
10001e64:	f001 fa4c 	bl	10003300 <tud_cdc_n_connected>
10001e68:	b180      	cbz	r0, 10001e8c <stdio_usb_out_chars+0xc4>
10001e6a:	4620      	mov	r0, r4
10001e6c:	f001 fb16 	bl	1000349c <tud_cdc_n_write_available>
10001e70:	2800      	cmp	r0, #0
10001e72:	d1e1      	bne.n	10001e38 <stdio_usb_out_chars+0x70>
10001e74:	f7ff f95a 	bl	1000112c <time_us_64>
10001e78:	f8d9 3000 	ldr.w	r3, [r9]
10001e7c:	f8d9 2004 	ldr.w	r2, [r9, #4]
10001e80:	199b      	adds	r3, r3, r6
10001e82:	f142 0200 	adc.w	r2, r2, #0
10001e86:	4283      	cmp	r3, r0
10001e88:	418a      	sbcs	r2, r1
10001e8a:	d2d5      	bcs.n	10001e38 <stdio_usb_out_chars+0x70>
10001e8c:	4808      	ldr	r0, [pc, #32]	@ (10001eb0 <stdio_usb_out_chars+0xe8>)
10001e8e:	e8bd 43f8 	ldmia.w	sp!, {r3, r4, r5, r6, r7, r8, r9, lr}
10001e92:	f002 bae5 	b.w	10004460 <__mutex_exit_veneer>
10001e96:	2000      	movs	r0, #0
10001e98:	2100      	movs	r1, #0
10001e9a:	4b07      	ldr	r3, [pc, #28]	@ (10001eb8 <stdio_usb_out_chars+0xf0>)
10001e9c:	e9c3 0100 	strd	r0, r1, [r3]
10001ea0:	e8bd 43f8 	ldmia.w	sp!, {r3, r4, r5, r6, r7, r8, r9, lr}
10001ea4:	4802      	ldr	r0, [pc, #8]	@ (10001eb0 <stdio_usb_out_chars+0xe8>)
10001ea6:	f002 badb 	b.w	10004460 <__mutex_exit_veneer>
10001eaa:	bf00      	nop
10001eac:	000f4240 	.word	0x000f4240
10001eb0:	20001aac 	.word	0x20001aac
10001eb4:	0007a120 	.word	0x0007a120
10001eb8:	20001028 	.word	0x20001028

10001ebc <low_priority_worker_irq>:
10001ebc:	b530      	push	{r4, r5, lr}
10001ebe:	2100      	movs	r1, #0
10001ec0:	b085      	sub	sp, #20
10001ec2:	482e      	ldr	r0, [pc, #184]	@ (10001f7c <low_priority_worker_irq+0xc0>)
10001ec4:	f002 fae4 	bl	10004490 <__mutex_try_enter_veneer>
10001ec8:	b9f0      	cbnz	r0, 10001f08 <low_priority_worker_irq+0x4c>
10001eca:	4b2d      	ldr	r3, [pc, #180]	@ (10001f80 <low_priority_worker_irq+0xc4>)
10001ecc:	681a      	ldr	r2, [r3, #0]
10001ece:	b1ca      	cbz	r2, 10001f04 <low_priority_worker_irq+0x48>
10001ed0:	f3ef 8110 	mrs	r1, PRIMASK
10001ed4:	b672      	cpsid	i
10001ed6:	e8d2 5fcf 	ldaexb	r5, [r2]
10001eda:	2401      	movs	r4, #1
10001edc:	2d00      	cmp	r5, #0
10001ede:	d1fa      	bne.n	10001ed6 <low_priority_worker_irq+0x1a>
10001ee0:	e8c2 4f45 	strexb	r5, r4, [r2]
10001ee4:	2d00      	cmp	r5, #0
10001ee6:	d1f6      	bne.n	10001ed6 <low_priority_worker_irq+0x1a>
10001ee8:	f3bf 8f5f 	dmb	sy
10001eec:	4c25      	ldr	r4, [pc, #148]	@ (10001f84 <low_priority_worker_irq+0xc8>)
10001eee:	681d      	ldr	r5, [r3, #0]
10001ef0:	7822      	ldrb	r2, [r4, #0]
10001ef2:	6059      	str	r1, [r3, #4]
10001ef4:	b2d3      	uxtb	r3, r2
10001ef6:	2201      	movs	r2, #1
10001ef8:	7022      	strb	r2, [r4, #0]
10001efa:	e8c5 0f8f 	stlb	r0, [r5]
10001efe:	f381 8810 	msr	PRIMASK, r1
10001f02:	b1cb      	cbz	r3, 10001f38 <low_priority_worker_irq+0x7c>
10001f04:	b005      	add	sp, #20
10001f06:	bd30      	pop	{r4, r5, pc}
10001f08:	2100      	movs	r1, #0
10001f0a:	f04f 30ff 	mov.w	r0, #4294967295	@ 0xffffffff
10001f0e:	f000 fc1f 	bl	10002750 <tud_task_ext>
10001f12:	2000      	movs	r0, #0
10001f14:	f001 fa0a 	bl	1000332c <tud_cdc_n_available>
10001f18:	4604      	mov	r4, r0
10001f1a:	4818      	ldr	r0, [pc, #96]	@ (10001f7c <low_priority_worker_irq+0xc0>)
10001f1c:	f002 faa0 	bl	10004460 <__mutex_exit_veneer>
10001f20:	2c00      	cmp	r4, #0
10001f22:	d0ef      	beq.n	10001f04 <low_priority_worker_irq+0x48>
10001f24:	4b18      	ldr	r3, [pc, #96]	@ (10001f88 <low_priority_worker_irq+0xcc>)
10001f26:	681b      	ldr	r3, [r3, #0]
10001f28:	2b00      	cmp	r3, #0
10001f2a:	d0eb      	beq.n	10001f04 <low_priority_worker_irq+0x48>
10001f2c:	4a17      	ldr	r2, [pc, #92]	@ (10001f8c <low_priority_worker_irq+0xd0>)
10001f2e:	6810      	ldr	r0, [r2, #0]
10001f30:	b005      	add	sp, #20
10001f32:	e8bd 4030 	ldmia.w	sp!, {r4, r5, lr}
10001f36:	4718      	bx	r3
10001f38:	f7fe feee 	bl	10000d18 <alarm_pool_get_default>
10001f3c:	4604      	mov	r4, r0
10001f3e:	f7ff f8f5 	bl	1000112c <time_us_64>
10001f42:	f04f 3cff 	mov.w	ip, #4294967295	@ 0xffffffff
10001f46:	f06f 4500 	mvn.w	r5, #2147483648	@ 0x80000000
10001f4a:	f510 727a 	adds.w	r2, r0, #1000	@ 0x3e8
10001f4e:	f141 0300 	adc.w	r3, r1, #0
10001f52:	4594      	cmp	ip, r2
10001f54:	eb75 0103 	sbcs.w	r1, r5, r3
10001f58:	bf38      	it	cc
10001f5a:	462b      	movcc	r3, r5
10001f5c:	f04f 0100 	mov.w	r1, #0
10001f60:	f04f 0501 	mov.w	r5, #1
10001f64:	4620      	mov	r0, r4
10001f66:	4c0a      	ldr	r4, [pc, #40]	@ (10001f90 <low_priority_worker_irq+0xd4>)
10001f68:	bf38      	it	cc
10001f6a:	4662      	movcc	r2, ip
10001f6c:	e9cd 1501 	strd	r1, r5, [sp, #4]
10001f70:	9400      	str	r4, [sp, #0]
10001f72:	f7fe fed5 	bl	10000d20 <alarm_pool_add_alarm_at>
10001f76:	b005      	add	sp, #20
10001f78:	bd30      	pop	{r4, r5, pc}
10001f7a:	bf00      	nop
10001f7c:	20001aac 	.word	0x20001aac
10001f80:	20001a78 	.word	0x20001a78
10001f84:	20001acf 	.word	0x20001acf
10001f88:	200015e8 	.word	0x200015e8
10001f8c:	200015ec 	.word	0x200015ec
10001f90:	10001c71 	.word	0x10001c71

10001f94 <stdio_usb_init>:
10001f94:	f04f 4350 	mov.w	r3, #3489660928	@ 0xd0000000
10001f98:	b530      	push	{r4, r5, lr}
10001f9a:	b085      	sub	sp, #20
10001f9c:	681c      	ldr	r4, [r3, #0]
10001f9e:	f7fe febb 	bl	10000d18 <alarm_pool_get_default>
10001fa2:	f7fe ffcf 	bl	10000f44 <alarm_pool_core_num>
10001fa6:	42a0      	cmp	r0, r4
10001fa8:	d002      	beq.n	10001fb0 <stdio_usb_init+0x1c>
10001faa:	2000      	movs	r0, #0
10001fac:	b005      	add	sp, #20
10001fae:	bd30      	pop	{r4, r5, pc}
10001fb0:	2100      	movs	r1, #0
10001fb2:	4b2a      	ldr	r3, [pc, #168]	@ (1000205c <stdio_usb_init+0xc8>)
10001fb4:	4608      	mov	r0, r1
10001fb6:	781b      	ldrb	r3, [r3, #0]
10001fb8:	f001 fd38 	bl	10003a2c <tusb_rhport_init>
10001fbc:	4828      	ldr	r0, [pc, #160]	@ (10002060 <stdio_usb_init+0xcc>)
10001fbe:	6803      	ldr	r3, [r0, #0]
10001fc0:	2b00      	cmp	r3, #0
10001fc2:	d047      	beq.n	10002054 <stdio_usb_init+0xc0>
10001fc4:	2001      	movs	r0, #1
10001fc6:	f7fe fc2b 	bl	10000820 <user_irq_claim_unused>
10001fca:	4603      	mov	r3, r0
10001fcc:	4c25      	ldr	r4, [pc, #148]	@ (10002064 <stdio_usb_init+0xd0>)
10001fce:	4926      	ldr	r1, [pc, #152]	@ (10002068 <stdio_usb_init+0xd4>)
10001fd0:	b2c0      	uxtb	r0, r0
10001fd2:	7023      	strb	r3, [r4, #0]
10001fd4:	f7fe faa2 	bl	1000051c <irq_set_exclusive_handler>
10001fd8:	7820      	ldrb	r0, [r4, #0]
10001fda:	2101      	movs	r1, #1
10001fdc:	f7fe fa5c 	bl	10000498 <irq_set_enabled>
10001fe0:	200e      	movs	r0, #14
10001fe2:	f7fe fa8b 	bl	100004fc <irq_has_shared_handler>
10001fe6:	bb40      	cbnz	r0, 1000203a <stdio_usb_init+0xa6>
10001fe8:	4b20      	ldr	r3, [pc, #128]	@ (1000206c <stdio_usb_init+0xd8>)
10001fea:	2501      	movs	r5, #1
10001fec:	e9c3 0000 	strd	r0, r0, [r3]
10001ff0:	f7fe fe92 	bl	10000d18 <alarm_pool_get_default>
10001ff4:	4604      	mov	r4, r0
10001ff6:	f7ff f899 	bl	1000112c <time_us_64>
10001ffa:	f04f 3eff 	mov.w	lr, #4294967295	@ 0xffffffff
10001ffe:	f06f 4c00 	mvn.w	ip, #2147483648	@ 0x80000000
10002002:	f510 727a 	adds.w	r2, r0, #1000	@ 0x3e8
10002006:	f141 0300 	adc.w	r3, r1, #0
1000200a:	4596      	cmp	lr, r2
1000200c:	eb7c 0103 	sbcs.w	r1, ip, r3
10002010:	f04f 0100 	mov.w	r1, #0
10002014:	4620      	mov	r0, r4
10002016:	4c16      	ldr	r4, [pc, #88]	@ (10002070 <stdio_usb_init+0xdc>)
10002018:	bf3c      	itt	cc
1000201a:	4672      	movcc	r2, lr
1000201c:	4663      	movcc	r3, ip
1000201e:	e9cd 1501 	strd	r1, r5, [sp, #4]
10002022:	9400      	str	r4, [sp, #0]
10002024:	f7fe fe7c 	bl	10000d20 <alarm_pool_add_alarm_at>
10002028:	2800      	cmp	r0, #0
1000202a:	dbbe      	blt.n	10001faa <stdio_usb_init+0x16>
1000202c:	2101      	movs	r1, #1
1000202e:	4811      	ldr	r0, [pc, #68]	@ (10002074 <stdio_usb_init+0xe0>)
10002030:	f7ff fcd4 	bl	100019dc <stdio_set_driver_enabled>
10002034:	2001      	movs	r0, #1
10002036:	b005      	add	sp, #20
10002038:	bd30      	pop	{r4, r5, pc}
1000203a:	2001      	movs	r0, #1
1000203c:	f7fe f9e8 	bl	10000410 <spin_lock_claim_unused>
10002040:	4601      	mov	r1, r0
10002042:	480a      	ldr	r0, [pc, #40]	@ (1000206c <stdio_usb_init+0xd8>)
10002044:	f7fe fc48 	bl	100008d8 <critical_section_init_with_lock_num>
10002048:	2200      	movs	r2, #0
1000204a:	200e      	movs	r0, #14
1000204c:	490a      	ldr	r1, [pc, #40]	@ (10002078 <stdio_usb_init+0xe4>)
1000204e:	f7fe fa95 	bl	1000057c <irq_add_shared_handler>
10002052:	e7eb      	b.n	1000202c <stdio_usb_init+0x98>
10002054:	f7fe fc24 	bl	100008a0 <mutex_init>
10002058:	e7b4      	b.n	10001fc4 <stdio_usb_init+0x30>
1000205a:	bf00      	nop
1000205c:	1000487c 	.word	0x1000487c
10002060:	20001aac 	.word	0x20001aac
10002064:	20001ace 	.word	0x20001ace
10002068:	10001ebd 	.word	0x10001ebd
1000206c:	20001a78 	.word	0x20001a78
10002070:	10001c71 	.word	0x10001c71
10002074:	20000e64 	.word	0x20000e64
10002078:	10001ce1 	.word	0x10001ce1

1000207c <tud_descriptor_device_cb>:
1000207c:	4800      	ldr	r0, [pc, #0]	@ (10002080 <tud_descriptor_device_cb+0x4>)
1000207e:	4770      	bx	lr
10002080:	10004800 	.word	0x10004800

10002084 <tud_descriptor_configuration_cb>:
10002084:	4800      	ldr	r0, [pc, #0]	@ (10002088 <tud_descriptor_configuration_cb+0x4>)
10002086:	4770      	bx	lr
10002088:	100047ac 	.word	0x100047ac

1000208c <tud_descriptor_string_cb>:
1000208c:	b538      	push	{r3, r4, r5, lr}
1000208e:	4b18      	ldr	r3, [pc, #96]	@ (100020f0 <tud_descriptor_string_cb+0x64>)
10002090:	4604      	mov	r4, r0
10002092:	781a      	ldrb	r2, [r3, #0]
10002094:	b30a      	cbz	r2, 100020da <tud_descriptor_string_cb+0x4e>
10002096:	b944      	cbnz	r4, 100020aa <tud_descriptor_string_cb+0x1e>
10002098:	f240 4209 	movw	r2, #1033	@ 0x409
1000209c:	f44f 7341 	mov.w	r3, #772	@ 0x304
100020a0:	4d14      	ldr	r5, [pc, #80]	@ (100020f4 <tud_descriptor_string_cb+0x68>)
100020a2:	806a      	strh	r2, [r5, #2]
100020a4:	4813      	ldr	r0, [pc, #76]	@ (100020f4 <tud_descriptor_string_cb+0x68>)
100020a6:	802b      	strh	r3, [r5, #0]
100020a8:	bd38      	pop	{r3, r4, r5, pc}
100020aa:	2c05      	cmp	r4, #5
100020ac:	d81d      	bhi.n	100020ea <tud_descriptor_string_cb+0x5e>
100020ae:	4b12      	ldr	r3, [pc, #72]	@ (100020f8 <tud_descriptor_string_cb+0x6c>)
100020b0:	4d10      	ldr	r5, [pc, #64]	@ (100020f4 <tud_descriptor_string_cb+0x68>)
100020b2:	f853 1024 	ldr.w	r1, [r3, r4, lsl #2]
100020b6:	4628      	mov	r0, r5
100020b8:	2300      	movs	r3, #0
100020ba:	3901      	subs	r1, #1
100020bc:	e003      	b.n	100020c6 <tud_descriptor_string_cb+0x3a>
100020be:	2b13      	cmp	r3, #19
100020c0:	f820 2f02 	strh.w	r2, [r0, #2]!
100020c4:	d00e      	beq.n	100020e4 <tud_descriptor_string_cb+0x58>
100020c6:	f811 2f01 	ldrb.w	r2, [r1, #1]!
100020ca:	3301      	adds	r3, #1
100020cc:	b2db      	uxtb	r3, r3
100020ce:	2a00      	cmp	r2, #0
100020d0:	d1f5      	bne.n	100020be <tud_descriptor_string_cb+0x32>
100020d2:	005b      	lsls	r3, r3, #1
100020d4:	f443 7340 	orr.w	r3, r3, #768	@ 0x300
100020d8:	e7e4      	b.n	100020a4 <tud_descriptor_string_cb+0x18>
100020da:	2111      	movs	r1, #17
100020dc:	4618      	mov	r0, r3
100020de:	f000 f825 	bl	1000212c <pico_get_unique_board_id_string>
100020e2:	e7d8      	b.n	10002096 <tud_descriptor_string_cb+0xa>
100020e4:	f44f 734a 	mov.w	r3, #808	@ 0x328
100020e8:	e7dc      	b.n	100020a4 <tud_descriptor_string_cb+0x18>
100020ea:	2000      	movs	r0, #0
100020ec:	bd38      	pop	{r3, r4, r5, pc}
100020ee:	bf00      	nop
100020f0:	20001ab8 	.word	0x20001ab8
100020f4:	20001620 	.word	0x20001620
100020f8:	10004794 	.word	0x10004794

100020fc <_retrieve_unique_id_on_boot>:
100020fc:	b500      	push	{lr}
100020fe:	f245 3047 	movw	r0, #21319	@ 0x5347
10002102:	b08b      	sub	sp, #44	@ 0x2c
10002104:	f7ff fa04 	bl	10001510 <rom_func_lookup>
10002108:	2201      	movs	r2, #1
1000210a:	4603      	mov	r3, r0
1000210c:	2109      	movs	r1, #9
1000210e:	a801      	add	r0, sp, #4
10002110:	4798      	blx	r3
10002112:	e9dd 3203 	ldrd	r3, r2, [sp, #12]
10002116:	4904      	ldr	r1, [pc, #16]	@ (10002128 <_retrieve_unique_id_on_boot+0x2c>)
10002118:	ba12      	rev	r2, r2
1000211a:	ba1b      	rev	r3, r3
1000211c:	e9c1 2300 	strd	r2, r3, [r1]
10002120:	b00b      	add	sp, #44	@ 0x2c
10002122:	f85d fb04 	ldr.w	pc, [sp], #4
10002126:	bf00      	nop
10002128:	20001aa0 	.word	0x20001aa0

1000212c <pico_get_unique_board_id_string>:
1000212c:	2901      	cmp	r1, #1
1000212e:	f101 33ff 	add.w	r3, r1, #4294967295	@ 0xffffffff
10002132:	f000 80b3 	beq.w	1000229c <pico_get_unique_board_id_string+0x170>
10002136:	495d      	ldr	r1, [pc, #372]	@ (100022ac <pico_get_unique_board_id_string+0x180>)
10002138:	780a      	ldrb	r2, [r1, #0]
1000213a:	ea4f 1c12 	mov.w	ip, r2, lsr #4
1000213e:	2a9f      	cmp	r2, #159	@ 0x9f
10002140:	bf8c      	ite	hi
10002142:	f10c 0c37 	addhi.w	ip, ip, #55	@ 0x37
10002146:	f10c 0c30 	addls.w	ip, ip, #48	@ 0x30
1000214a:	2b01      	cmp	r3, #1
1000214c:	f880 c000 	strb.w	ip, [r0]
10002150:	f000 80a7 	beq.w	100022a2 <pico_get_unique_board_id_string+0x176>
10002154:	f002 020f 	and.w	r2, r2, #15
10002158:	2a09      	cmp	r2, #9
1000215a:	bf8c      	ite	hi
1000215c:	3237      	addhi	r2, #55	@ 0x37
1000215e:	3230      	addls	r2, #48	@ 0x30
10002160:	2b02      	cmp	r3, #2
10002162:	7042      	strb	r2, [r0, #1]
10002164:	f000 809d 	beq.w	100022a2 <pico_get_unique_board_id_string+0x176>
10002168:	784a      	ldrb	r2, [r1, #1]
1000216a:	ea4f 1c12 	mov.w	ip, r2, lsr #4
1000216e:	2a9f      	cmp	r2, #159	@ 0x9f
10002170:	bf8c      	ite	hi
10002172:	f10c 0c37 	addhi.w	ip, ip, #55	@ 0x37
10002176:	f10c 0c30 	addls.w	ip, ip, #48	@ 0x30
1000217a:	2b03      	cmp	r3, #3
1000217c:	f880 c002 	strb.w	ip, [r0, #2]
10002180:	f000 808f 	beq.w	100022a2 <pico_get_unique_board_id_string+0x176>
10002184:	f002 020f 	and.w	r2, r2, #15
10002188:	2a09      	cmp	r2, #9
1000218a:	bf8c      	ite	hi
1000218c:	3237      	addhi	r2, #55	@ 0x37
1000218e:	3230      	addls	r2, #48	@ 0x30
10002190:	2b04      	cmp	r3, #4
10002192:	70c2      	strb	r2, [r0, #3]
10002194:	f000 8085 	beq.w	100022a2 <pico_get_unique_board_id_string+0x176>
10002198:	788a      	ldrb	r2, [r1, #2]
1000219a:	ea4f 1c12 	mov.w	ip, r2, lsr #4
1000219e:	2a9f      	cmp	r2, #159	@ 0x9f
100021a0:	bf8c      	ite	hi
100021a2:	f10c 0c37 	addhi.w	ip, ip, #55	@ 0x37
100021a6:	f10c 0c30 	addls.w	ip, ip, #48	@ 0x30
100021aa:	2b05      	cmp	r3, #5
100021ac:	f880 c004 	strb.w	ip, [r0, #4]
100021b0:	d077      	beq.n	100022a2 <pico_get_unique_board_id_string+0x176>
100021b2:	f002 020f 	and.w	r2, r2, #15
100021b6:	2a09      	cmp	r2, #9
100021b8:	bf8c      	ite	hi
100021ba:	3237      	addhi	r2, #55	@ 0x37
100021bc:	3230      	addls	r2, #48	@ 0x30
100021be:	2b06      	cmp	r3, #6
100021c0:	7142      	strb	r2, [r0, #5]
100021c2:	d06e      	beq.n	100022a2 <pico_get_unique_board_id_string+0x176>
100021c4:	78ca      	ldrb	r2, [r1, #3]
100021c6:	ea4f 1c12 	mov.w	ip, r2, lsr #4
100021ca:	2a9f      	cmp	r2, #159	@ 0x9f
100021cc:	bf8c      	ite	hi
100021ce:	f10c 0c37 	addhi.w	ip, ip, #55	@ 0x37
100021d2:	f10c 0c30 	addls.w	ip, ip, #48	@ 0x30
100021d6:	2b07      	cmp	r3, #7
100021d8:	f880 c006 	strb.w	ip, [r0, #6]
100021dc:	d061      	beq.n	100022a2 <pico_get_unique_board_id_string+0x176>
100021de:	f002 020f 	and.w	r2, r2, #15
100021e2:	2a09      	cmp	r2, #9
100021e4:	bf8c      	ite	hi
100021e6:	3237      	addhi	r2, #55	@ 0x37
100021e8:	3230      	addls	r2, #48	@ 0x30
100021ea:	2b08      	cmp	r3, #8
100021ec:	71c2      	strb	r2, [r0, #7]
100021ee:	d058      	beq.n	100022a2 <pico_get_unique_board_id_string+0x176>
100021f0:	790a      	ldrb	r2, [r1, #4]
100021f2:	ea4f 1c12 	mov.w	ip, r2, lsr #4
100021f6:	2a9f      	cmp	r2, #159	@ 0x9f
100021f8:	bf8c      	ite	hi
100021fa:	f10c 0c37 	addhi.w	ip, ip, #55	@ 0x37
100021fe:	f10c 0c30 	addls.w	ip, ip, #48	@ 0x30
10002202:	2b09      	cmp	r3, #9
10002204:	f880 c008 	strb.w	ip, [r0, #8]
10002208:	d04b      	beq.n	100022a2 <pico_get_unique_board_id_string+0x176>
1000220a:	f002 020f 	and.w	r2, r2, #15
1000220e:	2a09      	cmp	r2, #9
10002210:	bf8c      	ite	hi
10002212:	3237      	addhi	r2, #55	@ 0x37
10002214:	3230      	addls	r2, #48	@ 0x30
10002216:	2b0a      	cmp	r3, #10
10002218:	7242      	strb	r2, [r0, #9]
1000221a:	d042      	beq.n	100022a2 <pico_get_unique_board_id_string+0x176>
1000221c:	794a      	ldrb	r2, [r1, #5]
1000221e:	ea4f 1c12 	mov.w	ip, r2, lsr #4
10002222:	2a9f      	cmp	r2, #159	@ 0x9f
10002224:	bf8c      	ite	hi
10002226:	f10c 0c37 	addhi.w	ip, ip, #55	@ 0x37
1000222a:	f10c 0c30 	addls.w	ip, ip, #48	@ 0x30
1000222e:	2b0b      	cmp	r3, #11
10002230:	f880 c00a 	strb.w	ip, [r0, #10]
10002234:	d035      	beq.n	100022a2 <pico_get_unique_board_id_string+0x176>
10002236:	f002 020f 	and.w	r2, r2, #15
1000223a:	2a09      	cmp	r2, #9
1000223c:	bf8c      	ite	hi
1000223e:	3237      	addhi	r2, #55	@ 0x37
10002240:	3230      	addls	r2, #48	@ 0x30
10002242:	2b0c      	cmp	r3, #12
10002244:	72c2      	strb	r2, [r0, #11]
10002246:	d02c      	beq.n	100022a2 <pico_get_unique_board_id_string+0x176>
10002248:	798a      	ldrb	r2, [r1, #6]
1000224a:	ea4f 1c12 	mov.w	ip, r2, lsr #4
1000224e:	2a9f      	cmp	r2, #159	@ 0x9f
10002250:	bf8c      	ite	hi
10002252:	f10c 0c37 	addhi.w	ip, ip, #55	@ 0x37
10002256:	f10c 0c30 	addls.w	ip, ip, #48	@ 0x30
1000225a:	2b0d      	cmp	r3, #13
1000225c:	f880 c00c 	strb.w	ip, [r0, #12]
10002260:	d01f      	beq.n	100022a2 <pico_get_unique_board_id_string+0x176>
10002262:	f002 020f 	and.w	r2, r2, #15
10002266:	2a09      	cmp	r2, #9
10002268:	bf8c      	ite	hi
1000226a:	3237      	addhi	r2, #55	@ 0x37
1000226c:	3230      	addls	r2, #48	@ 0x30
1000226e:	2b0e      	cmp	r3, #14
10002270:	7342      	strb	r2, [r0, #13]
10002272:	d016      	beq.n	100022a2 <pico_get_unique_board_id_string+0x176>
10002274:	79ca      	ldrb	r2, [r1, #7]
10002276:	0911      	lsrs	r1, r2, #4
10002278:	2a9f      	cmp	r2, #159	@ 0x9f
1000227a:	bf8c      	ite	hi
1000227c:	3137      	addhi	r1, #55	@ 0x37
1000227e:	3130      	addls	r1, #48	@ 0x30
10002280:	2b0f      	cmp	r3, #15
10002282:	7381      	strb	r1, [r0, #14]
10002284:	d00d      	beq.n	100022a2 <pico_get_unique_board_id_string+0x176>
10002286:	f002 020f 	and.w	r2, r2, #15
1000228a:	2a09      	cmp	r2, #9
1000228c:	bf94      	ite	ls
1000228e:	3230      	addls	r2, #48	@ 0x30
10002290:	3237      	addhi	r2, #55	@ 0x37
10002292:	2b10      	cmp	r3, #16
10002294:	73c2      	strb	r2, [r0, #15]
10002296:	bf18      	it	ne
10002298:	3010      	addne	r0, #16
1000229a:	d002      	beq.n	100022a2 <pico_get_unique_board_id_string+0x176>
1000229c:	2300      	movs	r3, #0
1000229e:	7003      	strb	r3, [r0, #0]
100022a0:	4770      	bx	lr
100022a2:	4418      	add	r0, r3
100022a4:	2300      	movs	r3, #0
100022a6:	7003      	strb	r3, [r0, #0]
100022a8:	4770      	bx	lr
100022aa:	bf00      	nop
100022ac:	20001aa0 	.word	0x20001aa0

100022b0 <dcd_init>:
100022b0:	b570      	push	{r4, r5, r6, lr}
100022b2:	f000 f92d 	bl	10002510 <rp2040_usb_init>
100022b6:	230c      	movs	r3, #12
100022b8:	2640      	movs	r6, #64	@ 0x40
100022ba:	4c19      	ldr	r4, [pc, #100]	@ (10002320 <dcd_init+0x70>)
100022bc:	22ff      	movs	r2, #255	@ 0xff
100022be:	67a3      	str	r3, [r4, #120]	@ 0x78
100022c0:	200e      	movs	r0, #14
100022c2:	4918      	ldr	r1, [pc, #96]	@ (10002324 <dcd_init+0x74>)
100022c4:	f7fe f95a 	bl	1000057c <irq_add_shared_handler>
100022c8:	4632      	mov	r2, r6
100022ca:	2100      	movs	r1, #0
100022cc:	4816      	ldr	r0, [pc, #88]	@ (10002328 <dcd_init+0x78>)
100022ce:	f001 ffcb 	bl	10004268 <memset>
100022d2:	2501      	movs	r5, #1
100022d4:	2300      	movs	r3, #0
100022d6:	2180      	movs	r1, #128	@ 0x80
100022d8:	4813      	ldr	r0, [pc, #76]	@ (10002328 <dcd_init+0x78>)
100022da:	4a14      	ldr	r2, [pc, #80]	@ (1000232c <dcd_init+0x7c>)
100022dc:	8441      	strh	r1, [r0, #34]	@ 0x22
100022de:	7045      	strb	r5, [r0, #1]
100022e0:	8306      	strh	r6, [r0, #24]
100022e2:	8706      	strh	r6, [r0, #56]	@ 0x38
100022e4:	6082      	str	r2, [r0, #8]
100022e6:	6043      	str	r3, [r0, #4]
100022e8:	6013      	str	r3, [r2, #0]
100022ea:	f842 3c04 	str.w	r3, [r2, #-4]
100022ee:	f880 3021 	strb.w	r3, [r0, #33]	@ 0x21
100022f2:	f880 303b 	strb.w	r3, [r0, #59]	@ 0x3b
100022f6:	6243      	str	r3, [r0, #36]	@ 0x24
100022f8:	4b0d      	ldr	r3, [pc, #52]	@ (10002330 <dcd_init+0x80>)
100022fa:	f04f 5600 	mov.w	r6, #536870912	@ 0x20000000
100022fe:	60c3      	str	r3, [r0, #12]
10002300:	62c3      	str	r3, [r0, #44]	@ 0x2c
10002302:	3b80      	subs	r3, #128	@ 0x80
10002304:	6283      	str	r3, [r0, #40]	@ 0x28
10002306:	f002 f8b3 	bl	10004470 <__reset_non_control_endpoints_veneer>
1000230a:	f44f 3280 	mov.w	r2, #65536	@ 0x10000
1000230e:	4909      	ldr	r1, [pc, #36]	@ (10002334 <dcd_init+0x84>)
10002310:	4b09      	ldr	r3, [pc, #36]	@ (10002338 <dcd_init+0x88>)
10002312:	6425      	str	r5, [r4, #64]	@ 0x40
10002314:	4628      	mov	r0, r5
10002316:	64e6      	str	r6, [r4, #76]	@ 0x4c
10002318:	f8c4 1090 	str.w	r1, [r4, #144]	@ 0x90
1000231c:	64da      	str	r2, [r3, #76]	@ 0x4c
1000231e:	bd70      	pop	{r4, r5, r6, pc}
10002320:	50110000 	.word	0x50110000
10002324:	2000039d 	.word	0x2000039d
10002328:	20001654 	.word	0x20001654
1000232c:	50100084 	.word	0x50100084
10002330:	50100100 	.word	0x50100100
10002334:	0001d010 	.word	0x0001d010
10002338:	50112000 	.word	0x50112000

1000233c <dcd_int_enable>:
1000233c:	2101      	movs	r1, #1
1000233e:	200e      	movs	r0, #14
10002340:	f7fe b8aa 	b.w	10000498 <irq_set_enabled>

10002344 <dcd_set_address>:
10002344:	2200      	movs	r2, #0
10002346:	4802      	ldr	r0, [pc, #8]	@ (10002350 <dcd_set_address+0xc>)
10002348:	4611      	mov	r1, r2
1000234a:	f000 b901 	b.w	10002550 <hw_endpoint_xfer_start>
1000234e:	bf00      	nop
10002350:	20001674 	.word	0x20001674

10002354 <dcd_sof_enable>:
10002354:	4b04      	ldr	r3, [pc, #16]	@ (10002368 <dcd_sof_enable+0x14>)
10002356:	7019      	strb	r1, [r3, #0]
10002358:	b121      	cbz	r1, 10002364 <dcd_sof_enable+0x10>
1000235a:	f44f 3200 	mov.w	r2, #131072	@ 0x20000
1000235e:	4b03      	ldr	r3, [pc, #12]	@ (1000236c <dcd_sof_enable+0x18>)
10002360:	f8c3 2090 	str.w	r2, [r3, #144]	@ 0x90
10002364:	4770      	bx	lr
10002366:	bf00      	nop
10002368:	20001aca 	.word	0x20001aca
1000236c:	50112000 	.word	0x50112000

10002370 <dcd_edpt0_status_complete>:
10002370:	780b      	ldrb	r3, [r1, #0]
10002372:	065b      	lsls	r3, r3, #25
10002374:	d102      	bne.n	1000237c <dcd_edpt0_status_complete+0xc>
10002376:	784b      	ldrb	r3, [r1, #1]
10002378:	2b05      	cmp	r3, #5
1000237a:	d000      	beq.n	1000237e <dcd_edpt0_status_complete+0xe>
1000237c:	4770      	bx	lr
1000237e:	884b      	ldrh	r3, [r1, #2]
10002380:	4a01      	ldr	r2, [pc, #4]	@ (10002388 <dcd_edpt0_status_complete+0x18>)
10002382:	b2db      	uxtb	r3, r3
10002384:	6013      	str	r3, [r2, #0]
10002386:	4770      	bx	lr
10002388:	50110000 	.word	0x50110000

1000238c <dcd_edpt_open>:
1000238c:	78cb      	ldrb	r3, [r1, #3]
1000238e:	e92d 41f0 	stmdb	sp!, {r4, r5, r6, r7, r8, lr}
10002392:	f003 0e03 	and.w	lr, r3, #3
10002396:	f1be 0f01 	cmp.w	lr, #1
1000239a:	f3c3 0001 	ubfx	r0, r3, #0, #2
1000239e:	d05b      	beq.n	10002458 <dcd_edpt_open+0xcc>
100023a0:	2700      	movs	r7, #0
100023a2:	f891 c002 	ldrb.w	ip, [r1, #2]
100023a6:	4c34      	ldr	r4, [pc, #208]	@ (10002478 <dcd_edpt_open+0xec>)
100023a8:	f00c 027f 	and.w	r2, ip, #127	@ 0x7f
100023ac:	0056      	lsls	r6, r2, #1
100023ae:	8889      	ldrh	r1, [r1, #4]
100023b0:	eb06 13dc 	add.w	r3, r6, ip, lsr #7
100023b4:	eb04 1343 	add.w	r3, r4, r3, lsl #5
100023b8:	ea4f 15dc 	mov.w	r5, ip, lsr #7
100023bc:	76d8      	strb	r0, [r3, #27]
100023be:	f3c1 010a 	ubfx	r1, r1, #0, #11
100023c2:	f085 0001 	eor.w	r0, r5, #1
100023c6:	f883 c002 	strb.w	ip, [r3, #2]
100023ca:	8319      	strh	r1, [r3, #24]
100023cc:	7058      	strb	r0, [r3, #1]
100023ce:	70df      	strb	r7, [r3, #3]
100023d0:	00d3      	lsls	r3, r2, #3
100023d2:	bb8d      	cbnz	r5, 10002438 <dcd_edpt_open+0xac>
100023d4:	4829      	ldr	r0, [pc, #164]	@ (1000247c <dcd_edpt_open+0xf0>)
100023d6:	3304      	adds	r3, #4
100023d8:	eb04 1c82 	add.w	ip, r4, r2, lsl #6
100023dc:	eb03 0800 	add.w	r8, r3, r0
100023e0:	f8cc 8008 	str.w	r8, [ip, #8]
100023e4:	501f      	str	r7, [r3, r0]
100023e6:	b382      	cbz	r2, 1000244a <dcd_edpt_open+0xbe>
100023e8:	4b25      	ldr	r3, [pc, #148]	@ (10002480 <dcd_edpt_open+0xf4>)
100023ea:	00d2      	lsls	r2, r2, #3
100023ec:	4413      	add	r3, r2
100023ee:	f8cc 3004 	str.w	r3, [ip, #4]
100023f2:	4b24      	ldr	r3, [pc, #144]	@ (10002484 <dcd_edpt_open+0xf8>)
100023f4:	313f      	adds	r1, #63	@ 0x3f
100023f6:	681a      	ldr	r2, [r3, #0]
100023f8:	f021 013f 	bic.w	r1, r1, #63	@ 0x3f
100023fc:	f1be 0f02 	cmp.w	lr, #2
10002400:	bf08      	it	eq
10002402:	0049      	lsleq	r1, r1, #1
10002404:	4411      	add	r1, r2
10002406:	6019      	str	r1, [r3, #0]
10002408:	4b1f      	ldr	r3, [pc, #124]	@ (10002488 <dcd_edpt_open+0xfc>)
1000240a:	1977      	adds	r7, r6, r5
1000240c:	eb04 1747 	add.w	r7, r4, r7, lsl #5
10002410:	4299      	cmp	r1, r3
10002412:	60fa      	str	r2, [r7, #12]
10002414:	d82b      	bhi.n	1000246e <dcd_edpt_open+0xe2>
10002416:	442e      	add	r6, r5
10002418:	eb04 1346 	add.w	r3, r4, r6, lsl #5
1000241c:	7ed9      	ldrb	r1, [r3, #27]
1000241e:	f082 42a0 	eor.w	r2, r2, #1342177280	@ 0x50000000
10002422:	f482 1280 	eor.w	r2, r2, #1048576	@ 0x100000
10002426:	685b      	ldr	r3, [r3, #4]
10002428:	ea42 6281 	orr.w	r2, r2, r1, lsl #26
1000242c:	f042 4200 	orr.w	r2, r2, #2147483648	@ 0x80000000
10002430:	601a      	str	r2, [r3, #0]
10002432:	2001      	movs	r0, #1
10002434:	e8bd 81f0 	ldmia.w	sp!, {r4, r5, r6, r7, r8, pc}
10002438:	4810      	ldr	r0, [pc, #64]	@ (1000247c <dcd_edpt_open+0xf0>)
1000243a:	eb04 1c82 	add.w	ip, r4, r2, lsl #6
1000243e:	4403      	add	r3, r0
10002440:	f8cc 3028 	str.w	r3, [ip, #40]	@ 0x28
10002444:	f840 7032 	str.w	r7, [r0, r2, lsl #3]
10002448:	b94a      	cbnz	r2, 1000245e <dcd_edpt_open+0xd2>
1000244a:	2200      	movs	r2, #0
1000244c:	490f      	ldr	r1, [pc, #60]	@ (1000248c <dcd_edpt_open+0x100>)
1000244e:	eb04 1345 	add.w	r3, r4, r5, lsl #5
10002452:	60d9      	str	r1, [r3, #12]
10002454:	605a      	str	r2, [r3, #4]
10002456:	e7ec      	b.n	10002432 <dcd_edpt_open+0xa6>
10002458:	2000      	movs	r0, #0
1000245a:	e8bd 81f0 	ldmia.w	sp!, {r4, r5, r6, r7, r8, pc}
1000245e:	00d2      	lsls	r2, r2, #3
10002460:	f102 42a0 	add.w	r2, r2, #1342177280	@ 0x50000000
10002464:	f502 1280 	add.w	r2, r2, #1048576	@ 0x100000
10002468:	f8cc 2024 	str.w	r2, [ip, #36]	@ 0x24
1000246c:	e7c1      	b.n	100023f2 <dcd_edpt_open+0x66>
1000246e:	f7ff f89b 	bl	100015a8 <hard_assertion_failure>
10002472:	68fa      	ldr	r2, [r7, #12]
10002474:	e7cf      	b.n	10002416 <dcd_edpt_open+0x8a>
10002476:	bf00      	nop
10002478:	20001654 	.word	0x20001654
1000247c:	50100080 	.word	0x50100080
10002480:	50100004 	.word	0x50100004
10002484:	20001a5c 	.word	0x20001a5c
10002488:	50100fff 	.word	0x50100fff
1000248c:	50100100 	.word	0x50100100

10002490 <dcd_edpt_close_all>:
10002490:	f001 bfee 	b.w	10004470 <__reset_non_control_endpoints_veneer>

10002494 <dcd_edpt_xfer>:
10002494:	468c      	mov	ip, r1
10002496:	b508      	push	{r3, lr}
10002498:	4611      	mov	r1, r2
1000249a:	4807      	ldr	r0, [pc, #28]	@ (100024b8 <dcd_edpt_xfer+0x24>)
1000249c:	461a      	mov	r2, r3
1000249e:	f00c 037f 	and.w	r3, ip, #127	@ 0x7f
100024a2:	ea4f 1cdc 	mov.w	ip, ip, lsr #7
100024a6:	eb0c 0c43 	add.w	ip, ip, r3, lsl #1
100024aa:	eb00 104c 	add.w	r0, r0, ip, lsl #5
100024ae:	f000 f84f 	bl	10002550 <hw_endpoint_xfer_start>
100024b2:	2001      	movs	r0, #1
100024b4:	bd08      	pop	{r3, pc}
100024b6:	bf00      	nop
100024b8:	20001654 	.word	0x20001654

100024bc <dcd_edpt_stall>:
100024bc:	f011 027f 	ands.w	r2, r1, #127	@ 0x7f
100024c0:	d105      	bne.n	100024ce <dcd_edpt_stall+0x12>
100024c2:	2900      	cmp	r1, #0
100024c4:	bf0c      	ite	eq
100024c6:	2002      	moveq	r0, #2
100024c8:	2001      	movne	r0, #1
100024ca:	4b06      	ldr	r3, [pc, #24]	@ (100024e4 <dcd_edpt_stall+0x28>)
100024cc:	6698      	str	r0, [r3, #104]	@ 0x68
100024ce:	09c9      	lsrs	r1, r1, #7
100024d0:	4b05      	ldr	r3, [pc, #20]	@ (100024e8 <dcd_edpt_stall+0x2c>)
100024d2:	eb01 0042 	add.w	r0, r1, r2, lsl #1
100024d6:	eb03 1040 	add.w	r0, r3, r0, lsl #5
100024da:	f44f 6200 	mov.w	r2, #2048	@ 0x800
100024de:	2100      	movs	r1, #0
100024e0:	f001 bfca 	b.w	10004478 <___hw_endpoint_buffer_control_update32_veneer>
100024e4:	50112000 	.word	0x50112000
100024e8:	20001654 	.word	0x20001654

100024ec <dcd_edpt_clear_stall>:
100024ec:	f011 037f 	ands.w	r3, r1, #127	@ 0x7f
100024f0:	d100      	bne.n	100024f4 <dcd_edpt_clear_stall+0x8>
100024f2:	4770      	bx	lr
100024f4:	2200      	movs	r2, #0
100024f6:	4805      	ldr	r0, [pc, #20]	@ (1000250c <dcd_edpt_clear_stall+0x20>)
100024f8:	005b      	lsls	r3, r3, #1
100024fa:	eb03 13d1 	add.w	r3, r3, r1, lsr #7
100024fe:	eb00 1043 	add.w	r0, r0, r3, lsl #5
10002502:	f46f 6100 	mvn.w	r1, #2048	@ 0x800
10002506:	70c2      	strb	r2, [r0, #3]
10002508:	f001 bfb6 	b.w	10004478 <___hw_endpoint_buffer_control_update32_veneer>
1000250c:	20001654 	.word	0x20001654

10002510 <rp2040_usb_init>:
10002510:	f04f 5280 	mov.w	r2, #268435456	@ 0x10000000
10002514:	4809      	ldr	r0, [pc, #36]	@ (1000253c <rp2040_usb_init+0x2c>)
10002516:	490a      	ldr	r1, [pc, #40]	@ (10002540 <rp2040_usb_init+0x30>)
10002518:	b508      	push	{r3, lr}
1000251a:	4b0a      	ldr	r3, [pc, #40]	@ (10002544 <rp2040_usb_init+0x34>)
1000251c:	6002      	str	r2, [r0, #0]
1000251e:	600a      	str	r2, [r1, #0]
10002520:	6899      	ldr	r1, [r3, #8]
10002522:	43c9      	mvns	r1, r1
10002524:	f011 5180 	ands.w	r1, r1, #268435456	@ 0x10000000
10002528:	d1fa      	bne.n	10002520 <rp2040_usb_init+0x10>
1000252a:	f44f 5280 	mov.w	r2, #4096	@ 0x1000
1000252e:	4806      	ldr	r0, [pc, #24]	@ (10002548 <rp2040_usb_init+0x38>)
10002530:	f001 fe9a 	bl	10004268 <memset>
10002534:	2209      	movs	r2, #9
10002536:	4b05      	ldr	r3, [pc, #20]	@ (1000254c <rp2040_usb_init+0x3c>)
10002538:	675a      	str	r2, [r3, #116]	@ 0x74
1000253a:	bd08      	pop	{r3, pc}
1000253c:	40022000 	.word	0x40022000
10002540:	40023000 	.word	0x40023000
10002544:	40020000 	.word	0x40020000
10002548:	50100000 	.word	0x50100000
1000254c:	50110000 	.word	0x50110000

10002550 <hw_endpoint_xfer_start>:
10002550:	2300      	movs	r3, #0
10002552:	f04f 0c01 	mov.w	ip, #1
10002556:	b510      	push	{r4, lr}
10002558:	f880 c01a 	strb.w	ip, [r0, #26]
1000255c:	8282      	strh	r2, [r0, #20]
1000255e:	82c3      	strh	r3, [r0, #22]
10002560:	6101      	str	r1, [r0, #16]
10002562:	4604      	mov	r4, r0
10002564:	f001 ff80 	bl	10004468 <__e15_is_bulkin_ep_veneer>
10002568:	b120      	cbz	r0, 10002574 <hw_endpoint_xfer_start+0x24>
1000256a:	f44f 3200 	mov.w	r2, #131072	@ 0x20000
1000256e:	4b07      	ldr	r3, [pc, #28]	@ (1000258c <hw_endpoint_xfer_start+0x3c>)
10002570:	f8c3 2090 	str.w	r2, [r3, #144]	@ 0x90
10002574:	4620      	mov	r0, r4
10002576:	f001 ff87 	bl	10004488 <__e15_is_critical_frame_period_veneer>
1000257a:	b110      	cbz	r0, 10002582 <hw_endpoint_xfer_start+0x32>
1000257c:	2301      	movs	r3, #1
1000257e:	7723      	strb	r3, [r4, #28]
10002580:	bd10      	pop	{r4, pc}
10002582:	4620      	mov	r0, r4
10002584:	e8bd 4010 	ldmia.w	sp!, {r4, lr}
10002588:	f001 bf66 	b.w	10004458 <__hw_endpoint_start_next_buffer_veneer>
1000258c:	50112000 	.word	0x50112000

10002590 <configuration_reset>:
10002590:	e92d 41f0 	stmdb	sp!, {r4, r5, r6, r7, r8, lr}
10002594:	2400      	movs	r4, #0
10002596:	4e1d      	ldr	r6, [pc, #116]	@ (1000260c <configuration_reset+0x7c>)
10002598:	4605      	mov	r5, r0
1000259a:	4623      	mov	r3, r4
1000259c:	7832      	ldrb	r2, [r6, #0]
1000259e:	f8df 8078 	ldr.w	r8, [pc, #120]	@ 10002618 <configuration_reset+0x88>
100025a2:	4f1b      	ldr	r7, [pc, #108]	@ (10002610 <configuration_reset+0x80>)
100025a4:	e00d      	b.n	100025c2 <configuration_reset+0x32>
100025a6:	683b      	ldr	r3, [r7, #0]
100025a8:	eb13 1344 	adds.w	r3, r3, r4, lsl #5
100025ac:	d024      	beq.n	100025f8 <configuration_reset+0x68>
100025ae:	68db      	ldr	r3, [r3, #12]
100025b0:	4628      	mov	r0, r5
100025b2:	4798      	blx	r3
100025b4:	7832      	ldrb	r2, [r6, #0]
100025b6:	3401      	adds	r4, #1
100025b8:	b2e4      	uxtb	r4, r4
100025ba:	1c51      	adds	r1, r2, #1
100025bc:	42a1      	cmp	r1, r4
100025be:	4623      	mov	r3, r4
100025c0:	db06      	blt.n	100025d0 <configuration_reset+0x40>
100025c2:	42a2      	cmp	r2, r4
100025c4:	eba3 0302 	sub.w	r3, r3, r2
100025c8:	d8ed      	bhi.n	100025a6 <configuration_reset+0x16>
100025ca:	eb08 1343 	add.w	r3, r8, r3, lsl #5
100025ce:	e7ee      	b.n	100025ae <configuration_reset+0x1e>
100025d0:	2254      	movs	r2, #84	@ 0x54
100025d2:	2100      	movs	r1, #0
100025d4:	480f      	ldr	r0, [pc, #60]	@ (10002614 <configuration_reset+0x84>)
100025d6:	f001 fe47 	bl	10004268 <memset>
100025da:	f04f 33ff 	mov.w	r3, #4294967295	@ 0xffffffff
100025de:	480d      	ldr	r0, [pc, #52]	@ (10002614 <configuration_reset+0x84>)
100025e0:	2220      	movs	r2, #32
100025e2:	1d04      	adds	r4, r0, #4
100025e4:	6043      	str	r3, [r0, #4]
100025e6:	e9c4 3301 	strd	r3, r3, [r4, #4]
100025ea:	60e3      	str	r3, [r4, #12]
100025ec:	21ff      	movs	r1, #255	@ 0xff
100025ee:	e8bd 41f0 	ldmia.w	sp!, {r4, r5, r6, r7, r8, lr}
100025f2:	3014      	adds	r0, #20
100025f4:	f001 be38 	b.w	10004268 <memset>
100025f8:	f04f 23e0 	mov.w	r3, #3758153728	@ 0xe000e000
100025fc:	f8d3 3df0 	ldr.w	r3, [r3, #3568]	@ 0xdf0
10002600:	07db      	lsls	r3, r3, #31
10002602:	d500      	bpl.n	10002606 <configuration_reset+0x76>
10002604:	be00      	bkpt	0x0000
10002606:	e8bd 81f0 	ldmia.w	sp!, {r4, r5, r6, r7, r8, pc}
1000260a:	bf00      	nop
1000260c:	20001ac9 	.word	0x20001ac9
10002610:	20001030 	.word	0x20001030
10002614:	20001200 	.word	0x20001200
10002618:	10004814 	.word	0x10004814

1000261c <tud_event_hook_cb>:
1000261c:	4770      	bx	lr
1000261e:	bf00      	nop

10002620 <tud_sof_cb>:
10002620:	4770      	bx	lr
10002622:	bf00      	nop

10002624 <tud_descriptor_device_qualifier_cb>:
10002624:	2000      	movs	r0, #0
10002626:	4770      	bx	lr

10002628 <tud_descriptor_other_speed_configuration_cb>:
10002628:	2000      	movs	r0, #0
1000262a:	4770      	bx	lr

1000262c <tud_mount_cb>:
1000262c:	4770      	bx	lr
1000262e:	bf00      	nop

10002630 <tud_umount_cb>:
10002630:	4770      	bx	lr
10002632:	bf00      	nop

10002634 <tud_suspend_cb>:
10002634:	4770      	bx	lr
10002636:	bf00      	nop

10002638 <tud_resume_cb>:
10002638:	4770      	bx	lr
1000263a:	bf00      	nop

1000263c <tud_mounted>:
1000263c:	4b02      	ldr	r3, [pc, #8]	@ (10002648 <tud_mounted+0xc>)
1000263e:	7858      	ldrb	r0, [r3, #1]
10002640:	3800      	subs	r0, #0
10002642:	bf18      	it	ne
10002644:	2001      	movne	r0, #1
10002646:	4770      	bx	lr
10002648:	20001200 	.word	0x20001200

1000264c <tud_suspended>:
1000264c:	4b02      	ldr	r3, [pc, #8]	@ (10002658 <tud_suspended+0xc>)
1000264e:	7818      	ldrb	r0, [r3, #0]
10002650:	f3c0 0080 	ubfx	r0, r0, #2, #1
10002654:	4770      	bx	lr
10002656:	bf00      	nop
10002658:	20001200 	.word	0x20001200

1000265c <tud_rhport_init>:
1000265c:	e92d 47f0 	stmdb	sp!, {r4, r5, r6, r7, r8, r9, sl, lr}
10002660:	f8df a0e4 	ldr.w	sl, [pc, #228]	@ 10002748 <tud_rhport_init+0xec>
10002664:	f89a 3000 	ldrb.w	r3, [sl]
10002668:	2bff      	cmp	r3, #255	@ 0xff
1000266a:	d156      	bne.n	1000271a <tud_rhport_init+0xbe>
1000266c:	460e      	mov	r6, r1
1000266e:	2900      	cmp	r1, #0
10002670:	d03e      	beq.n	100026f0 <tud_rhport_init+0x94>
10002672:	2100      	movs	r1, #0
10002674:	2254      	movs	r2, #84	@ 0x54
10002676:	4607      	mov	r7, r0
10002678:	4829      	ldr	r0, [pc, #164]	@ (10002720 <tud_rhport_init+0xc4>)
1000267a:	f001 fdf5 	bl	10004268 <memset>
1000267e:	2200      	movs	r2, #0
10002680:	4c28      	ldr	r4, [pc, #160]	@ (10002724 <tud_rhport_init+0xc8>)
10002682:	4b29      	ldr	r3, [pc, #164]	@ (10002728 <tud_rhport_init+0xcc>)
10002684:	4620      	mov	r0, r4
10002686:	701a      	strb	r2, [r3, #0]
10002688:	f7fe f90a 	bl	100008a0 <mutex_init>
1000268c:	4b27      	ldr	r3, [pc, #156]	@ (1000272c <tud_rhport_init+0xd0>)
1000268e:	4828      	ldr	r0, [pc, #160]	@ (10002730 <tud_rhport_init+0xd4>)
10002690:	601c      	str	r4, [r3, #0]
10002692:	4c28      	ldr	r4, [pc, #160]	@ (10002734 <tud_rhport_init+0xd8>)
10002694:	f7fe f912 	bl	100008bc <critical_section_init>
10002698:	4620      	mov	r0, r4
1000269a:	f001 fdab 	bl	100041f4 <tu_fifo_clear>
1000269e:	4a26      	ldr	r2, [pc, #152]	@ (10002738 <tud_rhport_init+0xdc>)
100026a0:	4b26      	ldr	r3, [pc, #152]	@ (1000273c <tud_rhport_init+0xe0>)
100026a2:	6014      	str	r4, [r2, #0]
100026a4:	b123      	cbz	r3, 100026b0 <tud_rhport_init+0x54>
100026a6:	4826      	ldr	r0, [pc, #152]	@ (10002740 <tud_rhport_init+0xe4>)
100026a8:	f7ff fac4 	bl	10001c34 <usbd_app_driver_get_cb>
100026ac:	4b25      	ldr	r3, [pc, #148]	@ (10002744 <tud_rhport_init+0xe8>)
100026ae:	6018      	str	r0, [r3, #0]
100026b0:	2400      	movs	r4, #0
100026b2:	4d23      	ldr	r5, [pc, #140]	@ (10002740 <tud_rhport_init+0xe4>)
100026b4:	4623      	mov	r3, r4
100026b6:	782a      	ldrb	r2, [r5, #0]
100026b8:	f8df 9090 	ldr.w	r9, [pc, #144]	@ 1000274c <tud_rhport_init+0xf0>
100026bc:	f8df 8084 	ldr.w	r8, [pc, #132]	@ 10002744 <tud_rhport_init+0xe8>
100026c0:	e00e      	b.n	100026e0 <tud_rhport_init+0x84>
100026c2:	f8d8 3000 	ldr.w	r3, [r8]
100026c6:	eb13 1344 	adds.w	r3, r3, r4, lsl #5
100026ca:	d011      	beq.n	100026f0 <tud_rhport_init+0x94>
100026cc:	685b      	ldr	r3, [r3, #4]
100026ce:	b17b      	cbz	r3, 100026f0 <tud_rhport_init+0x94>
100026d0:	4798      	blx	r3
100026d2:	782a      	ldrb	r2, [r5, #0]
100026d4:	3401      	adds	r4, #1
100026d6:	b2e4      	uxtb	r4, r4
100026d8:	1c51      	adds	r1, r2, #1
100026da:	42a1      	cmp	r1, r4
100026dc:	4623      	mov	r3, r4
100026de:	db11      	blt.n	10002704 <tud_rhport_init+0xa8>
100026e0:	42a2      	cmp	r2, r4
100026e2:	d8ee      	bhi.n	100026c2 <tud_rhport_init+0x66>
100026e4:	1a9b      	subs	r3, r3, r2
100026e6:	eb09 1343 	add.w	r3, r9, r3, lsl #5
100026ea:	685b      	ldr	r3, [r3, #4]
100026ec:	2b00      	cmp	r3, #0
100026ee:	d1ef      	bne.n	100026d0 <tud_rhport_init+0x74>
100026f0:	f04f 23e0 	mov.w	r3, #3758153728	@ 0xe000e000
100026f4:	f8d3 3df0 	ldr.w	r3, [r3, #3568]	@ 0xdf0
100026f8:	07db      	lsls	r3, r3, #31
100026fa:	d500      	bpl.n	100026fe <tud_rhport_init+0xa2>
100026fc:	be00      	bkpt	0x0000
100026fe:	2000      	movs	r0, #0
10002700:	e8bd 87f0 	ldmia.w	sp!, {r4, r5, r6, r7, r8, r9, sl, pc}
10002704:	4631      	mov	r1, r6
10002706:	4638      	mov	r0, r7
10002708:	f88a 7000 	strb.w	r7, [sl]
1000270c:	f7ff fdd0 	bl	100022b0 <dcd_init>
10002710:	2800      	cmp	r0, #0
10002712:	d0ed      	beq.n	100026f0 <tud_rhport_init+0x94>
10002714:	4638      	mov	r0, r7
10002716:	f7ff fe11 	bl	1000233c <dcd_int_enable>
1000271a:	2001      	movs	r0, #1
1000271c:	e8bd 87f0 	ldmia.w	sp!, {r4, r5, r6, r7, r8, r9, sl, pc}
10002720:	20001200 	.word	0x20001200
10002724:	200011f8 	.word	0x200011f8
10002728:	20001acb 	.word	0x20001acb
1000272c:	20001254 	.word	0x20001254
10002730:	20000e90 	.word	0x20000e90
10002734:	20000e7c 	.word	0x20000e7c
10002738:	20001258 	.word	0x20001258
1000273c:	10001c35 	.word	0x10001c35
10002740:	20001ac9 	.word	0x20001ac9
10002744:	20001030 	.word	0x20001030
10002748:	20000e98 	.word	0x20000e98
1000274c:	10004814 	.word	0x10004814

10002750 <tud_task_ext>:
10002750:	e92d 4ff0 	stmdb	sp!, {r4, r5, r6, r7, r8, r9, sl, fp, lr}
10002754:	f8df 92c8 	ldr.w	r9, [pc, #712]	@ 10002a20 <tud_task_ext+0x2d0>
10002758:	b08b      	sub	sp, #44	@ 0x2c
1000275a:	f899 3000 	ldrb.w	r3, [r9]
1000275e:	2bff      	cmp	r3, #255	@ 0xff
10002760:	f000 80f1 	beq.w	10002946 <tud_task_ext+0x1f6>
10002764:	4ca8      	ldr	r4, [pc, #672]	@ (10002a08 <tud_task_ext+0x2b8>)
10002766:	4da9      	ldr	r5, [pc, #676]	@ (10002a0c <tud_task_ext+0x2bc>)
10002768:	f8df a2b0 	ldr.w	sl, [pc, #688]	@ 10002a1c <tud_task_ext+0x2cc>
1000276c:	f8df b2b4 	ldr.w	fp, [pc, #692]	@ 10002a24 <tud_task_ext+0x2d4>
10002770:	6826      	ldr	r6, [r4, #0]
10002772:	6973      	ldr	r3, [r6, #20]
10002774:	f3ef 8210 	mrs	r2, PRIMASK
10002778:	b672      	cpsid	i
1000277a:	e8d3 0fcf 	ldaexb	r0, [r3]
1000277e:	2101      	movs	r1, #1
10002780:	2800      	cmp	r0, #0
10002782:	d1fa      	bne.n	1000277a <tud_task_ext+0x2a>
10002784:	e8c3 1f40 	strexb	r0, r1, [r3]
10002788:	2800      	cmp	r0, #0
1000278a:	d1f6      	bne.n	1000277a <tud_task_ext+0x2a>
1000278c:	f3bf 8f5f 	dmb	sy
10002790:	61b2      	str	r2, [r6, #24]
10002792:	4630      	mov	r0, r6
10002794:	a907      	add	r1, sp, #28
10002796:	f001 fb77 	bl	10003e88 <tu_fifo_read>
1000279a:	2300      	movs	r3, #0
1000279c:	6972      	ldr	r2, [r6, #20]
1000279e:	e8c2 3f8f 	stlb	r3, [r2]
100027a2:	69b3      	ldr	r3, [r6, #24]
100027a4:	f383 8810 	msr	PRIMASK, r3
100027a8:	2800      	cmp	r0, #0
100027aa:	f000 80cc 	beq.w	10002946 <tud_task_ext+0x1f6>
100027ae:	f89d 301d 	ldrb.w	r3, [sp, #29]
100027b2:	3b01      	subs	r3, #1
100027b4:	2b07      	cmp	r3, #7
100027b6:	f200 837d 	bhi.w	10002eb4 <tud_task_ext+0x764>
100027ba:	e8df f003 	tbb	[pc, r3]
100027be:	b1a7      	.short	0xb1a7
100027c0:	358e9d95 	.word	0x358e9d95
100027c4:	040a      	.short	0x040a
100027c6:	9b08      	ldr	r3, [sp, #32]
100027c8:	2b00      	cmp	r3, #0
100027ca:	d0d1      	beq.n	10002770 <tud_task_ext+0x20>
100027cc:	9809      	ldr	r0, [sp, #36]	@ 0x24
100027ce:	4798      	blx	r3
100027d0:	e7ce      	b.n	10002770 <tud_task_ext+0x20>
100027d2:	f89d 1020 	ldrb.w	r1, [sp, #32]
100027d6:	f001 067f 	and.w	r6, r1, #127	@ 0x7f
100027da:	eb05 0046 	add.w	r0, r5, r6, lsl #1
100027de:	eb00 10d1 	add.w	r0, r0, r1, lsr #7
100027e2:	f890 3034 	ldrb.w	r3, [r0, #52]	@ 0x34
100027e6:	f023 0301 	bic.w	r3, r3, #1
100027ea:	f880 3034 	strb.w	r3, [r0, #52]	@ 0x34
100027ee:	f890 3034 	ldrb.w	r3, [r0, #52]	@ 0x34
100027f2:	f023 0304 	bic.w	r3, r3, #4
100027f6:	f880 3034 	strb.w	r3, [r0, #52]	@ 0x34
100027fa:	2e00      	cmp	r6, #0
100027fc:	f000 80a6 	beq.w	1000294c <tud_task_ext+0x1fc>
10002800:	7d03      	ldrb	r3, [r0, #20]
10002802:	f89a 2000 	ldrb.w	r2, [sl]
10002806:	4293      	cmp	r3, r2
10002808:	f080 8093 	bcs.w	10002932 <tud_task_ext+0x1e2>
1000280c:	4a80      	ldr	r2, [pc, #512]	@ (10002a10 <tud_task_ext+0x2c0>)
1000280e:	6812      	ldr	r2, [r2, #0]
10002810:	eb12 1343 	adds.w	r3, r2, r3, lsl #5
10002814:	f000 8090 	beq.w	10002938 <tud_task_ext+0x1e8>
10002818:	699e      	ldr	r6, [r3, #24]
1000281a:	f89d 2021 	ldrb.w	r2, [sp, #33]	@ 0x21
1000281e:	9b09      	ldr	r3, [sp, #36]	@ 0x24
10002820:	f89d 001c 	ldrb.w	r0, [sp, #28]
10002824:	47b0      	blx	r6
10002826:	e7a3      	b.n	10002770 <tud_task_ext+0x20>
10002828:	f89b 3000 	ldrb.w	r3, [fp]
1000282c:	2b00      	cmp	r3, #0
1000282e:	f000 8083 	beq.w	10002938 <tud_task_ext+0x1e8>
10002832:	f89b 3000 	ldrb.w	r3, [fp]
10002836:	3b01      	subs	r3, #1
10002838:	b2db      	uxtb	r3, r3
1000283a:	f88b 3000 	strb.w	r3, [fp]
1000283e:	f89b 3000 	ldrb.w	r3, [fp]
10002842:	f003 00ff 	and.w	r0, r3, #255	@ 0xff
10002846:	2b00      	cmp	r3, #0
10002848:	d192      	bne.n	10002770 <tud_task_ext+0x20>
1000284a:	4f70      	ldr	r7, [pc, #448]	@ (10002a0c <tud_task_ext+0x2bc>)
1000284c:	f89d 801c 	ldrb.w	r8, [sp, #28]
10002850:	783b      	ldrb	r3, [r7, #0]
10002852:	f043 0301 	orr.w	r3, r3, #1
10002856:	703b      	strb	r3, [r7, #0]
10002858:	f897 3034 	ldrb.w	r3, [r7, #52]	@ 0x34
1000285c:	f360 0300 	bfi	r3, r0, #0, #1
10002860:	f887 3034 	strb.w	r3, [r7, #52]	@ 0x34
10002864:	f897 3034 	ldrb.w	r3, [r7, #52]	@ 0x34
10002868:	f360 0382 	bfi	r3, r0, #2, #1
1000286c:	f887 3034 	strb.w	r3, [r7, #52]	@ 0x34
10002870:	f897 3035 	ldrb.w	r3, [r7, #53]	@ 0x35
10002874:	f360 0300 	bfi	r3, r0, #0, #1
10002878:	f887 3035 	strb.w	r3, [r7, #53]	@ 0x35
1000287c:	f897 3035 	ldrb.w	r3, [r7, #53]	@ 0x35
10002880:	f360 0382 	bfi	r3, r0, #2, #1
10002884:	f887 3035 	strb.w	r3, [r7, #53]	@ 0x35
10002888:	f000 fc6c 	bl	10003164 <usbd_control_set_complete_callback>
1000288c:	f89d 3020 	ldrb.w	r3, [sp, #32]
10002890:	f003 0260 	and.w	r2, r3, #96	@ 0x60
10002894:	2a60      	cmp	r2, #96	@ 0x60
10002896:	d06c      	beq.n	10002972 <tud_task_ext+0x222>
10002898:	2a40      	cmp	r2, #64	@ 0x40
1000289a:	d07c      	beq.n	10002996 <tud_task_ext+0x246>
1000289c:	f003 031f 	and.w	r3, r3, #31
100028a0:	2b01      	cmp	r3, #1
100028a2:	f000 80c1 	beq.w	10002a28 <tud_task_ext+0x2d8>
100028a6:	2b02      	cmp	r3, #2
100028a8:	f000 8081 	beq.w	100029ae <tud_task_ext+0x25e>
100028ac:	2b00      	cmp	r3, #0
100028ae:	d160      	bne.n	10002972 <tud_task_ext+0x222>
100028b0:	2a20      	cmp	r2, #32
100028b2:	f000 81e9 	beq.w	10002c88 <tud_task_ext+0x538>
100028b6:	2a00      	cmp	r2, #0
100028b8:	d15b      	bne.n	10002972 <tud_task_ext+0x222>
100028ba:	f89d 3021 	ldrb.w	r3, [sp, #33]	@ 0x21
100028be:	2b09      	cmp	r3, #9
100028c0:	d857      	bhi.n	10002972 <tud_task_ext+0x222>
100028c2:	e8df f013 	tbh	[pc, r3, lsl #1]
100028c6:	01b0      	.short	0x01b0
100028c8:	005601a2 	.word	0x005601a2
100028cc:	005601c1 	.word	0x005601c1
100028d0:	016b0195 	.word	0x016b0195
100028d4:	01600056 	.word	0x01600056
100028d8:	00f4      	.short	0x00f4
100028da:	782b      	ldrb	r3, [r5, #0]
100028dc:	07d9      	lsls	r1, r3, #31
100028de:	f57f af47 	bpl.w	10002770 <tud_task_ext+0x20>
100028e2:	f7ff fea9 	bl	10002638 <tud_resume_cb>
100028e6:	e743      	b.n	10002770 <tud_task_ext+0x20>
100028e8:	78eb      	ldrb	r3, [r5, #3]
100028ea:	07da      	lsls	r2, r3, #31
100028ec:	f57f af40 	bpl.w	10002770 <tud_task_ext+0x20>
100028f0:	9808      	ldr	r0, [sp, #32]
100028f2:	f7ff fe95 	bl	10002620 <tud_sof_cb>
100028f6:	e73b      	b.n	10002770 <tud_task_ext+0x20>
100028f8:	782b      	ldrb	r3, [r5, #0]
100028fa:	07d8      	lsls	r0, r3, #31
100028fc:	f57f af38 	bpl.w	10002770 <tud_task_ext+0x20>
10002900:	7828      	ldrb	r0, [r5, #0]
10002902:	f3c0 00c0 	ubfx	r0, r0, #3, #1
10002906:	f7ff fe95 	bl	10002634 <tud_suspend_cb>
1000290a:	e731      	b.n	10002770 <tud_task_ext+0x20>
1000290c:	f89d 001c 	ldrb.w	r0, [sp, #28]
10002910:	f7ff fe3e 	bl	10002590 <configuration_reset>
10002914:	f000 fc1c 	bl	10003150 <usbd_control_reset>
10002918:	f89d 3020 	ldrb.w	r3, [sp, #32]
1000291c:	70ab      	strb	r3, [r5, #2]
1000291e:	e727      	b.n	10002770 <tud_task_ext+0x20>
10002920:	f89d 001c 	ldrb.w	r0, [sp, #28]
10002924:	f7ff fe34 	bl	10002590 <configuration_reset>
10002928:	f000 fc12 	bl	10003150 <usbd_control_reset>
1000292c:	f7ff fe80 	bl	10002630 <tud_umount_cb>
10002930:	e71e      	b.n	10002770 <tud_task_ext+0x20>
10002932:	1c50      	adds	r0, r2, #1
10002934:	4298      	cmp	r0, r3
10002936:	da11      	bge.n	1000295c <tud_task_ext+0x20c>
10002938:	f04f 23e0 	mov.w	r3, #3758153728	@ 0xe000e000
1000293c:	f8d3 3df0 	ldr.w	r3, [r3, #3568]	@ 0xdf0
10002940:	07dc      	lsls	r4, r3, #31
10002942:	d500      	bpl.n	10002946 <tud_task_ext+0x1f6>
10002944:	be00      	bkpt	0x0000
10002946:	b00b      	add	sp, #44	@ 0x2c
10002948:	e8bd 8ff0 	ldmia.w	sp!, {r4, r5, r6, r7, r8, r9, sl, fp, pc}
1000294c:	9b09      	ldr	r3, [sp, #36]	@ 0x24
1000294e:	f89d 2021 	ldrb.w	r2, [sp, #33]	@ 0x21
10002952:	f89d 001c 	ldrb.w	r0, [sp, #28]
10002956:	f000 fc19 	bl	1000318c <usbd_control_xfer_cb>
1000295a:	e709      	b.n	10002770 <tud_task_ext+0x20>
1000295c:	1a9b      	subs	r3, r3, r2
1000295e:	4a2d      	ldr	r2, [pc, #180]	@ (10002a14 <tud_task_ext+0x2c4>)
10002960:	eb02 1343 	add.w	r3, r2, r3, lsl #5
10002964:	e758      	b.n	10002818 <tud_task_ext+0xc8>
10002966:	f7ff fb8d 	bl	10002084 <tud_descriptor_configuration_cb>
1000296a:	4602      	mov	r2, r0
1000296c:	2800      	cmp	r0, #0
1000296e:	f040 8182 	bne.w	10002c76 <tud_task_ext+0x526>
10002972:	f04f 23e0 	mov.w	r3, #3758153728	@ 0xe000e000
10002976:	f8d3 3df0 	ldr.w	r3, [r3, #3568]	@ 0xdf0
1000297a:	07de      	lsls	r6, r3, #31
1000297c:	d500      	bpl.n	10002980 <tud_task_ext+0x230>
1000297e:	be00      	bkpt	0x0000
10002980:	f89d 001c 	ldrb.w	r0, [sp, #28]
10002984:	2100      	movs	r1, #0
10002986:	f7ff fd99 	bl	100024bc <dcd_edpt_stall>
1000298a:	2180      	movs	r1, #128	@ 0x80
1000298c:	f89d 001c 	ldrb.w	r0, [sp, #28]
10002990:	f7ff fd94 	bl	100024bc <dcd_edpt_stall>
10002994:	e6ec      	b.n	10002770 <tud_task_ext+0x20>
10002996:	4820      	ldr	r0, [pc, #128]	@ (10002a18 <tud_task_ext+0x2c8>)
10002998:	f000 fbe4 	bl	10003164 <usbd_control_set_complete_callback>
1000299c:	2101      	movs	r1, #1
1000299e:	4640      	mov	r0, r8
100029a0:	aa08      	add	r2, sp, #32
100029a2:	f7ff f933 	bl	10001c0c <tud_vendor_control_xfer_cb>
100029a6:	2800      	cmp	r0, #0
100029a8:	f47f aee2 	bne.w	10002770 <tud_task_ext+0x20>
100029ac:	e7e8      	b.n	10002980 <tud_task_ext+0x230>
100029ae:	f89d 1024 	ldrb.w	r1, [sp, #36]	@ 0x24
100029b2:	f011 0f70 	tst.w	r1, #112	@ 0x70
100029b6:	d1dc      	bne.n	10002972 <tud_task_ext+0x222>
100029b8:	f001 067f 	and.w	r6, r1, #127	@ 0x7f
100029bc:	eb07 0046 	add.w	r0, r7, r6, lsl #1
100029c0:	4b16      	ldr	r3, [pc, #88]	@ (10002a1c <tud_task_ext+0x2cc>)
100029c2:	eb00 10d1 	add.w	r0, r0, r1, lsr #7
100029c6:	781b      	ldrb	r3, [r3, #0]
100029c8:	7d00      	ldrb	r0, [r0, #20]
100029ca:	0076      	lsls	r6, r6, #1
100029cc:	9601      	str	r6, [sp, #4]
100029ce:	4298      	cmp	r0, r3
100029d0:	ea4f 16d1 	mov.w	r6, r1, lsr #7
100029d4:	9600      	str	r6, [sp, #0]
100029d6:	d359      	bcc.n	10002a8c <tud_task_ext+0x33c>
100029d8:	1c5e      	adds	r6, r3, #1
100029da:	4286      	cmp	r6, r0
100029dc:	f2c0 8166 	blt.w	10002cac <tud_task_ext+0x55c>
100029e0:	1ac0      	subs	r0, r0, r3
100029e2:	4b0c      	ldr	r3, [pc, #48]	@ (10002a14 <tud_task_ext+0x2c4>)
100029e4:	eb03 1640 	add.w	r6, r3, r0, lsl #5
100029e8:	2a00      	cmp	r2, #0
100029ea:	f000 8163 	beq.w	10002cb4 <tud_task_ext+0x564>
100029ee:	6970      	ldr	r0, [r6, #20]
100029f0:	f000 fbb8 	bl	10003164 <usbd_control_set_complete_callback>
100029f4:	2101      	movs	r1, #1
100029f6:	4640      	mov	r0, r8
100029f8:	6973      	ldr	r3, [r6, #20]
100029fa:	aa08      	add	r2, sp, #32
100029fc:	4798      	blx	r3
100029fe:	2800      	cmp	r0, #0
10002a00:	f47f aeb6 	bne.w	10002770 <tud_task_ext+0x20>
10002a04:	e7bc      	b.n	10002980 <tud_task_ext+0x230>
10002a06:	bf00      	nop
10002a08:	20001258 	.word	0x20001258
10002a0c:	20001200 	.word	0x20001200
10002a10:	20001030 	.word	0x20001030
10002a14:	10004814 	.word	0x10004814
10002a18:	10001c0d 	.word	0x10001c0d
10002a1c:	20001ac9 	.word	0x20001ac9
10002a20:	20000e98 	.word	0x20000e98
10002a24:	20001acb 	.word	0x20001acb
10002a28:	f89d 3024 	ldrb.w	r3, [sp, #36]	@ 0x24
10002a2c:	2b0f      	cmp	r3, #15
10002a2e:	d8a7      	bhi.n	10002980 <tud_task_ext+0x230>
10002a30:	4aae      	ldr	r2, [pc, #696]	@ (10002cec <tud_task_ext+0x59c>)
10002a32:	443b      	add	r3, r7
10002a34:	791b      	ldrb	r3, [r3, #4]
10002a36:	7812      	ldrb	r2, [r2, #0]
10002a38:	4293      	cmp	r3, r2
10002a3a:	d332      	bcc.n	10002aa2 <tud_task_ext+0x352>
10002a3c:	1c51      	adds	r1, r2, #1
10002a3e:	4299      	cmp	r1, r3
10002a40:	db9e      	blt.n	10002980 <tud_task_ext+0x230>
10002a42:	4eab      	ldr	r6, [pc, #684]	@ (10002cf0 <tud_task_ext+0x5a0>)
10002a44:	1a9b      	subs	r3, r3, r2
10002a46:	eb06 1643 	add.w	r6, r6, r3, lsl #5
10002a4a:	6970      	ldr	r0, [r6, #20]
10002a4c:	f000 fb8a 	bl	10003164 <usbd_control_set_complete_callback>
10002a50:	2101      	movs	r1, #1
10002a52:	4640      	mov	r0, r8
10002a54:	6973      	ldr	r3, [r6, #20]
10002a56:	aa08      	add	r2, sp, #32
10002a58:	4798      	blx	r3
10002a5a:	2800      	cmp	r0, #0
10002a5c:	f47f ae88 	bne.w	10002770 <tud_task_ext+0x20>
10002a60:	f89d 3020 	ldrb.w	r3, [sp, #32]
10002a64:	f013 0660 	ands.w	r6, r3, #96	@ 0x60
10002a68:	d18a      	bne.n	10002980 <tud_task_ext+0x230>
10002a6a:	f89d 3021 	ldrb.w	r3, [sp, #33]	@ 0x21
10002a6e:	3b0a      	subs	r3, #10
10002a70:	2b01      	cmp	r3, #1
10002a72:	d885      	bhi.n	10002980 <tud_task_ext+0x230>
10002a74:	f000 fb76 	bl	10003164 <usbd_control_set_complete_callback>
10002a78:	f89d 3021 	ldrb.w	r3, [sp, #33]	@ 0x21
10002a7c:	2b0a      	cmp	r3, #10
10002a7e:	f000 81f2 	beq.w	10002e66 <tud_task_ext+0x716>
10002a82:	4640      	mov	r0, r8
10002a84:	a908      	add	r1, sp, #32
10002a86:	f000 faf1 	bl	1000306c <tud_control_status>
10002a8a:	e671      	b.n	10002770 <tud_task_ext+0x20>
10002a8c:	4b99      	ldr	r3, [pc, #612]	@ (10002cf4 <tud_task_ext+0x5a4>)
10002a8e:	681b      	ldr	r3, [r3, #0]
10002a90:	eb03 1640 	add.w	r6, r3, r0, lsl #5
10002a94:	2a00      	cmp	r2, #0
10002a96:	f000 810d 	beq.w	10002cb4 <tud_task_ext+0x564>
10002a9a:	2e00      	cmp	r6, #0
10002a9c:	f43f af70 	beq.w	10002980 <tud_task_ext+0x230>
10002aa0:	e7a5      	b.n	100029ee <tud_task_ext+0x29e>
10002aa2:	4a94      	ldr	r2, [pc, #592]	@ (10002cf4 <tud_task_ext+0x5a4>)
10002aa4:	6816      	ldr	r6, [r2, #0]
10002aa6:	eb16 1643 	adds.w	r6, r6, r3, lsl #5
10002aaa:	d1ce      	bne.n	10002a4a <tud_task_ext+0x2fa>
10002aac:	e768      	b.n	10002980 <tud_task_ext+0x230>
10002aae:	787b      	ldrb	r3, [r7, #1]
10002ab0:	f89d 6022 	ldrb.w	r6, [sp, #34]	@ 0x22
10002ab4:	429e      	cmp	r6, r3
10002ab6:	f000 814f 	beq.w	10002d58 <tud_task_ext+0x608>
10002aba:	787b      	ldrb	r3, [r7, #1]
10002abc:	2b00      	cmp	r3, #0
10002abe:	f040 81be 	bne.w	10002e3e <tud_task_ext+0x6ee>
10002ac2:	707e      	strb	r6, [r7, #1]
10002ac4:	2e00      	cmp	r6, #0
10002ac6:	f000 8145 	beq.w	10002d54 <tud_task_ext+0x604>
10002aca:	1e70      	subs	r0, r6, #1
10002acc:	b2c0      	uxtb	r0, r0
10002ace:	f7ff fad9 	bl	10002084 <tud_descriptor_configuration_cb>
10002ad2:	4603      	mov	r3, r0
10002ad4:	2800      	cmp	r0, #0
10002ad6:	f000 815f 	beq.w	10002d98 <tud_task_ext+0x648>
10002ada:	7842      	ldrb	r2, [r0, #1]
10002adc:	2a02      	cmp	r2, #2
10002ade:	f040 815b 	bne.w	10002d98 <tud_task_ext+0x648>
10002ae2:	79c1      	ldrb	r1, [r0, #7]
10002ae4:	f103 0609 	add.w	r6, r3, #9
10002ae8:	f3c1 1240 	ubfx	r2, r1, #5, #1
10002aec:	0112      	lsls	r2, r2, #4
10002aee:	f3c1 1180 	ubfx	r1, r1, #6, #1
10002af2:	ea42 1241 	orr.w	r2, r2, r1, lsl #5
10002af6:	4631      	mov	r1, r6
10002af8:	7838      	ldrb	r0, [r7, #0]
10002afa:	f020 0030 	bic.w	r0, r0, #48	@ 0x30
10002afe:	4302      	orrs	r2, r0
10002b00:	703a      	strb	r2, [r7, #0]
10002b02:	885a      	ldrh	r2, [r3, #2]
10002b04:	f8cd 800c 	str.w	r8, [sp, #12]
10002b08:	189a      	adds	r2, r3, r2
10002b0a:	9201      	str	r2, [sp, #4]
10002b0c:	9b01      	ldr	r3, [sp, #4]
10002b0e:	428b      	cmp	r3, r1
10002b10:	f240 81a4 	bls.w	10002e5c <tud_task_ext+0x70c>
10002b14:	784a      	ldrb	r2, [r1, #1]
10002b16:	2a0b      	cmp	r2, #11
10002b18:	f000 81af 	beq.w	10002e7a <tud_task_ext+0x72a>
10002b1c:	2301      	movs	r3, #1
10002b1e:	2a04      	cmp	r2, #4
10002b20:	f040 813a 	bne.w	10002d98 <tud_task_ext+0x648>
10002b24:	2600      	movs	r6, #0
10002b26:	9a01      	ldr	r2, [sp, #4]
10002b28:	9600      	str	r6, [sp, #0]
10002b2a:	1a52      	subs	r2, r2, r1
10002b2c:	b292      	uxth	r2, r2
10002b2e:	9202      	str	r2, [sp, #8]
10002b30:	4a6e      	ldr	r2, [pc, #440]	@ (10002cec <tud_task_ext+0x59c>)
10002b32:	9304      	str	r3, [sp, #16]
10002b34:	7812      	ldrb	r2, [r2, #0]
10002b36:	e01d      	b.n	10002b74 <tud_task_ext+0x424>
10002b38:	4b6e      	ldr	r3, [pc, #440]	@ (10002cf4 <tud_task_ext+0x5a4>)
10002b3a:	681b      	ldr	r3, [r3, #0]
10002b3c:	eb13 1846 	adds.w	r8, r3, r6, lsl #5
10002b40:	f000 812a 	beq.w	10002d98 <tud_task_ext+0x648>
10002b44:	9a02      	ldr	r2, [sp, #8]
10002b46:	f8d8 3010 	ldr.w	r3, [r8, #16]
10002b4a:	9803      	ldr	r0, [sp, #12]
10002b4c:	9105      	str	r1, [sp, #20]
10002b4e:	4798      	blx	r3
10002b50:	2808      	cmp	r0, #8
10002b52:	4602      	mov	r2, r0
10002b54:	9905      	ldr	r1, [sp, #20]
10002b56:	f106 0301 	add.w	r3, r6, #1
10002b5a:	d903      	bls.n	10002b64 <tud_task_ext+0x414>
10002b5c:	9802      	ldr	r0, [sp, #8]
10002b5e:	4290      	cmp	r0, r2
10002b60:	f080 80ff 	bcs.w	10002d62 <tud_task_ext+0x612>
10002b64:	b2de      	uxtb	r6, r3
10002b66:	4b61      	ldr	r3, [pc, #388]	@ (10002cec <tud_task_ext+0x59c>)
10002b68:	9600      	str	r6, [sp, #0]
10002b6a:	781a      	ldrb	r2, [r3, #0]
10002b6c:	1c53      	adds	r3, r2, #1
10002b6e:	429e      	cmp	r6, r3
10002b70:	f300 8112 	bgt.w	10002d98 <tud_task_ext+0x648>
10002b74:	9b00      	ldr	r3, [sp, #0]
10002b76:	42b2      	cmp	r2, r6
10002b78:	eba3 0202 	sub.w	r2, r3, r2
10002b7c:	d8dc      	bhi.n	10002b38 <tud_task_ext+0x3e8>
10002b7e:	4b5c      	ldr	r3, [pc, #368]	@ (10002cf0 <tud_task_ext+0x5a0>)
10002b80:	eb03 1842 	add.w	r8, r3, r2, lsl #5
10002b84:	e7de      	b.n	10002b44 <tud_task_ext+0x3f4>
10002b86:	787b      	ldrb	r3, [r7, #1]
10002b88:	4640      	mov	r0, r8
10002b8a:	f88d 301a 	strb.w	r3, [sp, #26]
10002b8e:	f10d 021a 	add.w	r2, sp, #26
10002b92:	2301      	movs	r3, #1
10002b94:	a908      	add	r1, sp, #32
10002b96:	f000 fa83 	bl	100030a0 <tud_control_xfer>
10002b9a:	e5e9      	b.n	10002770 <tud_task_ext+0x20>
10002b9c:	f8bd 0022 	ldrh.w	r0, [sp, #34]	@ 0x22
10002ba0:	0a03      	lsrs	r3, r0, #8
10002ba2:	3b01      	subs	r3, #1
10002ba4:	0a02      	lsrs	r2, r0, #8
10002ba6:	b2c0      	uxtb	r0, r0
10002ba8:	2b0e      	cmp	r3, #14
10002baa:	f63f aee9 	bhi.w	10002980 <tud_task_ext+0x230>
10002bae:	a101      	add	r1, pc, #4	@ (adr r1, 10002bb4 <tud_task_ext+0x464>)
10002bb0:	f851 f023 	ldr.w	pc, [r1, r3, lsl #2]
10002bb4:	10002dc9 	.word	0x10002dc9
10002bb8:	10002c65 	.word	0x10002c65
10002bbc:	10002e05 	.word	0x10002e05
10002bc0:	10002981 	.word	0x10002981
10002bc4:	10002981 	.word	0x10002981
10002bc8:	10002de7 	.word	0x10002de7
10002bcc:	10002c65 	.word	0x10002c65
10002bd0:	10002981 	.word	0x10002981
10002bd4:	10002981 	.word	0x10002981
10002bd8:	10002981 	.word	0x10002981
10002bdc:	10002981 	.word	0x10002981
10002be0:	10002981 	.word	0x10002981
10002be4:	10002981 	.word	0x10002981
10002be8:	10002981 	.word	0x10002981
10002bec:	10002dbb 	.word	0x10002dbb
10002bf0:	a808      	add	r0, sp, #32
10002bf2:	f000 fabd 	bl	10003170 <usbd_control_set_request>
10002bf6:	4640      	mov	r0, r8
10002bf8:	f89d 1022 	ldrb.w	r1, [sp, #34]	@ 0x22
10002bfc:	f7ff fba2 	bl	10002344 <dcd_set_address>
10002c00:	783b      	ldrb	r3, [r7, #0]
10002c02:	f043 0302 	orr.w	r3, r3, #2
10002c06:	703b      	strb	r3, [r7, #0]
10002c08:	e5b2      	b.n	10002770 <tud_task_ext+0x20>
10002c0a:	f8bd 3022 	ldrh.w	r3, [sp, #34]	@ 0x22
10002c0e:	2b01      	cmp	r3, #1
10002c10:	f47f aeb6 	bne.w	10002980 <tud_task_ext+0x230>
10002c14:	783b      	ldrb	r3, [r7, #0]
10002c16:	4640      	mov	r0, r8
10002c18:	f023 0308 	bic.w	r3, r3, #8
10002c1c:	a908      	add	r1, sp, #32
10002c1e:	703b      	strb	r3, [r7, #0]
10002c20:	f000 fa24 	bl	1000306c <tud_control_status>
10002c24:	e5a4      	b.n	10002770 <tud_task_ext+0x20>
10002c26:	4640      	mov	r0, r8
10002c28:	783b      	ldrb	r3, [r7, #0]
10002c2a:	089a      	lsrs	r2, r3, #2
10002c2c:	f002 0202 	and.w	r2, r2, #2
10002c30:	f3c3 1340 	ubfx	r3, r3, #5, #1
10002c34:	4313      	orrs	r3, r2
10002c36:	f8ad 301a 	strh.w	r3, [sp, #26]
10002c3a:	f10d 021a 	add.w	r2, sp, #26
10002c3e:	2302      	movs	r3, #2
10002c40:	a908      	add	r1, sp, #32
10002c42:	f000 fa2d 	bl	100030a0 <tud_control_xfer>
10002c46:	e593      	b.n	10002770 <tud_task_ext+0x20>
10002c48:	f8bd 3022 	ldrh.w	r3, [sp, #34]	@ 0x22
10002c4c:	2b01      	cmp	r3, #1
10002c4e:	f47f ae97 	bne.w	10002980 <tud_task_ext+0x230>
10002c52:	783b      	ldrb	r3, [r7, #0]
10002c54:	4640      	mov	r0, r8
10002c56:	f043 0308 	orr.w	r3, r3, #8
10002c5a:	a908      	add	r1, sp, #32
10002c5c:	703b      	strb	r3, [r7, #0]
10002c5e:	f000 fa05 	bl	1000306c <tud_control_status>
10002c62:	e585      	b.n	10002770 <tud_task_ext+0x20>
10002c64:	2a02      	cmp	r2, #2
10002c66:	f43f ae7e 	beq.w	10002966 <tud_task_ext+0x216>
10002c6a:	f7ff fcdd 	bl	10002628 <tud_descriptor_other_speed_configuration_cb>
10002c6e:	4602      	mov	r2, r0
10002c70:	2800      	cmp	r0, #0
10002c72:	f43f ae85 	beq.w	10002980 <tud_task_ext+0x230>
10002c76:	4640      	mov	r0, r8
10002c78:	8853      	ldrh	r3, [r2, #2]
10002c7a:	a908      	add	r1, sp, #32
10002c7c:	f000 fa10 	bl	100030a0 <tud_control_xfer>
10002c80:	2800      	cmp	r0, #0
10002c82:	f47f ad75 	bne.w	10002770 <tud_task_ext+0x20>
10002c86:	e67b      	b.n	10002980 <tud_task_ext+0x230>
10002c88:	f89d 3024 	ldrb.w	r3, [sp, #36]	@ 0x24
10002c8c:	2b0f      	cmp	r3, #15
10002c8e:	f63f ae77 	bhi.w	10002980 <tud_task_ext+0x230>
10002c92:	4a16      	ldr	r2, [pc, #88]	@ (10002cec <tud_task_ext+0x59c>)
10002c94:	443b      	add	r3, r7
10002c96:	791b      	ldrb	r3, [r3, #4]
10002c98:	7812      	ldrb	r2, [r2, #0]
10002c9a:	4293      	cmp	r3, r2
10002c9c:	d21d      	bcs.n	10002cda <tud_task_ext+0x58a>
10002c9e:	4a15      	ldr	r2, [pc, #84]	@ (10002cf4 <tud_task_ext+0x5a4>)
10002ca0:	6816      	ldr	r6, [r2, #0]
10002ca2:	eb16 1643 	adds.w	r6, r6, r3, lsl #5
10002ca6:	f47f aea2 	bne.w	100029ee <tud_task_ext+0x29e>
10002caa:	e669      	b.n	10002980 <tud_task_ext+0x230>
10002cac:	2a00      	cmp	r2, #0
10002cae:	f47f ae67 	bne.w	10002980 <tud_task_ext+0x230>
10002cb2:	2600      	movs	r6, #0
10002cb4:	f89d 2021 	ldrb.w	r2, [sp, #33]	@ 0x21
10002cb8:	f002 03fd 	and.w	r3, r2, #253	@ 0xfd
10002cbc:	2b01      	cmp	r3, #1
10002cbe:	d01b      	beq.n	10002cf8 <tud_task_ext+0x5a8>
10002cc0:	2a00      	cmp	r2, #0
10002cc2:	f47f ae56 	bne.w	10002972 <tud_task_ext+0x222>
10002cc6:	9b01      	ldr	r3, [sp, #4]
10002cc8:	9a00      	ldr	r2, [sp, #0]
10002cca:	443b      	add	r3, r7
10002ccc:	4413      	add	r3, r2
10002cce:	f893 3034 	ldrb.w	r3, [r3, #52]	@ 0x34
10002cd2:	4640      	mov	r0, r8
10002cd4:	f3c3 0340 	ubfx	r3, r3, #1, #1
10002cd8:	e7ad      	b.n	10002c36 <tud_task_ext+0x4e6>
10002cda:	1c51      	adds	r1, r2, #1
10002cdc:	4299      	cmp	r1, r3
10002cde:	f6ff ae4f 	blt.w	10002980 <tud_task_ext+0x230>
10002ce2:	4e03      	ldr	r6, [pc, #12]	@ (10002cf0 <tud_task_ext+0x5a0>)
10002ce4:	1a9b      	subs	r3, r3, r2
10002ce6:	eb06 1643 	add.w	r6, r6, r3, lsl #5
10002cea:	e680      	b.n	100029ee <tud_task_ext+0x29e>
10002cec:	20001ac9 	.word	0x20001ac9
10002cf0:	10004814 	.word	0x10004814
10002cf4:	20001030 	.word	0x20001030
10002cf8:	f8bd 3022 	ldrh.w	r3, [sp, #34]	@ 0x22
10002cfc:	b9b3      	cbnz	r3, 10002d2c <tud_task_ext+0x5dc>
10002cfe:	2a01      	cmp	r2, #1
10002d00:	f899 0000 	ldrb.w	r0, [r9]
10002d04:	f000 8086 	beq.w	10002e14 <tud_task_ext+0x6c4>
10002d08:	f7ff fbd8 	bl	100024bc <dcd_edpt_stall>
10002d0c:	9b01      	ldr	r3, [sp, #4]
10002d0e:	9a00      	ldr	r2, [sp, #0]
10002d10:	443b      	add	r3, r7
10002d12:	4413      	add	r3, r2
10002d14:	f893 2034 	ldrb.w	r2, [r3, #52]	@ 0x34
10002d18:	f042 0202 	orr.w	r2, r2, #2
10002d1c:	f883 2034 	strb.w	r2, [r3, #52]	@ 0x34
10002d20:	f893 2034 	ldrb.w	r2, [r3, #52]	@ 0x34
10002d24:	f042 0201 	orr.w	r2, r2, #1
10002d28:	f883 2034 	strb.w	r2, [r3, #52]	@ 0x34
10002d2c:	2e00      	cmp	r6, #0
10002d2e:	f43f ad1f 	beq.w	10002770 <tud_task_ext+0x20>
10002d32:	6970      	ldr	r0, [r6, #20]
10002d34:	f000 fa16 	bl	10003164 <usbd_control_set_complete_callback>
10002d38:	6973      	ldr	r3, [r6, #20]
10002d3a:	2101      	movs	r1, #1
10002d3c:	aa08      	add	r2, sp, #32
10002d3e:	4640      	mov	r0, r8
10002d40:	4798      	blx	r3
10002d42:	2000      	movs	r0, #0
10002d44:	f000 fa0e 	bl	10003164 <usbd_control_set_complete_callback>
10002d48:	f897 3035 	ldrb.w	r3, [r7, #53]	@ 0x35
10002d4c:	07df      	lsls	r7, r3, #31
10002d4e:	f53f ad0f 	bmi.w	10002770 <tud_task_ext+0x20>
10002d52:	e696      	b.n	10002a82 <tud_task_ext+0x332>
10002d54:	f7ff fc6c 	bl	10002630 <tud_umount_cb>
10002d58:	4640      	mov	r0, r8
10002d5a:	a908      	add	r1, sp, #32
10002d5c:	f000 f986 	bl	1000306c <tud_control_status>
10002d60:	e506      	b.n	10002770 <tud_task_ext+0x20>
10002d62:	9b04      	ldr	r3, [sp, #16]
10002d64:	2b01      	cmp	r3, #1
10002d66:	f000 809e 	beq.w	10002ea6 <tud_task_ext+0x756>
10002d6a:	2b00      	cmp	r3, #0
10002d6c:	f000 808a 	beq.w	10002e84 <tud_task_ext+0x734>
10002d70:	2000      	movs	r0, #0
10002d72:	f891 8002 	ldrb.w	r8, [r1, #2]
10002d76:	e005      	b.n	10002d84 <tud_task_ext+0x634>
10002d78:	f88c 6004 	strb.w	r6, [ip, #4]
10002d7c:	fa5f fc80 	uxtb.w	ip, r0
10002d80:	4563      	cmp	r3, ip
10002d82:	d97f      	bls.n	10002e84 <tud_task_ext+0x734>
10002d84:	eb08 0c00 	add.w	ip, r8, r0
10002d88:	fa57 fc8c 	uxtab	ip, r7, ip
10002d8c:	f89c e004 	ldrb.w	lr, [ip, #4]
10002d90:	3001      	adds	r0, #1
10002d92:	f1be 0fff 	cmp.w	lr, #255	@ 0xff
10002d96:	d0ef      	beq.n	10002d78 <tud_task_ext+0x628>
10002d98:	f04f 23e0 	mov.w	r3, #3758153728	@ 0xe000e000
10002d9c:	f8d3 3df0 	ldr.w	r3, [r3, #3568]	@ 0xdf0
10002da0:	07da      	lsls	r2, r3, #31
10002da2:	d500      	bpl.n	10002da6 <tud_task_ext+0x656>
10002da4:	be00      	bkpt	0x0000
10002da6:	f04f 23e0 	mov.w	r3, #3758153728	@ 0xe000e000
10002daa:	f8d3 3df0 	ldr.w	r3, [r3, #3568]	@ 0xdf0
10002dae:	07db      	lsls	r3, r3, #31
10002db0:	d500      	bpl.n	10002db4 <tud_task_ext+0x664>
10002db2:	be00      	bkpt	0x0000
10002db4:	2300      	movs	r3, #0
10002db6:	707b      	strb	r3, [r7, #1]
10002db8:	e5e2      	b.n	10002980 <tud_task_ext+0x230>
10002dba:	f7fe ff23 	bl	10001c04 <tud_descriptor_bos_cb>
10002dbe:	4602      	mov	r2, r0
10002dc0:	2800      	cmp	r0, #0
10002dc2:	f47f af58 	bne.w	10002c76 <tud_task_ext+0x526>
10002dc6:	e5db      	b.n	10002980 <tud_task_ext+0x230>
10002dc8:	f7ff f958 	bl	1000207c <tud_descriptor_device_cb>
10002dcc:	4602      	mov	r2, r0
10002dce:	2800      	cmp	r0, #0
10002dd0:	f43f adcf 	beq.w	10002972 <tud_task_ext+0x222>
10002dd4:	4640      	mov	r0, r8
10002dd6:	2312      	movs	r3, #18
10002dd8:	a908      	add	r1, sp, #32
10002dda:	f000 f961 	bl	100030a0 <tud_control_xfer>
10002dde:	2800      	cmp	r0, #0
10002de0:	f47f acc6 	bne.w	10002770 <tud_task_ext+0x20>
10002de4:	e5cc      	b.n	10002980 <tud_task_ext+0x230>
10002de6:	f7ff fc1d 	bl	10002624 <tud_descriptor_device_qualifier_cb>
10002dea:	4602      	mov	r2, r0
10002dec:	2800      	cmp	r0, #0
10002dee:	f43f adc7 	beq.w	10002980 <tud_task_ext+0x230>
10002df2:	4640      	mov	r0, r8
10002df4:	7813      	ldrb	r3, [r2, #0]
10002df6:	a908      	add	r1, sp, #32
10002df8:	f000 f952 	bl	100030a0 <tud_control_xfer>
10002dfc:	2800      	cmp	r0, #0
10002dfe:	f47f acb7 	bne.w	10002770 <tud_task_ext+0x20>
10002e02:	e5bd      	b.n	10002980 <tud_task_ext+0x230>
10002e04:	f8bd 1024 	ldrh.w	r1, [sp, #36]	@ 0x24
10002e08:	f7ff f940 	bl	1000208c <tud_descriptor_string_cb>
10002e0c:	4602      	mov	r2, r0
10002e0e:	2800      	cmp	r0, #0
10002e10:	d1ef      	bne.n	10002df2 <tud_task_ext+0x6a2>
10002e12:	e5b5      	b.n	10002980 <tud_task_ext+0x230>
10002e14:	9302      	str	r3, [sp, #8]
10002e16:	f7ff fb69 	bl	100024ec <dcd_edpt_clear_stall>
10002e1a:	9a01      	ldr	r2, [sp, #4]
10002e1c:	9b00      	ldr	r3, [sp, #0]
10002e1e:	443a      	add	r2, r7
10002e20:	441a      	add	r2, r3
10002e22:	f892 1034 	ldrb.w	r1, [r2, #52]	@ 0x34
10002e26:	9b02      	ldr	r3, [sp, #8]
10002e28:	f363 0141 	bfi	r1, r3, #1, #1
10002e2c:	f882 1034 	strb.w	r1, [r2, #52]	@ 0x34
10002e30:	f892 1034 	ldrb.w	r1, [r2, #52]	@ 0x34
10002e34:	f363 0100 	bfi	r1, r3, #0, #1
10002e38:	f882 1034 	strb.w	r1, [r2, #52]	@ 0x34
10002e3c:	e776      	b.n	10002d2c <tud_task_ext+0x5dc>
10002e3e:	2100      	movs	r1, #0
10002e40:	4640      	mov	r0, r8
10002e42:	f7ff fa87 	bl	10002354 <dcd_sof_enable>
10002e46:	4640      	mov	r0, r8
10002e48:	f7ff fb22 	bl	10002490 <dcd_edpt_close_all>
10002e4c:	78bb      	ldrb	r3, [r7, #2]
10002e4e:	4640      	mov	r0, r8
10002e50:	9300      	str	r3, [sp, #0]
10002e52:	f7ff fb9d 	bl	10002590 <configuration_reset>
10002e56:	9b00      	ldr	r3, [sp, #0]
10002e58:	70bb      	strb	r3, [r7, #2]
10002e5a:	e632      	b.n	10002ac2 <tud_task_ext+0x372>
10002e5c:	f8dd 800c 	ldr.w	r8, [sp, #12]
10002e60:	f7ff fbe4 	bl	1000262c <tud_mount_cb>
10002e64:	e778      	b.n	10002d58 <tud_task_ext+0x608>
10002e66:	4640      	mov	r0, r8
10002e68:	2301      	movs	r3, #1
10002e6a:	a908      	add	r1, sp, #32
10002e6c:	f10d 021a 	add.w	r2, sp, #26
10002e70:	f88d 601a 	strb.w	r6, [sp, #26]
10002e74:	f000 f914 	bl	100030a0 <tud_control_xfer>
10002e78:	e47a      	b.n	10002770 <tud_task_ext+0x20>
10002e7a:	780a      	ldrb	r2, [r1, #0]
10002e7c:	78cb      	ldrb	r3, [r1, #3]
10002e7e:	4411      	add	r1, r2
10002e80:	784a      	ldrb	r2, [r1, #1]
10002e82:	e64c      	b.n	10002b1e <tud_task_ext+0x3ce>
10002e84:	4633      	mov	r3, r6
10002e86:	4810      	ldr	r0, [pc, #64]	@ (10002ec8 <tud_task_ext+0x778>)
10002e88:	9204      	str	r2, [sp, #16]
10002e8a:	9102      	str	r1, [sp, #8]
10002e8c:	f000 fe76 	bl	10003b7c <tu_edpt_bind_driver>
10002e90:	4b0e      	ldr	r3, [pc, #56]	@ (10002ecc <tud_task_ext+0x77c>)
10002e92:	9a04      	ldr	r2, [sp, #16]
10002e94:	9902      	ldr	r1, [sp, #8]
10002e96:	781b      	ldrb	r3, [r3, #0]
10002e98:	4411      	add	r1, r2
10002e9a:	9a00      	ldr	r2, [sp, #0]
10002e9c:	3301      	adds	r3, #1
10002e9e:	4293      	cmp	r3, r2
10002ea0:	f6bf ae34 	bge.w	10002b0c <tud_task_ext+0x3bc>
10002ea4:	e778      	b.n	10002d98 <tud_task_ext+0x648>
10002ea6:	f8d8 c010 	ldr.w	ip, [r8, #16]
10002eaa:	4809      	ldr	r0, [pc, #36]	@ (10002ed0 <tud_task_ext+0x780>)
10002eac:	4584      	cmp	ip, r0
10002eae:	bf08      	it	eq
10002eb0:	2302      	moveq	r3, #2
10002eb2:	e75d      	b.n	10002d70 <tud_task_ext+0x620>
10002eb4:	f04f 23e0 	mov.w	r3, #3758153728	@ 0xe000e000
10002eb8:	f8d3 3df0 	ldr.w	r3, [r3, #3568]	@ 0xdf0
10002ebc:	07db      	lsls	r3, r3, #31
10002ebe:	f57f ac57 	bpl.w	10002770 <tud_task_ext+0x20>
10002ec2:	be00      	bkpt	0x0000
10002ec4:	e454      	b.n	10002770 <tud_task_ext+0x20>
10002ec6:	bf00      	nop
10002ec8:	20001214 	.word	0x20001214
10002ecc:	20001ac9 	.word	0x20001ac9
10002ed0:	1000359d 	.word	0x1000359d

10002ed4 <usbd_open_edpt_pair>:
10002ed4:	e92d 4ff8 	stmdb	sp!, {r3, r4, r5, r6, r7, r8, r9, sl, fp, lr}
10002ed8:	9f0a      	ldr	r7, [sp, #40]	@ 0x28
10002eda:	2a00      	cmp	r2, #0
10002edc:	d040      	beq.n	10002f60 <usbd_open_edpt_pair+0x8c>
10002ede:	460c      	mov	r4, r1
10002ee0:	461e      	mov	r6, r3
10002ee2:	4615      	mov	r5, r2
10002ee4:	f04f 0a00 	mov.w	sl, #0
10002ee8:	f8df 907c 	ldr.w	r9, [pc, #124]	@ 10002f68 <usbd_open_edpt_pair+0x94>
10002eec:	f8df 807c 	ldr.w	r8, [pc, #124]	@ 10002f6c <usbd_open_edpt_pair+0x98>
10002ef0:	e018      	b.n	10002f24 <usbd_open_edpt_pair+0x50>
10002ef2:	4620      	mov	r0, r4
10002ef4:	f898 1002 	ldrb.w	r1, [r8, #2]
10002ef8:	f899 b000 	ldrb.w	fp, [r9]
10002efc:	f000 fe0e 	bl	10003b1c <tu_edpt_validate>
10002f00:	b1e0      	cbz	r0, 10002f3c <usbd_open_edpt_pair+0x68>
10002f02:	4621      	mov	r1, r4
10002f04:	4658      	mov	r0, fp
10002f06:	f7ff fa41 	bl	1000238c <dcd_edpt_open>
10002f0a:	b1f0      	cbz	r0, 10002f4a <usbd_open_edpt_pair+0x76>
10002f0c:	78a2      	ldrb	r2, [r4, #2]
10002f0e:	f10a 0a01 	add.w	sl, sl, #1
10002f12:	09d1      	lsrs	r1, r2, #7
10002f14:	bf16      	itet	ne
10002f16:	9b0b      	ldrne	r3, [sp, #44]	@ 0x2c
10002f18:	703a      	strbeq	r2, [r7, #0]
10002f1a:	701a      	strbne	r2, [r3, #0]
10002f1c:	7822      	ldrb	r2, [r4, #0]
10002f1e:	45aa      	cmp	sl, r5
10002f20:	4414      	add	r4, r2
10002f22:	d01d      	beq.n	10002f60 <usbd_open_edpt_pair+0x8c>
10002f24:	7862      	ldrb	r2, [r4, #1]
10002f26:	2a05      	cmp	r2, #5
10002f28:	d10f      	bne.n	10002f4a <usbd_open_edpt_pair+0x76>
10002f2a:	78e1      	ldrb	r1, [r4, #3]
10002f2c:	f001 0103 	and.w	r1, r1, #3
10002f30:	42b1      	cmp	r1, r6
10002f32:	d10a      	bne.n	10002f4a <usbd_open_edpt_pair+0x76>
10002f34:	78a2      	ldrb	r2, [r4, #2]
10002f36:	f012 0f70 	tst.w	r2, #112	@ 0x70
10002f3a:	d0da      	beq.n	10002ef2 <usbd_open_edpt_pair+0x1e>
10002f3c:	f04f 23e0 	mov.w	r3, #3758153728	@ 0xe000e000
10002f40:	f8d3 3df0 	ldr.w	r3, [r3, #3568]	@ 0xdf0
10002f44:	07da      	lsls	r2, r3, #31
10002f46:	d500      	bpl.n	10002f4a <usbd_open_edpt_pair+0x76>
10002f48:	be00      	bkpt	0x0000
10002f4a:	f04f 23e0 	mov.w	r3, #3758153728	@ 0xe000e000
10002f4e:	f8d3 3df0 	ldr.w	r3, [r3, #3568]	@ 0xdf0
10002f52:	07db      	lsls	r3, r3, #31
10002f54:	d402      	bmi.n	10002f5c <usbd_open_edpt_pair+0x88>
10002f56:	2000      	movs	r0, #0
10002f58:	e8bd 8ff8 	ldmia.w	sp!, {r3, r4, r5, r6, r7, r8, r9, sl, fp, pc}
10002f5c:	be00      	bkpt	0x0000
10002f5e:	e7fa      	b.n	10002f56 <usbd_open_edpt_pair+0x82>
10002f60:	2001      	movs	r0, #1
10002f62:	e8bd 8ff8 	ldmia.w	sp!, {r3, r4, r5, r6, r7, r8, r9, sl, fp, pc}
10002f66:	bf00      	nop
10002f68:	20000e98 	.word	0x20000e98
10002f6c:	20001200 	.word	0x20001200

10002f70 <usbd_edpt_open>:
10002f70:	b538      	push	{r3, r4, r5, lr}
10002f72:	788b      	ldrb	r3, [r1, #2]
10002f74:	f013 0f70 	tst.w	r3, #112	@ 0x70
10002f78:	d008      	beq.n	10002f8c <usbd_edpt_open+0x1c>
10002f7a:	f04f 23e0 	mov.w	r3, #3758153728	@ 0xe000e000
10002f7e:	f8d3 3df0 	ldr.w	r3, [r3, #3568]	@ 0xdf0
10002f82:	07db      	lsls	r3, r3, #31
10002f84:	d500      	bpl.n	10002f88 <usbd_edpt_open+0x18>
10002f86:	be00      	bkpt	0x0000
10002f88:	2000      	movs	r0, #0
10002f8a:	bd38      	pop	{r3, r4, r5, pc}
10002f8c:	4a07      	ldr	r2, [pc, #28]	@ (10002fac <usbd_edpt_open+0x3c>)
10002f8e:	4b08      	ldr	r3, [pc, #32]	@ (10002fb0 <usbd_edpt_open+0x40>)
10002f90:	460c      	mov	r4, r1
10002f92:	4608      	mov	r0, r1
10002f94:	7891      	ldrb	r1, [r2, #2]
10002f96:	781d      	ldrb	r5, [r3, #0]
10002f98:	f000 fdc0 	bl	10003b1c <tu_edpt_validate>
10002f9c:	2800      	cmp	r0, #0
10002f9e:	d0ec      	beq.n	10002f7a <usbd_edpt_open+0xa>
10002fa0:	4621      	mov	r1, r4
10002fa2:	4628      	mov	r0, r5
10002fa4:	e8bd 4038 	ldmia.w	sp!, {r3, r4, r5, lr}
10002fa8:	f7ff b9f0 	b.w	1000238c <dcd_edpt_open>
10002fac:	20001200 	.word	0x20001200
10002fb0:	20000e98 	.word	0x20000e98

10002fb4 <usbd_edpt_claim>:
10002fb4:	460b      	mov	r3, r1
10002fb6:	4a06      	ldr	r2, [pc, #24]	@ (10002fd0 <usbd_edpt_claim+0x1c>)
10002fb8:	4806      	ldr	r0, [pc, #24]	@ (10002fd4 <usbd_edpt_claim+0x20>)
10002fba:	6811      	ldr	r1, [r2, #0]
10002fbc:	09da      	lsrs	r2, r3, #7
10002fbe:	3234      	adds	r2, #52	@ 0x34
10002fc0:	f003 037f 	and.w	r3, r3, #127	@ 0x7f
10002fc4:	eb02 0343 	add.w	r3, r2, r3, lsl #1
10002fc8:	4418      	add	r0, r3
10002fca:	f000 bd61 	b.w	10003a90 <tu_edpt_claim>
10002fce:	bf00      	nop
10002fd0:	20001254 	.word	0x20001254
10002fd4:	20001200 	.word	0x20001200

10002fd8 <usbd_edpt_release>:
10002fd8:	460b      	mov	r3, r1
10002fda:	4a06      	ldr	r2, [pc, #24]	@ (10002ff4 <usbd_edpt_release+0x1c>)
10002fdc:	4806      	ldr	r0, [pc, #24]	@ (10002ff8 <usbd_edpt_release+0x20>)
10002fde:	6811      	ldr	r1, [r2, #0]
10002fe0:	09da      	lsrs	r2, r3, #7
10002fe2:	3234      	adds	r2, #52	@ 0x34
10002fe4:	f003 037f 	and.w	r3, r3, #127	@ 0x7f
10002fe8:	eb02 0343 	add.w	r3, r2, r3, lsl #1
10002fec:	4418      	add	r0, r3
10002fee:	f000 bd79 	b.w	10003ae4 <tu_edpt_release>
10002ff2:	bf00      	nop
10002ff4:	20001254 	.word	0x20001254
10002ff8:	20001200 	.word	0x20001200

10002ffc <usbd_edpt_xfer>:
10002ffc:	b510      	push	{r4, lr}
10002ffe:	4819      	ldr	r0, [pc, #100]	@ (10003064 <usbd_edpt_xfer+0x68>)
10003000:	f001 0c7f 	and.w	ip, r1, #127	@ 0x7f
10003004:	eb00 004c 	add.w	r0, r0, ip, lsl #1
10003008:	eb00 10d1 	add.w	r0, r0, r1, lsr #7
1000300c:	f890 c034 	ldrb.w	ip, [r0, #52]	@ 0x34
10003010:	f01c 0f01 	tst.w	ip, #1
10003014:	d008      	beq.n	10003028 <usbd_edpt_xfer+0x2c>
10003016:	f04f 23e0 	mov.w	r3, #3758153728	@ 0xe000e000
1000301a:	f8d3 3df0 	ldr.w	r3, [r3, #3568]	@ 0xdf0
1000301e:	07da      	lsls	r2, r3, #31
10003020:	d500      	bpl.n	10003024 <usbd_edpt_xfer+0x28>
10003022:	be00      	bkpt	0x0000
10003024:	2000      	movs	r0, #0
10003026:	bd10      	pop	{r4, pc}
10003028:	f100 0430 	add.w	r4, r0, #48	@ 0x30
1000302c:	f894 c004 	ldrb.w	ip, [r4, #4]
10003030:	480d      	ldr	r0, [pc, #52]	@ (10003068 <usbd_edpt_xfer+0x6c>)
10003032:	f04c 0c01 	orr.w	ip, ip, #1
10003036:	7800      	ldrb	r0, [r0, #0]
10003038:	f884 c004 	strb.w	ip, [r4, #4]
1000303c:	f7ff fa2a 	bl	10002494 <dcd_edpt_xfer>
10003040:	2800      	cmp	r0, #0
10003042:	d1f0      	bne.n	10003026 <usbd_edpt_xfer+0x2a>
10003044:	f04f 21e0 	mov.w	r1, #3758153728	@ 0xe000e000
10003048:	7922      	ldrb	r2, [r4, #4]
1000304a:	f360 0200 	bfi	r2, r0, #0, #1
1000304e:	7122      	strb	r2, [r4, #4]
10003050:	7922      	ldrb	r2, [r4, #4]
10003052:	f360 0282 	bfi	r2, r0, #2, #1
10003056:	7122      	strb	r2, [r4, #4]
10003058:	f8d1 3df0 	ldr.w	r3, [r1, #3568]	@ 0xdf0
1000305c:	07db      	lsls	r3, r3, #31
1000305e:	d5e1      	bpl.n	10003024 <usbd_edpt_xfer+0x28>
10003060:	be00      	bkpt	0x0000
10003062:	e7df      	b.n	10003024 <usbd_edpt_xfer+0x28>
10003064:	20001200 	.word	0x20001200
10003068:	20000e98 	.word	0x20000e98

1000306c <tud_control_status>:
1000306c:	b530      	push	{r4, r5, lr}
1000306e:	4c0b      	ldr	r4, [pc, #44]	@ (1000309c <tud_control_status+0x30>)
10003070:	468c      	mov	ip, r1
10003072:	46a6      	mov	lr, r4
10003074:	4605      	mov	r5, r0
10003076:	6808      	ldr	r0, [r1, #0]
10003078:	6849      	ldr	r1, [r1, #4]
1000307a:	2300      	movs	r3, #0
1000307c:	e8ae 0003 	stmia.w	lr!, {r0, r1}
10003080:	f89c 1000 	ldrb.w	r1, [ip]
10003084:	4628      	mov	r0, r5
10003086:	43c9      	mvns	r1, r1
10003088:	e9c4 3302 	strd	r3, r3, [r4, #8]
1000308c:	e8bd 4030 	ldmia.w	sp!, {r4, r5, lr}
10003090:	461a      	mov	r2, r3
10003092:	f001 0180 	and.w	r1, r1, #128	@ 0x80
10003096:	f7ff bfb1 	b.w	10002ffc <usbd_edpt_xfer>
1000309a:	bf00      	nop
1000309c:	200011c0 	.word	0x200011c0

100030a0 <tud_control_xfer>:
100030a0:	e92d 41f0 	stmdb	sp!, {r4, r5, r6, r7, r8, lr}
100030a4:	4f28      	ldr	r7, [pc, #160]	@ (10003148 <tud_control_xfer+0xa8>)
100030a6:	f04f 0800 	mov.w	r8, #0
100030aa:	46be      	mov	lr, r7
100030ac:	468c      	mov	ip, r1
100030ae:	4606      	mov	r6, r0
100030b0:	6808      	ldr	r0, [r1, #0]
100030b2:	6849      	ldr	r1, [r1, #4]
100030b4:	60ba      	str	r2, [r7, #8]
100030b6:	e8ae 0003 	stmia.w	lr!, {r0, r1}
100030ba:	f8a7 800e 	strh.w	r8, [r7, #14]
100030be:	4615      	mov	r5, r2
100030c0:	f8bc 2006 	ldrh.w	r2, [ip, #6]
100030c4:	4293      	cmp	r3, r2
100030c6:	bf28      	it	cs
100030c8:	4613      	movcs	r3, r2
100030ca:	81bb      	strh	r3, [r7, #12]
100030cc:	b19a      	cbz	r2, 100030f6 <tud_control_xfer+0x56>
100030ce:	461c      	mov	r4, r3
100030d0:	b333      	cbz	r3, 10003120 <tud_control_xfer+0x80>
100030d2:	b1dd      	cbz	r5, 1000310c <tud_control_xfer+0x6c>
100030d4:	f997 3000 	ldrsb.w	r3, [r7]
100030d8:	2c40      	cmp	r4, #64	@ 0x40
100030da:	bf28      	it	cs
100030dc:	2440      	movcs	r4, #64	@ 0x40
100030de:	2b00      	cmp	r3, #0
100030e0:	db29      	blt.n	10003136 <tud_control_xfer+0x96>
100030e2:	4641      	mov	r1, r8
100030e4:	4623      	mov	r3, r4
100030e6:	4630      	mov	r0, r6
100030e8:	4a18      	ldr	r2, [pc, #96]	@ (1000314c <tud_control_xfer+0xac>)
100030ea:	f7ff ff87 	bl	10002ffc <usbd_edpt_xfer>
100030ee:	b168      	cbz	r0, 1000310c <tud_control_xfer+0x6c>
100030f0:	2001      	movs	r0, #1
100030f2:	e8bd 81f0 	ldmia.w	sp!, {r4, r5, r6, r7, r8, pc}
100030f6:	f89c 1000 	ldrb.w	r1, [ip]
100030fa:	4613      	mov	r3, r2
100030fc:	43c9      	mvns	r1, r1
100030fe:	4630      	mov	r0, r6
10003100:	f001 0180 	and.w	r1, r1, #128	@ 0x80
10003104:	f7ff ff7a 	bl	10002ffc <usbd_edpt_xfer>
10003108:	2800      	cmp	r0, #0
1000310a:	d1f1      	bne.n	100030f0 <tud_control_xfer+0x50>
1000310c:	f04f 23e0 	mov.w	r3, #3758153728	@ 0xe000e000
10003110:	f8d3 3df0 	ldr.w	r3, [r3, #3568]	@ 0xdf0
10003114:	07db      	lsls	r3, r3, #31
10003116:	d500      	bpl.n	1000311a <tud_control_xfer+0x7a>
10003118:	be00      	bkpt	0x0000
1000311a:	2000      	movs	r0, #0
1000311c:	e8bd 81f0 	ldmia.w	sp!, {r4, r5, r6, r7, r8, pc}
10003120:	461a      	mov	r2, r3
10003122:	7839      	ldrb	r1, [r7, #0]
10003124:	f001 0180 	and.w	r1, r1, #128	@ 0x80
10003128:	4623      	mov	r3, r4
1000312a:	4630      	mov	r0, r6
1000312c:	f7ff ff66 	bl	10002ffc <usbd_edpt_xfer>
10003130:	2800      	cmp	r0, #0
10003132:	d1dd      	bne.n	100030f0 <tud_control_xfer+0x50>
10003134:	e7ea      	b.n	1000310c <tud_control_xfer+0x6c>
10003136:	4622      	mov	r2, r4
10003138:	4629      	mov	r1, r5
1000313a:	4804      	ldr	r0, [pc, #16]	@ (1000314c <tud_control_xfer+0xac>)
1000313c:	f001 f8e2 	bl	10004304 <memcpy>
10003140:	2180      	movs	r1, #128	@ 0x80
10003142:	4a02      	ldr	r2, [pc, #8]	@ (1000314c <tud_control_xfer+0xac>)
10003144:	e7f0      	b.n	10003128 <tud_control_xfer+0x88>
10003146:	bf00      	nop
10003148:	200011c0 	.word	0x200011c0
1000314c:	20001180 	.word	0x20001180

10003150 <usbd_control_reset>:
10003150:	2200      	movs	r2, #0
10003152:	4b03      	ldr	r3, [pc, #12]	@ (10003160 <usbd_control_reset+0x10>)
10003154:	e9c3 2200 	strd	r2, r2, [r3]
10003158:	e9c3 2202 	strd	r2, r2, [r3, #8]
1000315c:	611a      	str	r2, [r3, #16]
1000315e:	4770      	bx	lr
10003160:	200011c0 	.word	0x200011c0

10003164 <usbd_control_set_complete_callback>:
10003164:	4b01      	ldr	r3, [pc, #4]	@ (1000316c <usbd_control_set_complete_callback+0x8>)
10003166:	6118      	str	r0, [r3, #16]
10003168:	4770      	bx	lr
1000316a:	bf00      	nop
1000316c:	200011c0 	.word	0x200011c0

10003170 <usbd_control_set_request>:
10003170:	b430      	push	{r4, r5}
10003172:	4602      	mov	r2, r0
10003174:	4c04      	ldr	r4, [pc, #16]	@ (10003188 <usbd_control_set_request+0x18>)
10003176:	2500      	movs	r5, #0
10003178:	4623      	mov	r3, r4
1000317a:	6800      	ldr	r0, [r0, #0]
1000317c:	6851      	ldr	r1, [r2, #4]
1000317e:	e9c4 5502 	strd	r5, r5, [r4, #8]
10003182:	bc30      	pop	{r4, r5}
10003184:	c303      	stmia	r3!, {r0, r1}
10003186:	4770      	bx	lr
10003188:	200011c0 	.word	0x200011c0

1000318c <usbd_control_xfer_cb>:
1000318c:	b570      	push	{r4, r5, r6, lr}
1000318e:	4c3d      	ldr	r4, [pc, #244]	@ (10003284 <usbd_control_xfer_cb+0xf8>)
10003190:	09c9      	lsrs	r1, r1, #7
10003192:	7822      	ldrb	r2, [r4, #0]
10003194:	4606      	mov	r6, r0
10003196:	ebb1 1fd2 	cmp.w	r1, r2, lsr #7
1000319a:	461d      	mov	r5, r3
1000319c:	b082      	sub	sp, #8
1000319e:	d017      	beq.n	100031d0 <usbd_control_xfer_cb+0x44>
100031a0:	b153      	cbz	r3, 100031b8 <usbd_control_xfer_cb+0x2c>
100031a2:	f04f 23e0 	mov.w	r3, #3758153728	@ 0xe000e000
100031a6:	f8d3 3df0 	ldr.w	r3, [r3, #3568]	@ 0xdf0
100031aa:	07db      	lsls	r3, r3, #31
100031ac:	d402      	bmi.n	100031b4 <usbd_control_xfer_cb+0x28>
100031ae:	2000      	movs	r0, #0
100031b0:	b002      	add	sp, #8
100031b2:	bd70      	pop	{r4, r5, r6, pc}
100031b4:	be00      	bkpt	0x0000
100031b6:	e7fa      	b.n	100031ae <usbd_control_xfer_cb+0x22>
100031b8:	4621      	mov	r1, r4
100031ba:	f7ff f8d9 	bl	10002370 <dcd_edpt0_status_complete>
100031be:	6923      	ldr	r3, [r4, #16]
100031c0:	b11b      	cbz	r3, 100031ca <usbd_control_xfer_cb+0x3e>
100031c2:	4622      	mov	r2, r4
100031c4:	2103      	movs	r1, #3
100031c6:	4630      	mov	r0, r6
100031c8:	4798      	blx	r3
100031ca:	2001      	movs	r0, #1
100031cc:	b002      	add	sp, #8
100031ce:	bd70      	pop	{r4, r5, r6, pc}
100031d0:	f994 3000 	ldrsb.w	r3, [r4]
100031d4:	2b00      	cmp	r3, #0
100031d6:	db06      	blt.n	100031e6 <usbd_control_xfer_cb+0x5a>
100031d8:	68a0      	ldr	r0, [r4, #8]
100031da:	2800      	cmp	r0, #0
100031dc:	d0e7      	beq.n	100031ae <usbd_control_xfer_cb+0x22>
100031de:	462a      	mov	r2, r5
100031e0:	4929      	ldr	r1, [pc, #164]	@ (10003288 <usbd_control_xfer_cb+0xfc>)
100031e2:	f001 f88f 	bl	10004304 <memcpy>
100031e6:	89e0      	ldrh	r0, [r4, #14]
100031e8:	68a1      	ldr	r1, [r4, #8]
100031ea:	88e3      	ldrh	r3, [r4, #6]
100031ec:	4428      	add	r0, r5
100031ee:	b280      	uxth	r0, r0
100031f0:	4429      	add	r1, r5
100031f2:	4283      	cmp	r3, r0
100031f4:	81e0      	strh	r0, [r4, #14]
100031f6:	60a1      	str	r1, [r4, #8]
100031f8:	d016      	beq.n	10003228 <usbd_control_xfer_cb+0x9c>
100031fa:	2d3f      	cmp	r5, #63	@ 0x3f
100031fc:	d914      	bls.n	10003228 <usbd_control_xfer_cb+0x9c>
100031fe:	89a2      	ldrh	r2, [r4, #12]
10003200:	f994 4000 	ldrsb.w	r4, [r4]
10003204:	1a13      	subs	r3, r2, r0
10003206:	b29b      	uxth	r3, r3
10003208:	2b40      	cmp	r3, #64	@ 0x40
1000320a:	bf28      	it	cs
1000320c:	2340      	movcs	r3, #64	@ 0x40
1000320e:	2c00      	cmp	r4, #0
10003210:	db27      	blt.n	10003262 <usbd_control_xfer_cb+0xd6>
10003212:	4290      	cmp	r0, r2
10003214:	f04f 0100 	mov.w	r1, #0
10003218:	d031      	beq.n	1000327e <usbd_control_xfer_cb+0xf2>
1000321a:	4a1b      	ldr	r2, [pc, #108]	@ (10003288 <usbd_control_xfer_cb+0xfc>)
1000321c:	4630      	mov	r0, r6
1000321e:	f7ff feed 	bl	10002ffc <usbd_edpt_xfer>
10003222:	2800      	cmp	r0, #0
10003224:	d1d1      	bne.n	100031ca <usbd_control_xfer_cb+0x3e>
10003226:	e7bc      	b.n	100031a2 <usbd_control_xfer_cb+0x16>
10003228:	6923      	ldr	r3, [r4, #16]
1000322a:	b123      	cbz	r3, 10003236 <usbd_control_xfer_cb+0xaa>
1000322c:	2102      	movs	r1, #2
1000322e:	4630      	mov	r0, r6
10003230:	4a14      	ldr	r2, [pc, #80]	@ (10003284 <usbd_control_xfer_cb+0xf8>)
10003232:	4798      	blx	r3
10003234:	b160      	cbz	r0, 10003250 <usbd_control_xfer_cb+0xc4>
10003236:	7821      	ldrb	r1, [r4, #0]
10003238:	2300      	movs	r3, #0
1000323a:	43c9      	mvns	r1, r1
1000323c:	4630      	mov	r0, r6
1000323e:	461a      	mov	r2, r3
10003240:	f001 0180 	and.w	r1, r1, #128	@ 0x80
10003244:	f7ff feda 	bl	10002ffc <usbd_edpt_xfer>
10003248:	2800      	cmp	r0, #0
1000324a:	d0aa      	beq.n	100031a2 <usbd_control_xfer_cb+0x16>
1000324c:	2001      	movs	r0, #1
1000324e:	e7bd      	b.n	100031cc <usbd_control_xfer_cb+0x40>
10003250:	4601      	mov	r1, r0
10003252:	4630      	mov	r0, r6
10003254:	f7ff f932 	bl	100024bc <dcd_edpt_stall>
10003258:	2180      	movs	r1, #128	@ 0x80
1000325a:	4630      	mov	r0, r6
1000325c:	f7ff f92e 	bl	100024bc <dcd_edpt_stall>
10003260:	e7b3      	b.n	100031ca <usbd_control_xfer_cb+0x3e>
10003262:	4290      	cmp	r0, r2
10003264:	d008      	beq.n	10003278 <usbd_control_xfer_cb+0xec>
10003266:	461a      	mov	r2, r3
10003268:	4807      	ldr	r0, [pc, #28]	@ (10003288 <usbd_control_xfer_cb+0xfc>)
1000326a:	9301      	str	r3, [sp, #4]
1000326c:	f001 f84a 	bl	10004304 <memcpy>
10003270:	2180      	movs	r1, #128	@ 0x80
10003272:	4a05      	ldr	r2, [pc, #20]	@ (10003288 <usbd_control_xfer_cb+0xfc>)
10003274:	9b01      	ldr	r3, [sp, #4]
10003276:	e7d1      	b.n	1000321c <usbd_control_xfer_cb+0x90>
10003278:	2180      	movs	r1, #128	@ 0x80
1000327a:	2200      	movs	r2, #0
1000327c:	e7ce      	b.n	1000321c <usbd_control_xfer_cb+0x90>
1000327e:	460a      	mov	r2, r1
10003280:	e7cc      	b.n	1000321c <usbd_control_xfer_cb+0x90>
10003282:	bf00      	nop
10003284:	200011c0 	.word	0x200011c0
10003288:	20001180 	.word	0x20001180

1000328c <_prep_out_transaction.isra.0>:
1000328c:	e92d 41f0 	stmdb	sp!, {r4, r5, r6, r7, r8, lr}
10003290:	4604      	mov	r4, r0
10003292:	f7ff f9d3 	bl	1000263c <tud_mounted>
10003296:	b908      	cbnz	r0, 1000329c <_prep_out_transaction.isra.0+0x10>
10003298:	e8bd 81f0 	ldmia.w	sp!, {r4, r5, r6, r7, r8, pc}
1000329c:	f7ff f9d6 	bl	1000264c <tud_suspended>
100032a0:	4605      	mov	r5, r0
100032a2:	2800      	cmp	r0, #0
100032a4:	d1f8      	bne.n	10003298 <_prep_out_transaction.isra.0+0xc>
100032a6:	23c8      	movs	r3, #200	@ 0xc8
100032a8:	fb04 f303 	mul.w	r3, r4, r3
100032ac:	4e12      	ldr	r6, [pc, #72]	@ (100032f8 <_prep_out_transaction.isra.0+0x6c>)
100032ae:	18f7      	adds	r7, r6, r3
100032b0:	78f9      	ldrb	r1, [r7, #3]
100032b2:	2900      	cmp	r1, #0
100032b4:	d0f0      	beq.n	10003298 <_prep_out_transaction.isra.0+0xc>
100032b6:	3310      	adds	r3, #16
100032b8:	441e      	add	r6, r3
100032ba:	4630      	mov	r0, r6
100032bc:	f000 fdd2 	bl	10003e64 <tu_fifo_remaining>
100032c0:	283f      	cmp	r0, #63	@ 0x3f
100032c2:	d9e9      	bls.n	10003298 <_prep_out_transaction.isra.0+0xc>
100032c4:	4628      	mov	r0, r5
100032c6:	78f9      	ldrb	r1, [r7, #3]
100032c8:	f7ff fe74 	bl	10002fb4 <usbd_edpt_claim>
100032cc:	2800      	cmp	r0, #0
100032ce:	d0e3      	beq.n	10003298 <_prep_out_transaction.isra.0+0xc>
100032d0:	4630      	mov	r0, r6
100032d2:	f000 fdc7 	bl	10003e64 <tu_fifo_remaining>
100032d6:	283f      	cmp	r0, #63	@ 0x3f
100032d8:	78f9      	ldrb	r1, [r7, #3]
100032da:	d908      	bls.n	100032ee <_prep_out_transaction.isra.0+0x62>
100032dc:	4a07      	ldr	r2, [pc, #28]	@ (100032fc <_prep_out_transaction.isra.0+0x70>)
100032de:	4628      	mov	r0, r5
100032e0:	eb02 12c4 	add.w	r2, r2, r4, lsl #7
100032e4:	2340      	movs	r3, #64	@ 0x40
100032e6:	e8bd 41f0 	ldmia.w	sp!, {r4, r5, r6, r7, r8, lr}
100032ea:	f7ff be87 	b.w	10002ffc <usbd_edpt_xfer>
100032ee:	4628      	mov	r0, r5
100032f0:	e8bd 41f0 	ldmia.w	sp!, {r4, r5, r6, r7, r8, lr}
100032f4:	f7ff be70 	b.w	10002fd8 <usbd_edpt_release>
100032f8:	200010b8 	.word	0x200010b8
100032fc:	20001034 	.word	0x20001034

10003300 <tud_cdc_n_connected>:
10003300:	b510      	push	{r4, lr}
10003302:	4604      	mov	r4, r0
10003304:	f7ff f99a 	bl	1000263c <tud_mounted>
10003308:	b908      	cbnz	r0, 1000330e <tud_cdc_n_connected+0xe>
1000330a:	2000      	movs	r0, #0
1000330c:	bd10      	pop	{r4, pc}
1000330e:	f7ff f99d 	bl	1000264c <tud_suspended>
10003312:	2800      	cmp	r0, #0
10003314:	d1f9      	bne.n	1000330a <tud_cdc_n_connected+0xa>
10003316:	22c8      	movs	r2, #200	@ 0xc8
10003318:	4b03      	ldr	r3, [pc, #12]	@ (10003328 <tud_cdc_n_connected+0x28>)
1000331a:	fb02 3304 	mla	r3, r2, r4, r3
1000331e:	7918      	ldrb	r0, [r3, #4]
10003320:	f000 0001 	and.w	r0, r0, #1
10003324:	bd10      	pop	{r4, pc}
10003326:	bf00      	nop
10003328:	200010b8 	.word	0x200010b8

1000332c <tud_cdc_n_available>:
1000332c:	22c8      	movs	r2, #200	@ 0xc8
1000332e:	b508      	push	{r3, lr}
10003330:	4b02      	ldr	r3, [pc, #8]	@ (1000333c <tud_cdc_n_available+0x10>)
10003332:	fb02 3000 	mla	r0, r2, r0, r3
10003336:	f000 fd7b 	bl	10003e30 <tu_fifo_count>
1000333a:	bd08      	pop	{r3, pc}
1000333c:	200010c8 	.word	0x200010c8

10003340 <tud_cdc_n_read>:
10003340:	e92d 43f8 	stmdb	sp!, {r3, r4, r5, r6, r7, r8, r9, lr}
10003344:	f64f 73ff 	movw	r3, #65535	@ 0xffff
10003348:	24c8      	movs	r4, #200	@ 0xc8
1000334a:	429a      	cmp	r2, r3
1000334c:	bf28      	it	cs
1000334e:	461a      	movcs	r2, r3
10003350:	fb00 f404 	mul.w	r4, r0, r4
10003354:	f8df 8074 	ldr.w	r8, [pc, #116]	@ 100033cc <tud_cdc_n_read+0x8c>
10003358:	f104 0510 	add.w	r5, r4, #16
1000335c:	4445      	add	r5, r8
1000335e:	4606      	mov	r6, r0
10003360:	b292      	uxth	r2, r2
10003362:	4628      	mov	r0, r5
10003364:	f000 fdda 	bl	10003f1c <tu_fifo_read_n>
10003368:	4607      	mov	r7, r0
1000336a:	f7ff f967 	bl	1000263c <tud_mounted>
1000336e:	b910      	cbnz	r0, 10003376 <tud_cdc_n_read+0x36>
10003370:	4638      	mov	r0, r7
10003372:	e8bd 83f8 	ldmia.w	sp!, {r3, r4, r5, r6, r7, r8, r9, pc}
10003376:	f7ff f969 	bl	1000264c <tud_suspended>
1000337a:	4681      	mov	r9, r0
1000337c:	2800      	cmp	r0, #0
1000337e:	d1f7      	bne.n	10003370 <tud_cdc_n_read+0x30>
10003380:	44a0      	add	r8, r4
10003382:	f898 3003 	ldrb.w	r3, [r8, #3]
10003386:	2b00      	cmp	r3, #0
10003388:	d0f2      	beq.n	10003370 <tud_cdc_n_read+0x30>
1000338a:	4628      	mov	r0, r5
1000338c:	f000 fd6a 	bl	10003e64 <tu_fifo_remaining>
10003390:	283f      	cmp	r0, #63	@ 0x3f
10003392:	d9ed      	bls.n	10003370 <tud_cdc_n_read+0x30>
10003394:	4648      	mov	r0, r9
10003396:	f898 1003 	ldrb.w	r1, [r8, #3]
1000339a:	f7ff fe0b 	bl	10002fb4 <usbd_edpt_claim>
1000339e:	2800      	cmp	r0, #0
100033a0:	d0e6      	beq.n	10003370 <tud_cdc_n_read+0x30>
100033a2:	4628      	mov	r0, r5
100033a4:	f000 fd5e 	bl	10003e64 <tu_fifo_remaining>
100033a8:	283f      	cmp	r0, #63	@ 0x3f
100033aa:	f898 1003 	ldrb.w	r1, [r8, #3]
100033ae:	d907      	bls.n	100033c0 <tud_cdc_n_read+0x80>
100033b0:	4a05      	ldr	r2, [pc, #20]	@ (100033c8 <tud_cdc_n_read+0x88>)
100033b2:	4648      	mov	r0, r9
100033b4:	2340      	movs	r3, #64	@ 0x40
100033b6:	eb02 12c6 	add.w	r2, r2, r6, lsl #7
100033ba:	f7ff fe1f 	bl	10002ffc <usbd_edpt_xfer>
100033be:	e7d7      	b.n	10003370 <tud_cdc_n_read+0x30>
100033c0:	4648      	mov	r0, r9
100033c2:	f7ff fe09 	bl	10002fd8 <usbd_edpt_release>
100033c6:	e7d3      	b.n	10003370 <tud_cdc_n_read+0x30>
100033c8:	20001034 	.word	0x20001034
100033cc:	200010b8 	.word	0x200010b8

100033d0 <tud_cdc_n_write_flush>:
100033d0:	e92d 41f0 	stmdb	sp!, {r4, r5, r6, r7, r8, lr}
100033d4:	4604      	mov	r4, r0
100033d6:	f7ff f931 	bl	1000263c <tud_mounted>
100033da:	b910      	cbnz	r0, 100033e2 <tud_cdc_n_write_flush+0x12>
100033dc:	2000      	movs	r0, #0
100033de:	e8bd 81f0 	ldmia.w	sp!, {r4, r5, r6, r7, r8, pc}
100033e2:	f7ff f933 	bl	1000264c <tud_suspended>
100033e6:	4605      	mov	r5, r0
100033e8:	2800      	cmp	r0, #0
100033ea:	d1f7      	bne.n	100033dc <tud_cdc_n_write_flush+0xc>
100033ec:	26c8      	movs	r6, #200	@ 0xc8
100033ee:	fb04 f606 	mul.w	r6, r4, r6
100033f2:	f8df 8064 	ldr.w	r8, [pc, #100]	@ 10003458 <tud_cdc_n_write_flush+0x88>
100033f6:	f106 0724 	add.w	r7, r6, #36	@ 0x24
100033fa:	4447      	add	r7, r8
100033fc:	4638      	mov	r0, r7
100033fe:	f000 fd17 	bl	10003e30 <tu_fifo_count>
10003402:	2800      	cmp	r0, #0
10003404:	d0ea      	beq.n	100033dc <tud_cdc_n_write_flush+0xc>
10003406:	44b0      	add	r8, r6
10003408:	4628      	mov	r0, r5
1000340a:	f898 1002 	ldrb.w	r1, [r8, #2]
1000340e:	f7ff fdd1 	bl	10002fb4 <usbd_edpt_claim>
10003412:	2800      	cmp	r0, #0
10003414:	d0e2      	beq.n	100033dc <tud_cdc_n_write_flush+0xc>
10003416:	4e0f      	ldr	r6, [pc, #60]	@ (10003454 <tud_cdc_n_write_flush+0x84>)
10003418:	4638      	mov	r0, r7
1000341a:	eb06 16c4 	add.w	r6, r6, r4, lsl #7
1000341e:	4631      	mov	r1, r6
10003420:	2240      	movs	r2, #64	@ 0x40
10003422:	f000 fd7b 	bl	10003f1c <tu_fifo_read_n>
10003426:	f898 1002 	ldrb.w	r1, [r8, #2]
1000342a:	4604      	mov	r4, r0
1000342c:	b168      	cbz	r0, 1000344a <tud_cdc_n_write_flush+0x7a>
1000342e:	4603      	mov	r3, r0
10003430:	4632      	mov	r2, r6
10003432:	4628      	mov	r0, r5
10003434:	f7ff fde2 	bl	10002ffc <usbd_edpt_xfer>
10003438:	b950      	cbnz	r0, 10003450 <tud_cdc_n_write_flush+0x80>
1000343a:	f04f 23e0 	mov.w	r3, #3758153728	@ 0xe000e000
1000343e:	f8d3 3df0 	ldr.w	r3, [r3, #3568]	@ 0xdf0
10003442:	07db      	lsls	r3, r3, #31
10003444:	d5ca      	bpl.n	100033dc <tud_cdc_n_write_flush+0xc>
10003446:	be00      	bkpt	0x0000
10003448:	e7c8      	b.n	100033dc <tud_cdc_n_write_flush+0xc>
1000344a:	f7ff fdc5 	bl	10002fd8 <usbd_edpt_release>
1000344e:	e7c5      	b.n	100033dc <tud_cdc_n_write_flush+0xc>
10003450:	4620      	mov	r0, r4
10003452:	e7c4      	b.n	100033de <tud_cdc_n_write_flush+0xe>
10003454:	20001074 	.word	0x20001074
10003458:	200010b8 	.word	0x200010b8

1000345c <tud_cdc_n_write>:
1000345c:	b538      	push	{r3, r4, r5, lr}
1000345e:	f64f 75ff 	movw	r5, #65535	@ 0xffff
10003462:	23c8      	movs	r3, #200	@ 0xc8
10003464:	42aa      	cmp	r2, r5
10003466:	bf28      	it	cs
10003468:	462a      	movcs	r2, r5
1000346a:	4c0b      	ldr	r4, [pc, #44]	@ (10003498 <tud_cdc_n_write+0x3c>)
1000346c:	b292      	uxth	r2, r2
1000346e:	fb03 4400 	mla	r4, r3, r0, r4
10003472:	4605      	mov	r5, r0
10003474:	4620      	mov	r0, r4
10003476:	f000 fe0f 	bl	10004098 <tu_fifo_write_n>
1000347a:	4603      	mov	r3, r0
1000347c:	4620      	mov	r0, r4
1000347e:	461c      	mov	r4, r3
10003480:	f000 fcd6 	bl	10003e30 <tu_fifo_count>
10003484:	283f      	cmp	r0, #63	@ 0x3f
10003486:	d801      	bhi.n	1000348c <tud_cdc_n_write+0x30>
10003488:	4620      	mov	r0, r4
1000348a:	bd38      	pop	{r3, r4, r5, pc}
1000348c:	4628      	mov	r0, r5
1000348e:	f7ff ff9f 	bl	100033d0 <tud_cdc_n_write_flush>
10003492:	4620      	mov	r0, r4
10003494:	bd38      	pop	{r3, r4, r5, pc}
10003496:	bf00      	nop
10003498:	200010dc 	.word	0x200010dc

1000349c <tud_cdc_n_write_available>:
1000349c:	22c8      	movs	r2, #200	@ 0xc8
1000349e:	b508      	push	{r3, lr}
100034a0:	4b02      	ldr	r3, [pc, #8]	@ (100034ac <tud_cdc_n_write_available+0x10>)
100034a2:	fb02 3000 	mla	r0, r2, r0, r3
100034a6:	f000 fcdd 	bl	10003e64 <tu_fifo_remaining>
100034aa:	bd08      	pop	{r3, pc}
100034ac:	200010dc 	.word	0x200010dc

100034b0 <cdcd_init>:
100034b0:	b5f0      	push	{r4, r5, r6, r7, lr}
100034b2:	2400      	movs	r4, #0
100034b4:	b083      	sub	sp, #12
100034b6:	22c8      	movs	r2, #200	@ 0xc8
100034b8:	2100      	movs	r1, #0
100034ba:	4817      	ldr	r0, [pc, #92]	@ (10003518 <cdcd_init+0x68>)
100034bc:	f000 fed4 	bl	10004268 <memset>
100034c0:	23ff      	movs	r3, #255	@ 0xff
100034c2:	f44f 31e1 	mov.w	r1, #115200	@ 0x1c200
100034c6:	2208      	movs	r2, #8
100034c8:	4814      	ldr	r0, [pc, #80]	@ (1000351c <cdcd_init+0x6c>)
100034ca:	7004      	strb	r4, [r0, #0]
100034cc:	4812      	ldr	r0, [pc, #72]	@ (10003518 <cdcd_init+0x68>)
100034ce:	9400      	str	r4, [sp, #0]
100034d0:	4607      	mov	r7, r0
100034d2:	7143      	strb	r3, [r0, #5]
100034d4:	6081      	str	r1, [r0, #8]
100034d6:	7382      	strb	r2, [r0, #14]
100034d8:	f100 0138 	add.w	r1, r0, #56	@ 0x38
100034dc:	2301      	movs	r3, #1
100034de:	2240      	movs	r2, #64	@ 0x40
100034e0:	3010      	adds	r0, #16
100034e2:	f000 fc75 	bl	10003dd0 <tu_fifo_config>
100034e6:	2301      	movs	r3, #1
100034e8:	2240      	movs	r2, #64	@ 0x40
100034ea:	f107 0178 	add.w	r1, r7, #120	@ 0x78
100034ee:	9300      	str	r3, [sp, #0]
100034f0:	f107 06b8 	add.w	r6, r7, #184	@ 0xb8
100034f4:	f107 0024 	add.w	r0, r7, #36	@ 0x24
100034f8:	f000 fc6a 	bl	10003dd0 <tu_fifo_config>
100034fc:	f107 05c0 	add.w	r5, r7, #192	@ 0xc0
10003500:	4630      	mov	r0, r6
10003502:	f7fd f9cd 	bl	100008a0 <mutex_init>
10003506:	4628      	mov	r0, r5
10003508:	f7fd f9ca 	bl	100008a0 <mutex_init>
1000350c:	e9c7 4607 	strd	r4, r6, [r7, #28]
10003510:	e9c7 540c 	strd	r5, r4, [r7, #48]	@ 0x30
10003514:	b003      	add	sp, #12
10003516:	bdf0      	pop	{r4, r5, r6, r7, pc}
10003518:	200010b8 	.word	0x200010b8
1000351c:	200010b4 	.word	0x200010b4

10003520 <cdcd_deinit>:
10003520:	4a0a      	ldr	r2, [pc, #40]	@ (1000354c <cdcd_deinit+0x2c>)
10003522:	6b11      	ldr	r1, [r2, #48]	@ 0x30
10003524:	6a13      	ldr	r3, [r2, #32]
10003526:	b161      	cbz	r1, 10003542 <cdcd_deinit+0x22>
10003528:	b13b      	cbz	r3, 1000353a <cdcd_deinit+0x1a>
1000352a:	2300      	movs	r3, #0
1000352c:	e9c2 330c 	strd	r3, r3, [r2, #48]	@ 0x30
10003530:	61d3      	str	r3, [r2, #28]
10003532:	2300      	movs	r3, #0
10003534:	6213      	str	r3, [r2, #32]
10003536:	2001      	movs	r0, #1
10003538:	4770      	bx	lr
1000353a:	2001      	movs	r0, #1
1000353c:	e9c2 330c 	strd	r3, r3, [r2, #48]	@ 0x30
10003540:	4770      	bx	lr
10003542:	2b00      	cmp	r3, #0
10003544:	d0f7      	beq.n	10003536 <cdcd_deinit+0x16>
10003546:	61d1      	str	r1, [r2, #28]
10003548:	e7f3      	b.n	10003532 <cdcd_deinit+0x12>
1000354a:	bf00      	nop
1000354c:	200010b8 	.word	0x200010b8

10003550 <cdcd_reset>:
10003550:	2200      	movs	r2, #0
10003552:	b510      	push	{r4, lr}
10003554:	4c0e      	ldr	r4, [pc, #56]	@ (10003590 <cdcd_reset+0x40>)
10003556:	480f      	ldr	r0, [pc, #60]	@ (10003594 <cdcd_reset+0x44>)
10003558:	7823      	ldrb	r3, [r4, #0]
1000355a:	6002      	str	r2, [r0, #0]
1000355c:	7102      	strb	r2, [r0, #4]
1000355e:	07da      	lsls	r2, r3, #31
10003560:	d507      	bpl.n	10003572 <cdcd_reset+0x22>
10003562:	079b      	lsls	r3, r3, #30
10003564:	d50b      	bpl.n	1000357e <cdcd_reset+0x2e>
10003566:	e8bd 4010 	ldmia.w	sp!, {r4, lr}
1000356a:	2101      	movs	r1, #1
1000356c:	480a      	ldr	r0, [pc, #40]	@ (10003598 <cdcd_reset+0x48>)
1000356e:	f000 be5d 	b.w	1000422c <tu_fifo_set_overwritable>
10003572:	3010      	adds	r0, #16
10003574:	f000 fe3e 	bl	100041f4 <tu_fifo_clear>
10003578:	7823      	ldrb	r3, [r4, #0]
1000357a:	079b      	lsls	r3, r3, #30
1000357c:	d4f3      	bmi.n	10003566 <cdcd_reset+0x16>
1000357e:	4806      	ldr	r0, [pc, #24]	@ (10003598 <cdcd_reset+0x48>)
10003580:	f000 fe38 	bl	100041f4 <tu_fifo_clear>
10003584:	e8bd 4010 	ldmia.w	sp!, {r4, lr}
10003588:	2101      	movs	r1, #1
1000358a:	4803      	ldr	r0, [pc, #12]	@ (10003598 <cdcd_reset+0x48>)
1000358c:	f000 be4e 	b.w	1000422c <tu_fifo_set_overwritable>
10003590:	200010b4 	.word	0x200010b4
10003594:	200010b8 	.word	0x200010b8
10003598:	200010dc 	.word	0x200010dc

1000359c <cdcd_open>:
1000359c:	b5f0      	push	{r4, r5, r6, r7, lr}
1000359e:	794b      	ldrb	r3, [r1, #5]
100035a0:	b083      	sub	sp, #12
100035a2:	2b02      	cmp	r3, #2
100035a4:	d102      	bne.n	100035ac <cdcd_open+0x10>
100035a6:	798b      	ldrb	r3, [r1, #6]
100035a8:	2b02      	cmp	r3, #2
100035aa:	d003      	beq.n	100035b4 <cdcd_open+0x18>
100035ac:	2500      	movs	r5, #0
100035ae:	4628      	mov	r0, r5
100035b0:	b003      	add	sp, #12
100035b2:	bdf0      	pop	{r4, r5, r6, r7, pc}
100035b4:	4f27      	ldr	r7, [pc, #156]	@ (10003654 <cdcd_open+0xb8>)
100035b6:	78bb      	ldrb	r3, [r7, #2]
100035b8:	b13b      	cbz	r3, 100035ca <cdcd_open+0x2e>
100035ba:	f04f 23e0 	mov.w	r3, #3758153728	@ 0xe000e000
100035be:	f8d3 3df0 	ldr.w	r3, [r3, #3568]	@ 0xdf0
100035c2:	07db      	lsls	r3, r3, #31
100035c4:	d5f2      	bpl.n	100035ac <cdcd_open+0x10>
100035c6:	be00      	bkpt	0x0000
100035c8:	e7f0      	b.n	100035ac <cdcd_open+0x10>
100035ca:	788b      	ldrb	r3, [r1, #2]
100035cc:	4606      	mov	r6, r0
100035ce:	703b      	strb	r3, [r7, #0]
100035d0:	780b      	ldrb	r3, [r1, #0]
100035d2:	18cc      	adds	r4, r1, r3
100035d4:	7861      	ldrb	r1, [r4, #1]
100035d6:	2924      	cmp	r1, #36	@ 0x24
100035d8:	bf08      	it	eq
100035da:	2509      	moveq	r5, #9
100035dc:	d007      	beq.n	100035ee <cdcd_open+0x52>
100035de:	e036      	b.n	1000364e <cdcd_open+0xb2>
100035e0:	7823      	ldrb	r3, [r4, #0]
100035e2:	441c      	add	r4, r3
100035e4:	7861      	ldrb	r1, [r4, #1]
100035e6:	442b      	add	r3, r5
100035e8:	2924      	cmp	r1, #36	@ 0x24
100035ea:	b29d      	uxth	r5, r3
100035ec:	d107      	bne.n	100035fe <cdcd_open+0x62>
100035ee:	42aa      	cmp	r2, r5
100035f0:	d2f6      	bcs.n	100035e0 <cdcd_open+0x44>
100035f2:	2000      	movs	r0, #0
100035f4:	f7ff fe4a 	bl	1000328c <_prep_out_transaction.isra.0>
100035f8:	4628      	mov	r0, r5
100035fa:	b003      	add	sp, #12
100035fc:	bdf0      	pop	{r4, r5, r6, r7, pc}
100035fe:	460b      	mov	r3, r1
10003600:	2905      	cmp	r1, #5
10003602:	d016      	beq.n	10003632 <cdcd_open+0x96>
10003604:	2b04      	cmp	r3, #4
10003606:	d1f4      	bne.n	100035f2 <cdcd_open+0x56>
10003608:	7963      	ldrb	r3, [r4, #5]
1000360a:	2b0a      	cmp	r3, #10
1000360c:	d1f1      	bne.n	100035f2 <cdcd_open+0x56>
1000360e:	4b12      	ldr	r3, [pc, #72]	@ (10003658 <cdcd_open+0xbc>)
10003610:	7827      	ldrb	r7, [r4, #0]
10003612:	9301      	str	r3, [sp, #4]
10003614:	3301      	adds	r3, #1
10003616:	9300      	str	r3, [sp, #0]
10003618:	2302      	movs	r3, #2
1000361a:	4630      	mov	r0, r6
1000361c:	461a      	mov	r2, r3
1000361e:	19e1      	adds	r1, r4, r7
10003620:	f7ff fc58 	bl	10002ed4 <usbd_open_edpt_pair>
10003624:	2800      	cmp	r0, #0
10003626:	d0c8      	beq.n	100035ba <cdcd_open+0x1e>
10003628:	350e      	adds	r5, #14
1000362a:	fa17 f585 	uxtah	r5, r7, r5
1000362e:	b2ad      	uxth	r5, r5
10003630:	e7df      	b.n	100035f2 <cdcd_open+0x56>
10003632:	4621      	mov	r1, r4
10003634:	4630      	mov	r0, r6
10003636:	f7ff fc9b 	bl	10002f70 <usbd_edpt_open>
1000363a:	2800      	cmp	r0, #0
1000363c:	d0bd      	beq.n	100035ba <cdcd_open+0x1e>
1000363e:	78a3      	ldrb	r3, [r4, #2]
10003640:	707b      	strb	r3, [r7, #1]
10003642:	7823      	ldrb	r3, [r4, #0]
10003644:	195a      	adds	r2, r3, r5
10003646:	441c      	add	r4, r3
10003648:	7863      	ldrb	r3, [r4, #1]
1000364a:	b295      	uxth	r5, r2
1000364c:	e7da      	b.n	10003604 <cdcd_open+0x68>
1000364e:	460b      	mov	r3, r1
10003650:	2509      	movs	r5, #9
10003652:	e7d5      	b.n	10003600 <cdcd_open+0x64>
10003654:	200010b8 	.word	0x200010b8
10003658:	200010ba 	.word	0x200010ba

1000365c <cdcd_control_xfer_cb>:
1000365c:	7813      	ldrb	r3, [r2, #0]
1000365e:	f003 0360 	and.w	r3, r3, #96	@ 0x60
10003662:	2b20      	cmp	r3, #32
10003664:	d108      	bne.n	10003678 <cdcd_control_xfer_cb+0x1c>
10003666:	b570      	push	{r4, r5, r6, lr}
10003668:	4c26      	ldr	r4, [pc, #152]	@ (10003704 <cdcd_control_xfer_cb+0xa8>)
1000366a:	8893      	ldrh	r3, [r2, #4]
1000366c:	f894 c000 	ldrb.w	ip, [r4]
10003670:	459c      	cmp	ip, r3
10003672:	d003      	beq.n	1000367c <cdcd_control_xfer_cb+0x20>
10003674:	2000      	movs	r0, #0
10003676:	bd70      	pop	{r4, r5, r6, pc}
10003678:	2000      	movs	r0, #0
1000367a:	4770      	bx	lr
1000367c:	7853      	ldrb	r3, [r2, #1]
1000367e:	3b20      	subs	r3, #32
10003680:	2b03      	cmp	r3, #3
10003682:	d8f7      	bhi.n	10003674 <cdcd_control_xfer_cb+0x18>
10003684:	e8df f003 	tbb	[pc, r3]
10003688:	020d2327 	.word	0x020d2327
1000368c:	2901      	cmp	r1, #1
1000368e:	d02e      	beq.n	100036ee <cdcd_control_xfer_cb+0x92>
10003690:	2903      	cmp	r1, #3
10003692:	d11e      	bne.n	100036d2 <cdcd_control_xfer_cb+0x76>
10003694:	4b1c      	ldr	r3, [pc, #112]	@ (10003708 <cdcd_control_xfer_cb+0xac>)
10003696:	b1e3      	cbz	r3, 100036d2 <cdcd_control_xfer_cb+0x76>
10003698:	2000      	movs	r0, #0
1000369a:	8851      	ldrh	r1, [r2, #2]
1000369c:	f3af 8000 	nop.w
100036a0:	e017      	b.n	100036d2 <cdcd_control_xfer_cb+0x76>
100036a2:	2901      	cmp	r1, #1
100036a4:	d023      	beq.n	100036ee <cdcd_control_xfer_cb+0x92>
100036a6:	2903      	cmp	r1, #3
100036a8:	d113      	bne.n	100036d2 <cdcd_control_xfer_cb+0x76>
100036aa:	8855      	ldrh	r5, [r2, #2]
100036ac:	4817      	ldr	r0, [pc, #92]	@ (1000370c <cdcd_control_xfer_cb+0xb0>)
100036ae:	f005 0601 	and.w	r6, r5, #1
100036b2:	f086 0101 	eor.w	r1, r6, #1
100036b6:	7125      	strb	r5, [r4, #4]
100036b8:	f000 fdb8 	bl	1000422c <tu_fifo_set_overwritable>
100036bc:	4b14      	ldr	r3, [pc, #80]	@ (10003710 <cdcd_control_xfer_cb+0xb4>)
100036be:	b143      	cbz	r3, 100036d2 <cdcd_control_xfer_cb+0x76>
100036c0:	4631      	mov	r1, r6
100036c2:	2000      	movs	r0, #0
100036c4:	f3c5 0240 	ubfx	r2, r5, #1, #1
100036c8:	f3af 8000 	nop.w
100036cc:	e001      	b.n	100036d2 <cdcd_control_xfer_cb+0x76>
100036ce:	2901      	cmp	r1, #1
100036d0:	d011      	beq.n	100036f6 <cdcd_control_xfer_cb+0x9a>
100036d2:	2001      	movs	r0, #1
100036d4:	bd70      	pop	{r4, r5, r6, pc}
100036d6:	2901      	cmp	r1, #1
100036d8:	d00d      	beq.n	100036f6 <cdcd_control_xfer_cb+0x9a>
100036da:	2903      	cmp	r1, #3
100036dc:	d1f9      	bne.n	100036d2 <cdcd_control_xfer_cb+0x76>
100036de:	4b0d      	ldr	r3, [pc, #52]	@ (10003714 <cdcd_control_xfer_cb+0xb8>)
100036e0:	2b00      	cmp	r3, #0
100036e2:	d0f6      	beq.n	100036d2 <cdcd_control_xfer_cb+0x76>
100036e4:	2000      	movs	r0, #0
100036e6:	490c      	ldr	r1, [pc, #48]	@ (10003718 <cdcd_control_xfer_cb+0xbc>)
100036e8:	f7fe faac 	bl	10001c44 <tud_cdc_line_coding_cb>
100036ec:	e7f1      	b.n	100036d2 <cdcd_control_xfer_cb+0x76>
100036ee:	4611      	mov	r1, r2
100036f0:	f7ff fcbc 	bl	1000306c <tud_control_status>
100036f4:	e7ed      	b.n	100036d2 <cdcd_control_xfer_cb+0x76>
100036f6:	4611      	mov	r1, r2
100036f8:	2307      	movs	r3, #7
100036fa:	4a07      	ldr	r2, [pc, #28]	@ (10003718 <cdcd_control_xfer_cb+0xbc>)
100036fc:	f7ff fcd0 	bl	100030a0 <tud_control_xfer>
10003700:	e7e7      	b.n	100036d2 <cdcd_control_xfer_cb+0x76>
10003702:	bf00      	nop
10003704:	200010b8 	.word	0x200010b8
10003708:	00000000 	.word	0x00000000
1000370c:	200010dc 	.word	0x200010dc
10003710:	00000000 	.word	0x00000000
10003714:	10001c45 	.word	0x10001c45
10003718:	200010c0 	.word	0x200010c0

1000371c <cdcd_xfer_cb>:
1000371c:	e92d 43f8 	stmdb	sp!, {r3, r4, r5, r6, r7, r8, r9, lr}
10003720:	4e35      	ldr	r6, [pc, #212]	@ (100037f8 <cdcd_xfer_cb+0xdc>)
10003722:	460c      	mov	r4, r1
10003724:	78f2      	ldrb	r2, [r6, #3]
10003726:	4607      	mov	r7, r0
10003728:	428a      	cmp	r2, r1
1000372a:	461d      	mov	r5, r3
1000372c:	d03d      	beq.n	100037aa <cdcd_xfer_cb+0x8e>
1000372e:	78b3      	ldrb	r3, [r6, #2]
10003730:	428b      	cmp	r3, r1
10003732:	d012      	beq.n	1000375a <cdcd_xfer_cb+0x3e>
10003734:	f04f 23e0 	mov.w	r3, #3758153728	@ 0xe000e000
10003738:	f8d3 3df0 	ldr.w	r3, [r3, #3568]	@ 0xdf0
1000373c:	07db      	lsls	r3, r3, #31
1000373e:	d432      	bmi.n	100037a6 <cdcd_xfer_cb+0x8a>
10003740:	2000      	movs	r0, #0
10003742:	e8bd 83f8 	ldmia.w	sp!, {r3, r4, r5, r6, r7, r8, r9, pc}
10003746:	4b2d      	ldr	r3, [pc, #180]	@ (100037fc <cdcd_xfer_cb+0xe0>)
10003748:	b123      	cbz	r3, 10003754 <cdcd_xfer_cb+0x38>
1000374a:	482d      	ldr	r0, [pc, #180]	@ (10003800 <cdcd_xfer_cb+0xe4>)
1000374c:	f000 fb80 	bl	10003e50 <tu_fifo_empty>
10003750:	2800      	cmp	r0, #0
10003752:	d04d      	beq.n	100037f0 <cdcd_xfer_cb+0xd4>
10003754:	2000      	movs	r0, #0
10003756:	f7ff fd99 	bl	1000328c <_prep_out_transaction.isra.0>
1000375a:	78b3      	ldrb	r3, [r6, #2]
1000375c:	42a3      	cmp	r3, r4
1000375e:	d001      	beq.n	10003764 <cdcd_xfer_cb+0x48>
10003760:	2001      	movs	r0, #1
10003762:	e7ee      	b.n	10003742 <cdcd_xfer_cb+0x26>
10003764:	4b27      	ldr	r3, [pc, #156]	@ (10003804 <cdcd_xfer_cb+0xe8>)
10003766:	b113      	cbz	r3, 1000376e <cdcd_xfer_cb+0x52>
10003768:	2000      	movs	r0, #0
1000376a:	f3af 8000 	nop.w
1000376e:	2000      	movs	r0, #0
10003770:	f7ff fe2e 	bl	100033d0 <tud_cdc_n_write_flush>
10003774:	2800      	cmp	r0, #0
10003776:	d1f3      	bne.n	10003760 <cdcd_xfer_cb+0x44>
10003778:	4823      	ldr	r0, [pc, #140]	@ (10003808 <cdcd_xfer_cb+0xec>)
1000377a:	f000 fb59 	bl	10003e30 <tu_fifo_count>
1000377e:	2800      	cmp	r0, #0
10003780:	d1ee      	bne.n	10003760 <cdcd_xfer_cb+0x44>
10003782:	2d00      	cmp	r5, #0
10003784:	d0ec      	beq.n	10003760 <cdcd_xfer_cb+0x44>
10003786:	f015 053f 	ands.w	r5, r5, #63	@ 0x3f
1000378a:	d1e9      	bne.n	10003760 <cdcd_xfer_cb+0x44>
1000378c:	4638      	mov	r0, r7
1000378e:	78b1      	ldrb	r1, [r6, #2]
10003790:	f7ff fc10 	bl	10002fb4 <usbd_edpt_claim>
10003794:	2800      	cmp	r0, #0
10003796:	d0e3      	beq.n	10003760 <cdcd_xfer_cb+0x44>
10003798:	462b      	mov	r3, r5
1000379a:	462a      	mov	r2, r5
1000379c:	4638      	mov	r0, r7
1000379e:	78b1      	ldrb	r1, [r6, #2]
100037a0:	f7ff fc2c 	bl	10002ffc <usbd_edpt_xfer>
100037a4:	e7dc      	b.n	10003760 <cdcd_xfer_cb+0x44>
100037a6:	be00      	bkpt	0x0000
100037a8:	e7ca      	b.n	10003740 <cdcd_xfer_cb+0x24>
100037aa:	b29a      	uxth	r2, r3
100037ac:	4917      	ldr	r1, [pc, #92]	@ (1000380c <cdcd_xfer_cb+0xf0>)
100037ae:	f106 0010 	add.w	r0, r6, #16
100037b2:	f000 fc71 	bl	10004098 <tu_fifo_write_n>
100037b6:	4b16      	ldr	r3, [pc, #88]	@ (10003810 <cdcd_xfer_cb+0xf4>)
100037b8:	2b00      	cmp	r3, #0
100037ba:	d0c4      	beq.n	10003746 <cdcd_xfer_cb+0x2a>
100037bc:	7973      	ldrb	r3, [r6, #5]
100037be:	2bff      	cmp	r3, #255	@ 0xff
100037c0:	d0c1      	beq.n	10003746 <cdcd_xfer_cb+0x2a>
100037c2:	2d00      	cmp	r5, #0
100037c4:	d0bf      	beq.n	10003746 <cdcd_xfer_cb+0x2a>
100037c6:	f8df 8044 	ldr.w	r8, [pc, #68]	@ 1000380c <cdcd_xfer_cb+0xf0>
100037ca:	eb08 0905 	add.w	r9, r8, r5
100037ce:	e002      	b.n	100037d6 <cdcd_xfer_cb+0xba>
100037d0:	45c8      	cmp	r8, r9
100037d2:	d0b8      	beq.n	10003746 <cdcd_xfer_cb+0x2a>
100037d4:	7973      	ldrb	r3, [r6, #5]
100037d6:	f818 2b01 	ldrb.w	r2, [r8], #1
100037da:	429a      	cmp	r2, r3
100037dc:	d1f8      	bne.n	100037d0 <cdcd_xfer_cb+0xb4>
100037de:	4808      	ldr	r0, [pc, #32]	@ (10003800 <cdcd_xfer_cb+0xe4>)
100037e0:	f000 fb36 	bl	10003e50 <tu_fifo_empty>
100037e4:	2800      	cmp	r0, #0
100037e6:	d1f3      	bne.n	100037d0 <cdcd_xfer_cb+0xb4>
100037e8:	7971      	ldrb	r1, [r6, #5]
100037ea:	f3af 8000 	nop.w
100037ee:	e7ef      	b.n	100037d0 <cdcd_xfer_cb+0xb4>
100037f0:	f3af 8000 	nop.w
100037f4:	e7ae      	b.n	10003754 <cdcd_xfer_cb+0x38>
100037f6:	bf00      	nop
100037f8:	200010b8 	.word	0x200010b8
100037fc:	00000000 	.word	0x00000000
10003800:	200010c8 	.word	0x200010c8
10003804:	00000000 	.word	0x00000000
10003808:	200010dc 	.word	0x200010dc
1000380c:	20001034 	.word	0x20001034
10003810:	00000000 	.word	0x00000000

10003814 <vendord_init>:
10003814:	b5f0      	push	{r4, r5, r6, r7, lr}
10003816:	f44f 7213 	mov.w	r2, #588	@ 0x24c
1000381a:	b085      	sub	sp, #20
1000381c:	2100      	movs	r1, #0
1000381e:	4812      	ldr	r0, [pc, #72]	@ (10003868 <vendord_init+0x54>)
10003820:	f000 fd22 	bl	10004268 <memset>
10003824:	2640      	movs	r6, #64	@ 0x40
10003826:	2300      	movs	r3, #0
10003828:	f44f 7580 	mov.w	r5, #256	@ 0x100
1000382c:	4f0e      	ldr	r7, [pc, #56]	@ (10003868 <vendord_init+0x54>)
1000382e:	4c0f      	ldr	r4, [pc, #60]	@ (1000386c <vendord_init+0x58>)
10003830:	f507 72a6 	add.w	r2, r7, #332	@ 0x14c
10003834:	4619      	mov	r1, r3
10003836:	e9cd 4602 	strd	r4, r6, [sp, #8]
1000383a:	9200      	str	r2, [sp, #0]
1000383c:	9501      	str	r5, [sp, #4]
1000383e:	461a      	mov	r2, r3
10003840:	f507 7094 	add.w	r0, r7, #296	@ 0x128
10003844:	f000 f9c6 	bl	10003bd4 <tu_edpt_stream_init>
10003848:	2300      	movs	r3, #0
1000384a:	4638      	mov	r0, r7
1000384c:	f107 0128 	add.w	r1, r7, #40	@ 0x28
10003850:	4434      	add	r4, r6
10003852:	9100      	str	r1, [sp, #0]
10003854:	2201      	movs	r2, #1
10003856:	4619      	mov	r1, r3
10003858:	e9cd 4602 	strd	r4, r6, [sp, #8]
1000385c:	9501      	str	r5, [sp, #4]
1000385e:	3004      	adds	r0, #4
10003860:	f000 f9b8 	bl	10003bd4 <tu_edpt_stream_init>
10003864:	b005      	add	sp, #20
10003866:	bdf0      	pop	{r4, r5, r6, r7, pc}
10003868:	2000139c 	.word	0x2000139c
1000386c:	2000131c 	.word	0x2000131c

10003870 <vendord_deinit>:
10003870:	b508      	push	{r3, lr}
10003872:	4805      	ldr	r0, [pc, #20]	@ (10003888 <vendord_deinit+0x18>)
10003874:	f000 f9da 	bl	10003c2c <tu_edpt_stream_deinit>
10003878:	4b03      	ldr	r3, [pc, #12]	@ (10003888 <vendord_deinit+0x18>)
1000387a:	f5a3 7092 	sub.w	r0, r3, #292	@ 0x124
1000387e:	f000 f9d5 	bl	10003c2c <tu_edpt_stream_deinit>
10003882:	2001      	movs	r0, #1
10003884:	bd08      	pop	{r3, pc}
10003886:	bf00      	nop
10003888:	200014c4 	.word	0x200014c4

1000388c <vendord_reset>:
1000388c:	b538      	push	{r3, r4, r5, lr}
1000388e:	2500      	movs	r5, #0
10003890:	4c06      	ldr	r4, [pc, #24]	@ (100038ac <vendord_reset+0x20>)
10003892:	f504 7098 	add.w	r0, r4, #304	@ 0x130
10003896:	7025      	strb	r5, [r4, #0]
10003898:	f000 fcac 	bl	100041f4 <tu_fifo_clear>
1000389c:	f104 000c 	add.w	r0, r4, #12
100038a0:	f000 fca8 	bl	100041f4 <tu_fifo_clear>
100038a4:	f884 5129 	strb.w	r5, [r4, #297]	@ 0x129
100038a8:	7165      	strb	r5, [r4, #5]
100038aa:	bd38      	pop	{r3, r4, r5, pc}
100038ac:	2000139c 	.word	0x2000139c

100038b0 <vendord_open>:
100038b0:	e92d 43f8 	stmdb	sp!, {r3, r4, r5, r6, r7, r8, r9, lr}
100038b4:	794b      	ldrb	r3, [r1, #5]
100038b6:	2bff      	cmp	r3, #255	@ 0xff
100038b8:	d151      	bne.n	1000395e <vendord_open+0xae>
100038ba:	4e35      	ldr	r6, [pc, #212]	@ (10003990 <vendord_open+0xe0>)
100038bc:	f896 3129 	ldrb.w	r3, [r6, #297]	@ 0x129
100038c0:	2b00      	cmp	r3, #0
100038c2:	d14c      	bne.n	1000395e <vendord_open+0xae>
100038c4:	f896 8005 	ldrb.w	r8, [r6, #5]
100038c8:	f1b8 0f00 	cmp.w	r8, #0
100038cc:	d147      	bne.n	1000395e <vendord_open+0xae>
100038ce:	788b      	ldrb	r3, [r1, #2]
100038d0:	780c      	ldrb	r4, [r1, #0]
100038d2:	7033      	strb	r3, [r6, #0]
100038d4:	790b      	ldrb	r3, [r1, #4]
100038d6:	460f      	mov	r7, r1
100038d8:	440c      	add	r4, r1
100038da:	b3ab      	cbz	r3, 10003948 <vendord_open+0x98>
100038dc:	4681      	mov	r9, r0
100038de:	18a5      	adds	r5, r4, r2
100038e0:	e003      	b.n	100038ea <vendord_open+0x3a>
100038e2:	42a5      	cmp	r5, r4
100038e4:	d930      	bls.n	10003948 <vendord_open+0x98>
100038e6:	7823      	ldrb	r3, [r4, #0]
100038e8:	441c      	add	r4, r3
100038ea:	7863      	ldrb	r3, [r4, #1]
100038ec:	2b05      	cmp	r3, #5
100038ee:	d1f8      	bne.n	100038e2 <vendord_open+0x32>
100038f0:	42ac      	cmp	r4, r5
100038f2:	d229      	bcs.n	10003948 <vendord_open+0x98>
100038f4:	4621      	mov	r1, r4
100038f6:	4648      	mov	r0, r9
100038f8:	f7ff fb3a 	bl	10002f70 <usbd_edpt_open>
100038fc:	b340      	cbz	r0, 10003950 <vendord_open+0xa0>
100038fe:	78a3      	ldrb	r3, [r4, #2]
10003900:	09db      	lsrs	r3, r3, #7
10003902:	d12f      	bne.n	10003964 <vendord_open+0xb4>
10003904:	4823      	ldr	r0, [pc, #140]	@ (10003994 <vendord_open+0xe4>)
10003906:	f000 fc75 	bl	100041f4 <tu_fifo_clear>
1000390a:	78a3      	ldrb	r3, [r4, #2]
1000390c:	f896 2128 	ldrb.w	r2, [r6, #296]	@ 0x128
10003910:	f886 3129 	strb.w	r3, [r6, #297]	@ 0x129
10003914:	88a3      	ldrh	r3, [r4, #4]
10003916:	4648      	mov	r0, r9
10003918:	f3c3 030a 	ubfx	r3, r3, #0, #11
1000391c:	f5a3 7300 	sub.w	r3, r3, #512	@ 0x200
10003920:	fab3 f383 	clz	r3, r3
10003924:	095b      	lsrs	r3, r3, #5
10003926:	f363 0241 	bfi	r2, r3, #1, #1
1000392a:	491b      	ldr	r1, [pc, #108]	@ (10003998 <vendord_open+0xe8>)
1000392c:	f886 2128 	strb.w	r2, [r6, #296]	@ 0x128
10003930:	f000 f9ea 	bl	10003d08 <tu_edpt_stream_read_xfer>
10003934:	b160      	cbz	r0, 10003950 <vendord_open+0xa0>
10003936:	7823      	ldrb	r3, [r4, #0]
10003938:	793a      	ldrb	r2, [r7, #4]
1000393a:	f108 0801 	add.w	r8, r8, #1
1000393e:	441c      	add	r4, r3
10003940:	fa5f f388 	uxtb.w	r3, r8
10003944:	429a      	cmp	r2, r3
10003946:	d8d0      	bhi.n	100038ea <vendord_open+0x3a>
10003948:	1be1      	subs	r1, r4, r7
1000394a:	b288      	uxth	r0, r1
1000394c:	e8bd 83f8 	ldmia.w	sp!, {r3, r4, r5, r6, r7, r8, r9, pc}
10003950:	f04f 23e0 	mov.w	r3, #3758153728	@ 0xe000e000
10003954:	f8d3 3df0 	ldr.w	r3, [r3, #3568]	@ 0xdf0
10003958:	07db      	lsls	r3, r3, #31
1000395a:	d500      	bpl.n	1000395e <vendord_open+0xae>
1000395c:	be00      	bkpt	0x0000
1000395e:	2000      	movs	r0, #0
10003960:	e8bd 83f8 	ldmia.w	sp!, {r3, r4, r5, r6, r7, r8, r9, pc}
10003964:	480d      	ldr	r0, [pc, #52]	@ (1000399c <vendord_open+0xec>)
10003966:	f000 fc45 	bl	100041f4 <tu_fifo_clear>
1000396a:	78a3      	ldrb	r3, [r4, #2]
1000396c:	7932      	ldrb	r2, [r6, #4]
1000396e:	7173      	strb	r3, [r6, #5]
10003970:	88a3      	ldrh	r3, [r4, #4]
10003972:	490b      	ldr	r1, [pc, #44]	@ (100039a0 <vendord_open+0xf0>)
10003974:	f3c3 030a 	ubfx	r3, r3, #0, #11
10003978:	f5a3 7300 	sub.w	r3, r3, #512	@ 0x200
1000397c:	fab3 f383 	clz	r3, r3
10003980:	095b      	lsrs	r3, r3, #5
10003982:	f363 0241 	bfi	r2, r3, #1, #1
10003986:	2000      	movs	r0, #0
10003988:	7132      	strb	r2, [r6, #4]
1000398a:	f000 f985 	bl	10003c98 <tu_edpt_stream_write_xfer>
1000398e:	e7d2      	b.n	10003936 <vendord_open+0x86>
10003990:	2000139c 	.word	0x2000139c
10003994:	200014cc 	.word	0x200014cc
10003998:	200014c4 	.word	0x200014c4
1000399c:	200013a8 	.word	0x200013a8
100039a0:	200013a0 	.word	0x200013a0

100039a4 <vendord_xfer_cb>:
100039a4:	b570      	push	{r4, r5, r6, lr}
100039a6:	4c1b      	ldr	r4, [pc, #108]	@ (10003a14 <vendord_xfer_cb+0x70>)
100039a8:	4606      	mov	r6, r0
100039aa:	f894 c129 	ldrb.w	ip, [r4, #297]	@ 0x129
100039ae:	461d      	mov	r5, r3
100039b0:	458c      	cmp	ip, r1
100039b2:	d011      	beq.n	100039d8 <vendord_xfer_cb+0x34>
100039b4:	7963      	ldrb	r3, [r4, #5]
100039b6:	428b      	cmp	r3, r1
100039b8:	d001      	beq.n	100039be <vendord_xfer_cb+0x1a>
100039ba:	2000      	movs	r0, #0
100039bc:	bd70      	pop	{r4, r5, r6, pc}
100039be:	4b16      	ldr	r3, [pc, #88]	@ (10003a18 <vendord_xfer_cb+0x74>)
100039c0:	b11b      	cbz	r3, 100039ca <vendord_xfer_cb+0x26>
100039c2:	2000      	movs	r0, #0
100039c4:	b2a9      	uxth	r1, r5
100039c6:	f3af 8000 	nop.w
100039ca:	4630      	mov	r0, r6
100039cc:	4913      	ldr	r1, [pc, #76]	@ (10003a1c <vendord_xfer_cb+0x78>)
100039ce:	f000 f963 	bl	10003c98 <tu_edpt_stream_write_xfer>
100039d2:	b1c8      	cbz	r0, 10003a08 <vendord_xfer_cb+0x64>
100039d4:	2001      	movs	r0, #1
100039d6:	bd70      	pop	{r4, r5, r6, pc}
100039d8:	f8b4 3134 	ldrh.w	r3, [r4, #308]	@ 0x134
100039dc:	b963      	cbnz	r3, 100039f8 <vendord_xfer_cb+0x54>
100039de:	4b10      	ldr	r3, [pc, #64]	@ (10003a20 <vendord_xfer_cb+0x7c>)
100039e0:	b123      	cbz	r3, 100039ec <vendord_xfer_cb+0x48>
100039e2:	2000      	movs	r0, #0
100039e4:	490f      	ldr	r1, [pc, #60]	@ (10003a24 <vendord_xfer_cb+0x80>)
100039e6:	b2aa      	uxth	r2, r5
100039e8:	f3af 8000 	nop.w
100039ec:	4630      	mov	r0, r6
100039ee:	490e      	ldr	r1, [pc, #56]	@ (10003a28 <vendord_xfer_cb+0x84>)
100039f0:	f000 f98a 	bl	10003d08 <tu_edpt_stream_read_xfer>
100039f4:	2001      	movs	r0, #1
100039f6:	e7ee      	b.n	100039d6 <vendord_xfer_cb+0x32>
100039f8:	f8d4 112c 	ldr.w	r1, [r4, #300]	@ 0x12c
100039fc:	b2aa      	uxth	r2, r5
100039fe:	f504 7098 	add.w	r0, r4, #304	@ 0x130
10003a02:	f000 fb49 	bl	10004098 <tu_fifo_write_n>
10003a06:	e7ea      	b.n	100039de <vendord_xfer_cb+0x3a>
10003a08:	462a      	mov	r2, r5
10003a0a:	4630      	mov	r0, r6
10003a0c:	4903      	ldr	r1, [pc, #12]	@ (10003a1c <vendord_xfer_cb+0x78>)
10003a0e:	f000 f90f 	bl	10003c30 <tu_edpt_stream_write_zlp_if_needed>
10003a12:	e7df      	b.n	100039d4 <vendord_xfer_cb+0x30>
10003a14:	2000139c 	.word	0x2000139c
10003a18:	00000000 	.word	0x00000000
10003a1c:	200013a0 	.word	0x200013a0
10003a20:	00000000 	.word	0x00000000
10003a24:	2000131c 	.word	0x2000131c
10003a28:	200014c4 	.word	0x200014c4

10003a2c <tusb_rhport_init>:
10003a2c:	b510      	push	{r4, lr}
10003a2e:	b082      	sub	sp, #8
10003a30:	b1c9      	cbz	r1, 10003a66 <tusb_rhport_init+0x3a>
10003a32:	2801      	cmp	r0, #1
10003a34:	d80c      	bhi.n	10003a50 <tusb_rhport_init+0x24>
10003a36:	780b      	ldrb	r3, [r1, #0]
10003a38:	b153      	cbz	r3, 10003a50 <tusb_rhport_init+0x24>
10003a3a:	4c14      	ldr	r4, [pc, #80]	@ (10003a8c <tusb_rhport_init+0x60>)
10003a3c:	2b01      	cmp	r3, #1
10003a3e:	5423      	strb	r3, [r4, r0]
10003a40:	d002      	beq.n	10003a48 <tusb_rhport_init+0x1c>
10003a42:	2001      	movs	r0, #1
10003a44:	b002      	add	sp, #8
10003a46:	bd10      	pop	{r4, pc}
10003a48:	f7fe fe08 	bl	1000265c <tud_rhport_init>
10003a4c:	2800      	cmp	r0, #0
10003a4e:	d1f8      	bne.n	10003a42 <tusb_rhport_init+0x16>
10003a50:	f04f 23e0 	mov.w	r3, #3758153728	@ 0xe000e000
10003a54:	f8d3 3df0 	ldr.w	r3, [r3, #3568]	@ 0xdf0
10003a58:	07db      	lsls	r3, r3, #31
10003a5a:	d402      	bmi.n	10003a62 <tusb_rhport_init+0x36>
10003a5c:	2000      	movs	r0, #0
10003a5e:	b002      	add	sp, #8
10003a60:	bd10      	pop	{r4, pc}
10003a62:	be00      	bkpt	0x0000
10003a64:	e7fa      	b.n	10003a5c <tusb_rhport_init+0x30>
10003a66:	2401      	movs	r4, #1
10003a68:	4608      	mov	r0, r1
10003a6a:	a901      	add	r1, sp, #4
10003a6c:	f8ad 4004 	strh.w	r4, [sp, #4]
10003a70:	f7fe fdf4 	bl	1000265c <tud_rhport_init>
10003a74:	b938      	cbnz	r0, 10003a86 <tusb_rhport_init+0x5a>
10003a76:	f04f 23e0 	mov.w	r3, #3758153728	@ 0xe000e000
10003a7a:	f8d3 3df0 	ldr.w	r3, [r3, #3568]	@ 0xdf0
10003a7e:	07da      	lsls	r2, r3, #31
10003a80:	d5ed      	bpl.n	10003a5e <tusb_rhport_init+0x32>
10003a82:	be00      	bkpt	0x0000
10003a84:	e7eb      	b.n	10003a5e <tusb_rhport_init+0x32>
10003a86:	4b01      	ldr	r3, [pc, #4]	@ (10003a8c <tusb_rhport_init+0x60>)
10003a88:	701c      	strb	r4, [r3, #0]
10003a8a:	e7e8      	b.n	10003a5e <tusb_rhport_init+0x32>
10003a8c:	200011f4 	.word	0x200011f4

10003a90 <tu_edpt_claim>:
10003a90:	b5f8      	push	{r3, r4, r5, r6, r7, lr}
10003a92:	7803      	ldrb	r3, [r0, #0]
10003a94:	f013 0401 	ands.w	r4, r3, #1
10003a98:	d11a      	bne.n	10003ad0 <tu_edpt_claim+0x40>
10003a9a:	7803      	ldrb	r3, [r0, #0]
10003a9c:	4605      	mov	r5, r0
10003a9e:	075a      	lsls	r2, r3, #29
10003aa0:	f3c3 0780 	ubfx	r7, r3, #2, #1
10003aa4:	d501      	bpl.n	10003aaa <tu_edpt_claim+0x1a>
10003aa6:	4620      	mov	r0, r4
10003aa8:	bdf8      	pop	{r3, r4, r5, r6, r7, pc}
10003aaa:	460e      	mov	r6, r1
10003aac:	f04f 31ff 	mov.w	r1, #4294967295	@ 0xffffffff
10003ab0:	4630      	mov	r0, r6
10003ab2:	f000 fccd 	bl	10004450 <__mutex_enter_timeout_ms_veneer>
10003ab6:	782b      	ldrb	r3, [r5, #0]
10003ab8:	f013 0401 	ands.w	r4, r3, #1
10003abc:	d10b      	bne.n	10003ad6 <tu_edpt_claim+0x46>
10003abe:	782b      	ldrb	r3, [r5, #0]
10003ac0:	075b      	lsls	r3, r3, #29
10003ac2:	d409      	bmi.n	10003ad8 <tu_edpt_claim+0x48>
10003ac4:	782b      	ldrb	r3, [r5, #0]
10003ac6:	2401      	movs	r4, #1
10003ac8:	f043 0304 	orr.w	r3, r3, #4
10003acc:	702b      	strb	r3, [r5, #0]
10003ace:	e003      	b.n	10003ad8 <tu_edpt_claim+0x48>
10003ad0:	2400      	movs	r4, #0
10003ad2:	4620      	mov	r0, r4
10003ad4:	bdf8      	pop	{r3, r4, r5, r6, r7, pc}
10003ad6:	463c      	mov	r4, r7
10003ad8:	4630      	mov	r0, r6
10003ada:	f000 fcc1 	bl	10004460 <__mutex_exit_veneer>
10003ade:	4620      	mov	r0, r4
10003ae0:	bdf8      	pop	{r3, r4, r5, r6, r7, pc}
10003ae2:	bf00      	nop

10003ae4 <tu_edpt_release>:
10003ae4:	b570      	push	{r4, r5, r6, lr}
10003ae6:	460c      	mov	r4, r1
10003ae8:	4605      	mov	r5, r0
10003aea:	f04f 31ff 	mov.w	r1, #4294967295	@ 0xffffffff
10003aee:	4620      	mov	r0, r4
10003af0:	f000 fcae 	bl	10004450 <__mutex_enter_timeout_ms_veneer>
10003af4:	782b      	ldrb	r3, [r5, #0]
10003af6:	f3c3 0680 	ubfx	r6, r3, #2, #1
10003afa:	075b      	lsls	r3, r3, #29
10003afc:	d508      	bpl.n	10003b10 <tu_edpt_release+0x2c>
10003afe:	782b      	ldrb	r3, [r5, #0]
10003b00:	f013 0301 	ands.w	r3, r3, #1
10003b04:	bf11      	iteee	ne
10003b06:	2600      	movne	r6, #0
10003b08:	782a      	ldrbeq	r2, [r5, #0]
10003b0a:	f363 0282 	bfieq	r2, r3, #2, #1
10003b0e:	702a      	strbeq	r2, [r5, #0]
10003b10:	4620      	mov	r0, r4
10003b12:	f000 fca5 	bl	10004460 <__mutex_exit_veneer>
10003b16:	4630      	mov	r0, r6
10003b18:	bd70      	pop	{r4, r5, r6, pc}
10003b1a:	bf00      	nop

10003b1c <tu_edpt_validate>:
10003b1c:	78c3      	ldrb	r3, [r0, #3]
10003b1e:	8882      	ldrh	r2, [r0, #4]
10003b20:	f003 0003 	and.w	r0, r3, #3
10003b24:	2802      	cmp	r0, #2
10003b26:	f3c2 020a 	ubfx	r2, r2, #0, #11
10003b2a:	d015      	beq.n	10003b58 <tu_edpt_validate+0x3c>
10003b2c:	2803      	cmp	r0, #3
10003b2e:	d00a      	beq.n	10003b46 <tu_edpt_validate+0x2a>
10003b30:	2801      	cmp	r0, #1
10003b32:	d11c      	bne.n	10003b6e <tu_edpt_validate+0x52>
10003b34:	2902      	cmp	r1, #2
10003b36:	f240 33ff 	movw	r3, #1023	@ 0x3ff
10003b3a:	bf08      	it	eq
10003b3c:	f44f 6380 	moveq.w	r3, #1024	@ 0x400
10003b40:	4293      	cmp	r3, r2
10003b42:	d30d      	bcc.n	10003b60 <tu_edpt_validate+0x44>
10003b44:	4770      	bx	lr
10003b46:	2902      	cmp	r1, #2
10003b48:	bf14      	ite	ne
10003b4a:	2340      	movne	r3, #64	@ 0x40
10003b4c:	f44f 6380 	moveq.w	r3, #1024	@ 0x400
10003b50:	4293      	cmp	r3, r2
10003b52:	d305      	bcc.n	10003b60 <tu_edpt_validate+0x44>
10003b54:	2001      	movs	r0, #1
10003b56:	4770      	bx	lr
10003b58:	2902      	cmp	r1, #2
10003b5a:	d00a      	beq.n	10003b72 <tu_edpt_validate+0x56>
10003b5c:	2a40      	cmp	r2, #64	@ 0x40
10003b5e:	d9f9      	bls.n	10003b54 <tu_edpt_validate+0x38>
10003b60:	f04f 23e0 	mov.w	r3, #3758153728	@ 0xe000e000
10003b64:	f8d3 3df0 	ldr.w	r3, [r3, #3568]	@ 0xdf0
10003b68:	07db      	lsls	r3, r3, #31
10003b6a:	d500      	bpl.n	10003b6e <tu_edpt_validate+0x52>
10003b6c:	be00      	bkpt	0x0000
10003b6e:	2000      	movs	r0, #0
10003b70:	4770      	bx	lr
10003b72:	f5b2 7f00 	cmp.w	r2, #512	@ 0x200
10003b76:	d0ed      	beq.n	10003b54 <tu_edpt_validate+0x38>
10003b78:	e7f2      	b.n	10003b60 <tu_edpt_validate+0x44>
10003b7a:	bf00      	nop

10003b7c <tu_edpt_bind_driver>:
10003b7c:	440a      	add	r2, r1
10003b7e:	4291      	cmp	r1, r2
10003b80:	d226      	bcs.n	10003bd0 <tu_edpt_bind_driver+0x54>
10003b82:	f891 c001 	ldrb.w	ip, [r1, #1]
10003b86:	f1bc 0f05 	cmp.w	ip, #5
10003b8a:	d005      	beq.n	10003b98 <tu_edpt_bind_driver+0x1c>
10003b8c:	f891 c000 	ldrb.w	ip, [r1]
10003b90:	4461      	add	r1, ip
10003b92:	428a      	cmp	r2, r1
10003b94:	d8f5      	bhi.n	10003b82 <tu_edpt_bind_driver+0x6>
10003b96:	4770      	bx	lr
10003b98:	b500      	push	{lr}
10003b9a:	f891 c002 	ldrb.w	ip, [r1, #2]
10003b9e:	f00c 0e7f 	and.w	lr, ip, #127	@ 0x7f
10003ba2:	eb00 0e4e 	add.w	lr, r0, lr, lsl #1
10003ba6:	ea4f 1cdc 	mov.w	ip, ip, lsr #7
10003baa:	f80e 300c 	strb.w	r3, [lr, ip]
10003bae:	f891 c000 	ldrb.w	ip, [r1]
10003bb2:	4461      	add	r1, ip
10003bb4:	428a      	cmp	r2, r1
10003bb6:	d909      	bls.n	10003bcc <tu_edpt_bind_driver+0x50>
10003bb8:	f891 c001 	ldrb.w	ip, [r1, #1]
10003bbc:	f1bc 0f05 	cmp.w	ip, #5
10003bc0:	d0eb      	beq.n	10003b9a <tu_edpt_bind_driver+0x1e>
10003bc2:	f891 c000 	ldrb.w	ip, [r1]
10003bc6:	4461      	add	r1, ip
10003bc8:	428a      	cmp	r2, r1
10003bca:	d8f5      	bhi.n	10003bb8 <tu_edpt_bind_driver+0x3c>
10003bcc:	f85d fb04 	ldr.w	pc, [sp], #4
10003bd0:	4770      	bx	lr
10003bd2:	bf00      	nop

10003bd4 <tu_edpt_stream_init>:
10003bd4:	e92d 41f0 	stmdb	sp!, {r4, r5, r6, r7, r8, lr}
10003bd8:	468e      	mov	lr, r1
10003bda:	b082      	sub	sp, #8
10003bdc:	9300      	str	r3, [sp, #0]
10003bde:	f890 c000 	ldrb.w	ip, [r0]
10003be2:	9e08      	ldr	r6, [sp, #32]
10003be4:	f8bd 7024 	ldrh.w	r7, [sp, #36]	@ 0x24
10003be8:	f36e 0c00 	bfi	ip, lr, #0, #1
10003bec:	4604      	mov	r4, r0
10003bee:	4615      	mov	r5, r2
10003bf0:	2301      	movs	r3, #1
10003bf2:	4631      	mov	r1, r6
10003bf4:	463a      	mov	r2, r7
10003bf6:	f800 cb08 	strb.w	ip, [r0], #8
10003bfa:	f8bd 802c 	ldrh.w	r8, [sp, #44]	@ 0x2c
10003bfe:	f000 f8e7 	bl	10003dd0 <tu_fifo_config>
10003c02:	b106      	cbz	r6, 10003c06 <tu_edpt_stream_init+0x32>
10003c04:	b93f      	cbnz	r7, 10003c16 <tu_edpt_stream_init+0x42>
10003c06:	2001      	movs	r0, #1
10003c08:	9b0a      	ldr	r3, [sp, #40]	@ 0x28
10003c0a:	f8a4 8002 	strh.w	r8, [r4, #2]
10003c0e:	6063      	str	r3, [r4, #4]
10003c10:	b002      	add	sp, #8
10003c12:	e8bd 81f0 	ldmia.w	sp!, {r4, r5, r6, r7, r8, pc}
10003c16:	f104 061c 	add.w	r6, r4, #28
10003c1a:	4630      	mov	r0, r6
10003c1c:	f7fc fe40 	bl	100008a0 <mutex_init>
10003c20:	b10d      	cbz	r5, 10003c26 <tu_edpt_stream_init+0x52>
10003c22:	4635      	mov	r5, r6
10003c24:	2600      	movs	r6, #0
10003c26:	e9c4 5605 	strd	r5, r6, [r4, #20]
10003c2a:	e7ec      	b.n	10003c06 <tu_edpt_stream_init+0x32>

10003c2c <tu_edpt_stream_deinit>:
10003c2c:	2001      	movs	r0, #1
10003c2e:	4770      	bx	lr

10003c30 <tu_edpt_stream_write_zlp_if_needed>:
10003c30:	b5f8      	push	{r3, r4, r5, r6, r7, lr}
10003c32:	4607      	mov	r7, r0
10003c34:	4608      	mov	r0, r1
10003c36:	f240 13ff 	movw	r3, #511	@ 0x1ff
10003c3a:	4615      	mov	r5, r2
10003c3c:	f810 2b08 	ldrb.w	r2, [r0], #8
10003c40:	460c      	mov	r4, r1
10003c42:	f012 0f02 	tst.w	r2, #2
10003c46:	bf0c      	ite	eq
10003c48:	263f      	moveq	r6, #63	@ 0x3f
10003c4a:	461e      	movne	r6, r3
10003c4c:	f000 f8f0 	bl	10003e30 <tu_fifo_count>
10003c50:	b928      	cbnz	r0, 10003c5e <tu_edpt_stream_write_zlp_if_needed+0x2e>
10003c52:	b125      	cbz	r5, 10003c5e <tu_edpt_stream_write_zlp_if_needed+0x2e>
10003c54:	422e      	tst	r6, r5
10003c56:	d102      	bne.n	10003c5e <tu_edpt_stream_write_zlp_if_needed+0x2e>
10003c58:	7823      	ldrb	r3, [r4, #0]
10003c5a:	07da      	lsls	r2, r3, #31
10003c5c:	d501      	bpl.n	10003c62 <tu_edpt_stream_write_zlp_if_needed+0x32>
10003c5e:	2000      	movs	r0, #0
10003c60:	bdf8      	pop	{r3, r4, r5, r6, r7, pc}
10003c62:	4638      	mov	r0, r7
10003c64:	7861      	ldrb	r1, [r4, #1]
10003c66:	f7ff f9a5 	bl	10002fb4 <usbd_edpt_claim>
10003c6a:	2800      	cmp	r0, #0
10003c6c:	d0f7      	beq.n	10003c5e <tu_edpt_stream_write_zlp_if_needed+0x2e>
10003c6e:	7823      	ldrb	r3, [r4, #0]
10003c70:	f013 0301 	ands.w	r3, r3, #1
10003c74:	d007      	beq.n	10003c86 <tu_edpt_stream_write_zlp_if_needed+0x56>
10003c76:	f04f 23e0 	mov.w	r3, #3758153728	@ 0xe000e000
10003c7a:	f8d3 3df0 	ldr.w	r3, [r3, #3568]	@ 0xdf0
10003c7e:	07db      	lsls	r3, r3, #31
10003c80:	d5ed      	bpl.n	10003c5e <tu_edpt_stream_write_zlp_if_needed+0x2e>
10003c82:	be00      	bkpt	0x0000
10003c84:	e7eb      	b.n	10003c5e <tu_edpt_stream_write_zlp_if_needed+0x2e>
10003c86:	461a      	mov	r2, r3
10003c88:	4638      	mov	r0, r7
10003c8a:	7861      	ldrb	r1, [r4, #1]
10003c8c:	f7ff f9b6 	bl	10002ffc <usbd_edpt_xfer>
10003c90:	2800      	cmp	r0, #0
10003c92:	d0f0      	beq.n	10003c76 <tu_edpt_stream_write_zlp_if_needed+0x46>
10003c94:	bdf8      	pop	{r3, r4, r5, r6, r7, pc}
10003c96:	bf00      	nop

10003c98 <tu_edpt_stream_write_xfer>:
10003c98:	b570      	push	{r4, r5, r6, lr}
10003c9a:	f101 0508 	add.w	r5, r1, #8
10003c9e:	4606      	mov	r6, r0
10003ca0:	4628      	mov	r0, r5
10003ca2:	460c      	mov	r4, r1
10003ca4:	f000 f8c4 	bl	10003e30 <tu_fifo_count>
10003ca8:	b110      	cbz	r0, 10003cb0 <tu_edpt_stream_write_xfer+0x18>
10003caa:	7823      	ldrb	r3, [r4, #0]
10003cac:	07da      	lsls	r2, r3, #31
10003cae:	d501      	bpl.n	10003cb4 <tu_edpt_stream_write_xfer+0x1c>
10003cb0:	2000      	movs	r0, #0
10003cb2:	bd70      	pop	{r4, r5, r6, pc}
10003cb4:	4630      	mov	r0, r6
10003cb6:	7861      	ldrb	r1, [r4, #1]
10003cb8:	f7ff f97c 	bl	10002fb4 <usbd_edpt_claim>
10003cbc:	2800      	cmp	r0, #0
10003cbe:	d0f7      	beq.n	10003cb0 <tu_edpt_stream_write_xfer+0x18>
10003cc0:	4628      	mov	r0, r5
10003cc2:	8862      	ldrh	r2, [r4, #2]
10003cc4:	6861      	ldr	r1, [r4, #4]
10003cc6:	f000 f929 	bl	10003f1c <tu_fifo_read_n>
10003cca:	7823      	ldrb	r3, [r4, #0]
10003ccc:	4605      	mov	r5, r0
10003cce:	f003 0301 	and.w	r3, r3, #1
10003cd2:	b140      	cbz	r0, 10003ce6 <tu_edpt_stream_write_xfer+0x4e>
10003cd4:	b173      	cbz	r3, 10003cf4 <tu_edpt_stream_write_xfer+0x5c>
10003cd6:	f04f 23e0 	mov.w	r3, #3758153728	@ 0xe000e000
10003cda:	f8d3 3df0 	ldr.w	r3, [r3, #3568]	@ 0xdf0
10003cde:	07db      	lsls	r3, r3, #31
10003ce0:	d5e6      	bpl.n	10003cb0 <tu_edpt_stream_write_xfer+0x18>
10003ce2:	be00      	bkpt	0x0000
10003ce4:	e7e4      	b.n	10003cb0 <tu_edpt_stream_write_xfer+0x18>
10003ce6:	2b00      	cmp	r3, #0
10003ce8:	d1e2      	bne.n	10003cb0 <tu_edpt_stream_write_xfer+0x18>
10003cea:	4630      	mov	r0, r6
10003cec:	7861      	ldrb	r1, [r4, #1]
10003cee:	f7ff f973 	bl	10002fd8 <usbd_edpt_release>
10003cf2:	e7dd      	b.n	10003cb0 <tu_edpt_stream_write_xfer+0x18>
10003cf4:	4603      	mov	r3, r0
10003cf6:	6862      	ldr	r2, [r4, #4]
10003cf8:	4630      	mov	r0, r6
10003cfa:	7861      	ldrb	r1, [r4, #1]
10003cfc:	f7ff f97e 	bl	10002ffc <usbd_edpt_xfer>
10003d00:	2800      	cmp	r0, #0
10003d02:	d0e8      	beq.n	10003cd6 <tu_edpt_stream_write_xfer+0x3e>
10003d04:	4628      	mov	r0, r5
10003d06:	bd70      	pop	{r4, r5, r6, pc}

10003d08 <tu_edpt_stream_read_xfer>:
10003d08:	898a      	ldrh	r2, [r1, #12]
10003d0a:	e92d 41f0 	stmdb	sp!, {r4, r5, r6, r7, r8, lr}
10003d0e:	780b      	ldrb	r3, [r1, #0]
10003d10:	460c      	mov	r4, r1
10003d12:	4606      	mov	r6, r0
10003d14:	b922      	cbnz	r2, 10003d20 <tu_edpt_stream_read_xfer+0x18>
10003d16:	07dd      	lsls	r5, r3, #31
10003d18:	d534      	bpl.n	10003d84 <tu_edpt_stream_read_xfer+0x7c>
10003d1a:	2000      	movs	r0, #0
10003d1c:	e8bd 81f0 	ldmia.w	sp!, {r4, r5, r6, r7, r8, pc}
10003d20:	f104 0708 	add.w	r7, r4, #8
10003d24:	0799      	lsls	r1, r3, #30
10003d26:	4638      	mov	r0, r7
10003d28:	bf47      	ittee	mi
10003d2a:	f44f 487e 	movmi.w	r8, #65024	@ 0xfe00
10003d2e:	f44f 7500 	movmi.w	r5, #512	@ 0x200
10003d32:	f64f 78c0 	movwpl	r8, #65472	@ 0xffc0
10003d36:	2540      	movpl	r5, #64	@ 0x40
10003d38:	f000 f894 	bl	10003e64 <tu_fifo_remaining>
10003d3c:	4285      	cmp	r5, r0
10003d3e:	d8ec      	bhi.n	10003d1a <tu_edpt_stream_read_xfer+0x12>
10003d40:	7823      	ldrb	r3, [r4, #0]
10003d42:	07da      	lsls	r2, r3, #31
10003d44:	d4e9      	bmi.n	10003d1a <tu_edpt_stream_read_xfer+0x12>
10003d46:	4630      	mov	r0, r6
10003d48:	7861      	ldrb	r1, [r4, #1]
10003d4a:	f7ff f933 	bl	10002fb4 <usbd_edpt_claim>
10003d4e:	2800      	cmp	r0, #0
10003d50:	d0e3      	beq.n	10003d1a <tu_edpt_stream_read_xfer+0x12>
10003d52:	4638      	mov	r0, r7
10003d54:	f000 f886 	bl	10003e64 <tu_fifo_remaining>
10003d58:	7823      	ldrb	r3, [r4, #0]
10003d5a:	4285      	cmp	r5, r0
10003d5c:	f003 0301 	and.w	r3, r3, #1
10003d60:	d82d      	bhi.n	10003dbe <tu_edpt_stream_read_xfer+0xb6>
10003d62:	b9bb      	cbnz	r3, 10003d94 <tu_edpt_stream_read_xfer+0x8c>
10003d64:	8865      	ldrh	r5, [r4, #2]
10003d66:	ea08 0800 	and.w	r8, r8, r0
10003d6a:	4545      	cmp	r5, r8
10003d6c:	bf28      	it	cs
10003d6e:	4645      	movcs	r5, r8
10003d70:	7861      	ldrb	r1, [r4, #1]
10003d72:	b35d      	cbz	r5, 10003dcc <tu_edpt_stream_read_xfer+0xc4>
10003d74:	6862      	ldr	r2, [r4, #4]
10003d76:	462b      	mov	r3, r5
10003d78:	4630      	mov	r0, r6
10003d7a:	f7ff f93f 	bl	10002ffc <usbd_edpt_xfer>
10003d7e:	b148      	cbz	r0, 10003d94 <tu_edpt_stream_read_xfer+0x8c>
10003d80:	4628      	mov	r0, r5
10003d82:	e7cb      	b.n	10003d1c <tu_edpt_stream_read_xfer+0x14>
10003d84:	7849      	ldrb	r1, [r1, #1]
10003d86:	f7ff f915 	bl	10002fb4 <usbd_edpt_claim>
10003d8a:	2800      	cmp	r0, #0
10003d8c:	d0c5      	beq.n	10003d1a <tu_edpt_stream_read_xfer+0x12>
10003d8e:	7823      	ldrb	r3, [r4, #0]
10003d90:	07d8      	lsls	r0, r3, #31
10003d92:	d507      	bpl.n	10003da4 <tu_edpt_stream_read_xfer+0x9c>
10003d94:	f04f 23e0 	mov.w	r3, #3758153728	@ 0xe000e000
10003d98:	f8d3 3df0 	ldr.w	r3, [r3, #3568]	@ 0xdf0
10003d9c:	07db      	lsls	r3, r3, #31
10003d9e:	d5bc      	bpl.n	10003d1a <tu_edpt_stream_read_xfer+0x12>
10003da0:	be00      	bkpt	0x0000
10003da2:	e7ba      	b.n	10003d1a <tu_edpt_stream_read_xfer+0x12>
10003da4:	8863      	ldrh	r3, [r4, #2]
10003da6:	7861      	ldrb	r1, [r4, #1]
10003da8:	b13b      	cbz	r3, 10003dba <tu_edpt_stream_read_xfer+0xb2>
10003daa:	6862      	ldr	r2, [r4, #4]
10003dac:	4630      	mov	r0, r6
10003dae:	f7ff f925 	bl	10002ffc <usbd_edpt_xfer>
10003db2:	2800      	cmp	r0, #0
10003db4:	d0ee      	beq.n	10003d94 <tu_edpt_stream_read_xfer+0x8c>
10003db6:	8860      	ldrh	r0, [r4, #2]
10003db8:	e7b0      	b.n	10003d1c <tu_edpt_stream_read_xfer+0x14>
10003dba:	461a      	mov	r2, r3
10003dbc:	e7f6      	b.n	10003dac <tu_edpt_stream_read_xfer+0xa4>
10003dbe:	2b00      	cmp	r3, #0
10003dc0:	d1ab      	bne.n	10003d1a <tu_edpt_stream_read_xfer+0x12>
10003dc2:	4630      	mov	r0, r6
10003dc4:	7861      	ldrb	r1, [r4, #1]
10003dc6:	f7ff f907 	bl	10002fd8 <usbd_edpt_release>
10003dca:	e7a6      	b.n	10003d1a <tu_edpt_stream_read_xfer+0x12>
10003dcc:	462a      	mov	r2, r5
10003dce:	e7d2      	b.n	10003d76 <tu_edpt_stream_read_xfer+0x6e>

10003dd0 <tu_fifo_config>:
10003dd0:	e92d 41f0 	stmdb	sp!, {r4, r5, r6, r7, r8, lr}
10003dd4:	f5b2 4f00 	cmp.w	r2, #32768	@ 0x8000
10003dd8:	f89d 8018 	ldrb.w	r8, [sp, #24]
10003ddc:	d824      	bhi.n	10003e28 <tu_fifo_config+0x58>
10003dde:	4604      	mov	r4, r0
10003de0:	68c0      	ldr	r0, [r0, #12]
10003de2:	4617      	mov	r7, r2
10003de4:	460e      	mov	r6, r1
10003de6:	461d      	mov	r5, r3
10003de8:	b118      	cbz	r0, 10003df2 <tu_fifo_config+0x22>
10003dea:	f04f 31ff 	mov.w	r1, #4294967295	@ 0xffffffff
10003dee:	f000 fb2f 	bl	10004450 <__mutex_enter_timeout_ms_veneer>
10003df2:	6920      	ldr	r0, [r4, #16]
10003df4:	b118      	cbz	r0, 10003dfe <tu_fifo_config+0x2e>
10003df6:	f04f 31ff 	mov.w	r1, #4294967295	@ 0xffffffff
10003dfa:	f000 fb29 	bl	10004450 <__mutex_enter_timeout_ms_veneer>
10003dfe:	2200      	movs	r2, #0
10003e00:	f3c5 030e 	ubfx	r3, r5, #0, #15
10003e04:	68e0      	ldr	r0, [r4, #12]
10003e06:	ea43 33c8 	orr.w	r3, r3, r8, lsl #15
10003e0a:	8162      	strh	r2, [r4, #10]
10003e0c:	6026      	str	r6, [r4, #0]
10003e0e:	80a7      	strh	r7, [r4, #4]
10003e10:	80e3      	strh	r3, [r4, #6]
10003e12:	8122      	strh	r2, [r4, #8]
10003e14:	b108      	cbz	r0, 10003e1a <tu_fifo_config+0x4a>
10003e16:	f000 fb23 	bl	10004460 <__mutex_exit_veneer>
10003e1a:	6920      	ldr	r0, [r4, #16]
10003e1c:	b108      	cbz	r0, 10003e22 <tu_fifo_config+0x52>
10003e1e:	f000 fb1f 	bl	10004460 <__mutex_exit_veneer>
10003e22:	2001      	movs	r0, #1
10003e24:	e8bd 81f0 	ldmia.w	sp!, {r4, r5, r6, r7, r8, pc}
10003e28:	2000      	movs	r0, #0
10003e2a:	e8bd 81f0 	ldmia.w	sp!, {r4, r5, r6, r7, r8, pc}
10003e2e:	bf00      	nop

10003e30 <tu_fifo_count>:
10003e30:	8903      	ldrh	r3, [r0, #8]
10003e32:	8942      	ldrh	r2, [r0, #10]
10003e34:	b29b      	uxth	r3, r3
10003e36:	b292      	uxth	r2, r2
10003e38:	8880      	ldrh	r0, [r0, #4]
10003e3a:	4293      	cmp	r3, r2
10003e3c:	bf36      	itet	cc
10003e3e:	ebc2 0240 	rsbcc	r2, r2, r0, lsl #1
10003e42:	1a9b      	subcs	r3, r3, r2
10003e44:	189b      	addcc	r3, r3, r2
10003e46:	b29b      	uxth	r3, r3
10003e48:	4298      	cmp	r0, r3
10003e4a:	bf28      	it	cs
10003e4c:	4618      	movcs	r0, r3
10003e4e:	4770      	bx	lr

10003e50 <tu_fifo_empty>:
10003e50:	8902      	ldrh	r2, [r0, #8]
10003e52:	8943      	ldrh	r3, [r0, #10]
10003e54:	b290      	uxth	r0, r2
10003e56:	b29b      	uxth	r3, r3
10003e58:	1ac0      	subs	r0, r0, r3
10003e5a:	fab0 f080 	clz	r0, r0
10003e5e:	0940      	lsrs	r0, r0, #5
10003e60:	4770      	bx	lr
10003e62:	bf00      	nop

10003e64 <tu_fifo_remaining>:
10003e64:	8903      	ldrh	r3, [r0, #8]
10003e66:	8942      	ldrh	r2, [r0, #10]
10003e68:	b29b      	uxth	r3, r3
10003e6a:	8880      	ldrh	r0, [r0, #4]
10003e6c:	b292      	uxth	r2, r2
10003e6e:	4293      	cmp	r3, r2
10003e70:	bf36      	itet	cc
10003e72:	ebc2 0240 	rsbcc	r2, r2, r0, lsl #1
10003e76:	1a9b      	subcs	r3, r3, r2
10003e78:	189b      	addcc	r3, r3, r2
10003e7a:	b29b      	uxth	r3, r3
10003e7c:	4298      	cmp	r0, r3
10003e7e:	bf86      	itte	hi
10003e80:	1ac0      	subhi	r0, r0, r3
10003e82:	b280      	uxthhi	r0, r0
10003e84:	2000      	movls	r0, #0
10003e86:	4770      	bx	lr

10003e88 <tu_fifo_read>:
10003e88:	b538      	push	{r3, r4, r5, lr}
10003e8a:	4604      	mov	r4, r0
10003e8c:	6900      	ldr	r0, [r0, #16]
10003e8e:	460d      	mov	r5, r1
10003e90:	b118      	cbz	r0, 10003e9a <tu_fifo_read+0x12>
10003e92:	f04f 31ff 	mov.w	r1, #4294967295	@ 0xffffffff
10003e96:	f000 fadb 	bl	10004450 <__mutex_enter_timeout_ms_veneer>
10003e9a:	8921      	ldrh	r1, [r4, #8]
10003e9c:	8963      	ldrh	r3, [r4, #10]
10003e9e:	b289      	uxth	r1, r1
10003ea0:	b29b      	uxth	r3, r3
10003ea2:	88a2      	ldrh	r2, [r4, #4]
10003ea4:	4299      	cmp	r1, r3
10003ea6:	bf36      	itet	cc
10003ea8:	ebc3 0042 	rsbcc	r0, r3, r2, lsl #1
10003eac:	1ac8      	subcs	r0, r1, r3
10003eae:	1840      	addcc	r0, r0, r1
10003eb0:	b280      	uxth	r0, r0
10003eb2:	b350      	cbz	r0, 10003f0a <tu_fifo_read+0x82>
10003eb4:	4282      	cmp	r2, r0
10003eb6:	d209      	bcs.n	10003ecc <tu_fifo_read+0x44>
10003eb8:	4291      	cmp	r1, r2
10003eba:	bf2c      	ite	cs
10003ebc:	1a89      	subcs	r1, r1, r2
10003ebe:	1889      	addcc	r1, r1, r2
10003ec0:	b28b      	uxth	r3, r1
10003ec2:	429a      	cmp	r2, r3
10003ec4:	8163      	strh	r3, [r4, #10]
10003ec6:	d803      	bhi.n	10003ed0 <tu_fifo_read+0x48>
10003ec8:	1a9b      	subs	r3, r3, r2
10003eca:	b29b      	uxth	r3, r3
10003ecc:	429a      	cmp	r2, r3
10003ece:	d9fb      	bls.n	10003ec8 <tu_fifo_read+0x40>
10003ed0:	88e2      	ldrh	r2, [r4, #6]
10003ed2:	6821      	ldr	r1, [r4, #0]
10003ed4:	f3c2 020e 	ubfx	r2, r2, #0, #15
10003ed8:	fb02 1103 	mla	r1, r2, r3, r1
10003edc:	4628      	mov	r0, r5
10003ede:	f000 fa11 	bl	10004304 <memcpy>
10003ee2:	8961      	ldrh	r1, [r4, #10]
10003ee4:	2501      	movs	r5, #1
10003ee6:	b289      	uxth	r1, r1
10003ee8:	1c4b      	adds	r3, r1, #1
10003eea:	b29b      	uxth	r3, r3
10003eec:	4299      	cmp	r1, r3
10003eee:	88a2      	ldrh	r2, [r4, #4]
10003ef0:	d90e      	bls.n	10003f10 <tu_fifo_read+0x88>
10003ef2:	2300      	movs	r3, #0
10003ef4:	fa02 f105 	lsl.w	r1, r2, r5
10003ef8:	1a5b      	subs	r3, r3, r1
10003efa:	b29b      	uxth	r3, r3
10003efc:	6920      	ldr	r0, [r4, #16]
10003efe:	8163      	strh	r3, [r4, #10]
10003f00:	b108      	cbz	r0, 10003f06 <tu_fifo_read+0x7e>
10003f02:	f000 faad 	bl	10004460 <__mutex_exit_veneer>
10003f06:	4628      	mov	r0, r5
10003f08:	bd38      	pop	{r3, r4, r5, pc}
10003f0a:	4605      	mov	r5, r0
10003f0c:	8963      	ldrh	r3, [r4, #10]
10003f0e:	b29b      	uxth	r3, r3
10003f10:	ebb3 0f42 	cmp.w	r3, r2, lsl #1
10003f14:	ea4f 0142 	mov.w	r1, r2, lsl #1
10003f18:	dbf0      	blt.n	10003efc <tu_fifo_read+0x74>
10003f1a:	e7ed      	b.n	10003ef8 <tu_fifo_read+0x70>

10003f1c <tu_fifo_read_n>:
10003f1c:	e92d 47f0 	stmdb	sp!, {r4, r5, r6, r7, r8, r9, sl, lr}
10003f20:	4606      	mov	r6, r0
10003f22:	6900      	ldr	r0, [r0, #16]
10003f24:	4688      	mov	r8, r1
10003f26:	4691      	mov	r9, r2
10003f28:	b118      	cbz	r0, 10003f32 <tu_fifo_read_n+0x16>
10003f2a:	f04f 31ff 	mov.w	r1, #4294967295	@ 0xffffffff
10003f2e:	f000 fa8f 	bl	10004450 <__mutex_enter_timeout_ms_veneer>
10003f32:	8933      	ldrh	r3, [r6, #8]
10003f34:	8974      	ldrh	r4, [r6, #10]
10003f36:	b29b      	uxth	r3, r3
10003f38:	b2a4      	uxth	r4, r4
10003f3a:	88b5      	ldrh	r5, [r6, #4]
10003f3c:	42a3      	cmp	r3, r4
10003f3e:	bf36      	itet	cc
10003f40:	ebc4 0745 	rsbcc	r7, r4, r5, lsl #1
10003f44:	1b1f      	subcs	r7, r3, r4
10003f46:	18ff      	addcc	r7, r7, r3
10003f48:	b2bf      	uxth	r7, r7
10003f4a:	2f00      	cmp	r7, #0
10003f4c:	d04a      	beq.n	10003fe4 <tu_fifo_read_n+0xc8>
10003f4e:	42bd      	cmp	r5, r7
10003f50:	d340      	bcc.n	10003fd4 <tu_fifo_read_n+0xb8>
10003f52:	45b9      	cmp	r9, r7
10003f54:	bf28      	it	cs
10003f56:	46b9      	movcs	r9, r7
10003f58:	42a5      	cmp	r5, r4
10003f5a:	fa1f f789 	uxth.w	r7, r9
10003f5e:	d803      	bhi.n	10003f68 <tu_fifo_read_n+0x4c>
10003f60:	1b64      	subs	r4, r4, r5
10003f62:	b2a4      	uxth	r4, r4
10003f64:	42a5      	cmp	r5, r4
10003f66:	d9fb      	bls.n	10003f60 <tu_fifo_read_n+0x44>
10003f68:	f8b6 a006 	ldrh.w	sl, [r6, #6]
10003f6c:	1b2b      	subs	r3, r5, r4
10003f6e:	6831      	ldr	r1, [r6, #0]
10003f70:	b29b      	uxth	r3, r3
10003f72:	f3ca 020e 	ubfx	r2, sl, #0, #15
10003f76:	429f      	cmp	r7, r3
10003f78:	4692      	mov	sl, r2
10003f7a:	fb02 1104 	mla	r1, r2, r4, r1
10003f7e:	d923      	bls.n	10003fc8 <tu_fifo_read_n+0xac>
10003f80:	fb13 f302 	smulbb	r3, r3, r2
10003f84:	fa1f f983 	uxth.w	r9, r3
10003f88:	464a      	mov	r2, r9
10003f8a:	4640      	mov	r0, r8
10003f8c:	1b7d      	subs	r5, r7, r5
10003f8e:	f000 f9b9 	bl	10004304 <memcpy>
10003f92:	1962      	adds	r2, r4, r5
10003f94:	fb12 f20a 	smulbb	r2, r2, sl
10003f98:	6831      	ldr	r1, [r6, #0]
10003f9a:	eb08 0009 	add.w	r0, r8, r9
10003f9e:	b292      	uxth	r2, r2
10003fa0:	f000 f9b0 	bl	10004304 <memcpy>
10003fa4:	8972      	ldrh	r2, [r6, #10]
10003fa6:	88b5      	ldrh	r5, [r6, #4]
10003fa8:	b292      	uxth	r2, r2
10003faa:	19d3      	adds	r3, r2, r7
10003fac:	b29b      	uxth	r3, r3
10003fae:	429a      	cmp	r2, r3
10003fb0:	d91a      	bls.n	10003fe8 <tu_fifo_read_n+0xcc>
10003fb2:	006a      	lsls	r2, r5, #1
10003fb4:	1a9b      	subs	r3, r3, r2
10003fb6:	b29b      	uxth	r3, r3
10003fb8:	6930      	ldr	r0, [r6, #16]
10003fba:	8173      	strh	r3, [r6, #10]
10003fbc:	b108      	cbz	r0, 10003fc2 <tu_fifo_read_n+0xa6>
10003fbe:	f000 fa4f 	bl	10004460 <__mutex_exit_veneer>
10003fc2:	4638      	mov	r0, r7
10003fc4:	e8bd 87f0 	ldmia.w	sp!, {r4, r5, r6, r7, r8, r9, sl, pc}
10003fc8:	4640      	mov	r0, r8
10003fca:	fb07 f202 	mul.w	r2, r7, r2
10003fce:	f000 f999 	bl	10004304 <memcpy>
10003fd2:	e7e7      	b.n	10003fa4 <tu_fifo_read_n+0x88>
10003fd4:	42ab      	cmp	r3, r5
10003fd6:	bf2c      	ite	cs
10003fd8:	1b5b      	subcs	r3, r3, r5
10003fda:	195b      	addcc	r3, r3, r5
10003fdc:	b29c      	uxth	r4, r3
10003fde:	462f      	mov	r7, r5
10003fe0:	8174      	strh	r4, [r6, #10]
10003fe2:	e7b6      	b.n	10003f52 <tu_fifo_read_n+0x36>
10003fe4:	8973      	ldrh	r3, [r6, #10]
10003fe6:	b29b      	uxth	r3, r3
10003fe8:	ebb3 0f45 	cmp.w	r3, r5, lsl #1
10003fec:	ea4f 0245 	mov.w	r2, r5, lsl #1
10003ff0:	dbe2      	blt.n	10003fb8 <tu_fifo_read_n+0x9c>
10003ff2:	e7df      	b.n	10003fb4 <tu_fifo_read_n+0x98>

10003ff4 <tu_fifo_write>:
10003ff4:	b5f8      	push	{r3, r4, r5, r6, r7, lr}
10003ff6:	4604      	mov	r4, r0
10003ff8:	68c0      	ldr	r0, [r0, #12]
10003ffa:	460e      	mov	r6, r1
10003ffc:	b118      	cbz	r0, 10004006 <tu_fifo_write+0x12>
10003ffe:	f04f 31ff 	mov.w	r1, #4294967295	@ 0xffffffff
10004002:	f000 fa25 	bl	10004450 <__mutex_enter_timeout_ms_veneer>
10004006:	8925      	ldrh	r5, [r4, #8]
10004008:	8923      	ldrh	r3, [r4, #8]
1000400a:	8961      	ldrh	r1, [r4, #10]
1000400c:	b29b      	uxth	r3, r3
1000400e:	b289      	uxth	r1, r1
10004010:	88a2      	ldrh	r2, [r4, #4]
10004012:	428b      	cmp	r3, r1
10004014:	bf36      	itet	cc
10004016:	ebc1 0142 	rsbcc	r1, r1, r2, lsl #1
1000401a:	1a5b      	subcs	r3, r3, r1
1000401c:	185b      	addcc	r3, r3, r1
1000401e:	b29b      	uxth	r3, r3
10004020:	429a      	cmp	r2, r3
10004022:	b2ad      	uxth	r5, r5
10004024:	d808      	bhi.n	10004038 <tu_fifo_write+0x44>
10004026:	79e7      	ldrb	r7, [r4, #7]
10004028:	09ff      	lsrs	r7, r7, #7
1000402a:	d105      	bne.n	10004038 <tu_fifo_write+0x44>
1000402c:	68e0      	ldr	r0, [r4, #12]
1000402e:	b108      	cbz	r0, 10004034 <tu_fifo_write+0x40>
10004030:	f000 fa16 	bl	10004460 <__mutex_exit_veneer>
10004034:	4638      	mov	r0, r7
10004036:	bdf8      	pop	{r3, r4, r5, r6, r7, pc}
10004038:	4295      	cmp	r5, r2
1000403a:	bf28      	it	cs
1000403c:	462b      	movcs	r3, r5
1000403e:	d318      	bcc.n	10004072 <tu_fifo_write+0x7e>
10004040:	1a9b      	subs	r3, r3, r2
10004042:	b29b      	uxth	r3, r3
10004044:	4293      	cmp	r3, r2
10004046:	d2fb      	bcs.n	10004040 <tu_fifo_write+0x4c>
10004048:	88e2      	ldrh	r2, [r4, #6]
1000404a:	6820      	ldr	r0, [r4, #0]
1000404c:	f3c2 020e 	ubfx	r2, r2, #0, #15
10004050:	fb02 0003 	mla	r0, r2, r3, r0
10004054:	4631      	mov	r1, r6
10004056:	f000 f955 	bl	10004304 <memcpy>
1000405a:	1c6b      	adds	r3, r5, #1
1000405c:	b29b      	uxth	r3, r3
1000405e:	429d      	cmp	r5, r3
10004060:	88a2      	ldrh	r2, [r4, #4]
10004062:	d912      	bls.n	1000408a <tu_fifo_write+0x96>
10004064:	2300      	movs	r3, #0
10004066:	0051      	lsls	r1, r2, #1
10004068:	1a5b      	subs	r3, r3, r1
1000406a:	b29b      	uxth	r3, r3
1000406c:	2701      	movs	r7, #1
1000406e:	8123      	strh	r3, [r4, #8]
10004070:	e7dc      	b.n	1000402c <tu_fifo_write+0x38>
10004072:	88e2      	ldrh	r2, [r4, #6]
10004074:	6820      	ldr	r0, [r4, #0]
10004076:	f3c2 020e 	ubfx	r2, r2, #0, #15
1000407a:	fb05 0002 	mla	r0, r5, r2, r0
1000407e:	4631      	mov	r1, r6
10004080:	f000 f940 	bl	10004304 <memcpy>
10004084:	3501      	adds	r5, #1
10004086:	88a2      	ldrh	r2, [r4, #4]
10004088:	b2ab      	uxth	r3, r5
1000408a:	ebb3 0f42 	cmp.w	r3, r2, lsl #1
1000408e:	ea4f 0142 	mov.w	r1, r2, lsl #1
10004092:	dbeb      	blt.n	1000406c <tu_fifo_write+0x78>
10004094:	e7e8      	b.n	10004068 <tu_fifo_write+0x74>
10004096:	bf00      	nop

10004098 <tu_fifo_write_n>:
10004098:	e92d 4ff0 	stmdb	sp!, {r4, r5, r6, r7, r8, r9, sl, fp, lr}
1000409c:	4617      	mov	r7, r2
1000409e:	b083      	sub	sp, #12
100040a0:	2a00      	cmp	r2, #0
100040a2:	d075      	beq.n	10004190 <tu_fifo_write_n+0xf8>
100040a4:	4606      	mov	r6, r0
100040a6:	68c0      	ldr	r0, [r0, #12]
100040a8:	4689      	mov	r9, r1
100040aa:	b118      	cbz	r0, 100040b4 <tu_fifo_write_n+0x1c>
100040ac:	f04f 31ff 	mov.w	r1, #4294967295	@ 0xffffffff
100040b0:	f000 f9ce 	bl	10004450 <__mutex_enter_timeout_ms_veneer>
100040b4:	79f3      	ldrb	r3, [r6, #7]
100040b6:	f8b6 8008 	ldrh.w	r8, [r6, #8]
100040ba:	8972      	ldrh	r2, [r6, #10]
100040bc:	09db      	lsrs	r3, r3, #7
100040be:	88b5      	ldrh	r5, [r6, #4]
100040c0:	fa1f f888 	uxth.w	r8, r8
100040c4:	b292      	uxth	r2, r2
100040c6:	d13c      	bne.n	10004142 <tu_fifo_write_n+0xaa>
100040c8:	4590      	cmp	r8, r2
100040ca:	bf36      	itet	cc
100040cc:	ebc2 0245 	rsbcc	r2, r2, r5, lsl #1
100040d0:	eba8 0202 	subcs.w	r2, r8, r2
100040d4:	4442      	addcc	r2, r8
100040d6:	b292      	uxth	r2, r2
100040d8:	42aa      	cmp	r2, r5
100040da:	d25e      	bcs.n	1000419a <tu_fifo_write_n+0x102>
100040dc:	1aaa      	subs	r2, r5, r2
100040de:	b292      	uxth	r2, r2
100040e0:	42ba      	cmp	r2, r7
100040e2:	bf28      	it	cs
100040e4:	463a      	movcs	r2, r7
100040e6:	f8b6 b006 	ldrh.w	fp, [r6, #6]
100040ea:	b297      	uxth	r7, r2
100040ec:	1b7b      	subs	r3, r7, r5
100040ee:	eb08 0a07 	add.w	sl, r8, r7
100040f2:	f3cb 0b0e 	ubfx	fp, fp, #0, #15
100040f6:	b29b      	uxth	r3, r3
100040f8:	fa1f fa8a 	uxth.w	sl, sl
100040fc:	45a8      	cmp	r8, r5
100040fe:	4644      	mov	r4, r8
10004100:	d303      	bcc.n	1000410a <tu_fifo_write_n+0x72>
10004102:	1b64      	subs	r4, r4, r5
10004104:	b2a4      	uxth	r4, r4
10004106:	42ac      	cmp	r4, r5
10004108:	d2fb      	bcs.n	10004102 <tu_fifo_write_n+0x6a>
1000410a:	1b2d      	subs	r5, r5, r4
1000410c:	6830      	ldr	r0, [r6, #0]
1000410e:	b2ad      	uxth	r5, r5
10004110:	42bd      	cmp	r5, r7
10004112:	fb0b 0004 	mla	r0, fp, r4, r0
10004116:	d357      	bcc.n	100041c8 <tu_fifo_write_n+0x130>
10004118:	4649      	mov	r1, r9
1000411a:	fb0b f207 	mul.w	r2, fp, r7
1000411e:	f000 f8f1 	bl	10004304 <memcpy>
10004122:	88b2      	ldrh	r2, [r6, #4]
10004124:	45d0      	cmp	r8, sl
10004126:	ea4f 0342 	mov.w	r3, r2, lsl #1
1000412a:	d802      	bhi.n	10004132 <tu_fifo_write_n+0x9a>
1000412c:	ebba 0f42 	cmp.w	sl, r2, lsl #1
10004130:	db03      	blt.n	1000413a <tu_fifo_write_n+0xa2>
10004132:	ebaa 0303 	sub.w	r3, sl, r3
10004136:	fa1f fa83 	uxth.w	sl, r3
1000413a:	463d      	mov	r5, r7
1000413c:	f8a6 a008 	strh.w	sl, [r6, #8]
10004140:	e02c      	b.n	1000419c <tu_fifo_write_n+0x104>
10004142:	f8b6 b006 	ldrh.w	fp, [r6, #6]
10004146:	42af      	cmp	r7, r5
10004148:	f3cb 0b0e 	ubfx	fp, fp, #0, #15
1000414c:	d22f      	bcs.n	100041ae <tu_fifo_write_n+0x116>
1000414e:	4590      	cmp	r8, r2
10004150:	bf36      	itet	cc
10004152:	ebc2 0145 	rsbcc	r1, r2, r5, lsl #1
10004156:	eba8 0102 	subcs.w	r1, r8, r2
1000415a:	4441      	addcc	r1, r8
1000415c:	b289      	uxth	r1, r1
1000415e:	0068      	lsls	r0, r5, #1
10004160:	4439      	add	r1, r7
10004162:	1b7b      	subs	r3, r7, r5
10004164:	4281      	cmp	r1, r0
10004166:	b29b      	uxth	r3, r3
10004168:	db0d      	blt.n	10004186 <tu_fifo_write_n+0xee>
1000416a:	eb02 0a05 	add.w	sl, r2, r5
1000416e:	fa1f fa8a 	uxth.w	sl, sl
10004172:	ebaa 0807 	sub.w	r8, sl, r7
10004176:	fa1f f888 	uxth.w	r8, r8
1000417a:	4542      	cmp	r2, r8
1000417c:	d937      	bls.n	100041ee <tu_fifo_write_n+0x156>
1000417e:	eba8 0000 	sub.w	r0, r8, r0
10004182:	fa1f f880 	uxth.w	r8, r0
10004186:	eb07 0a08 	add.w	sl, r7, r8
1000418a:	fa1f fa8a 	uxth.w	sl, sl
1000418e:	e7b5      	b.n	100040fc <tu_fifo_write_n+0x64>
10004190:	4615      	mov	r5, r2
10004192:	4628      	mov	r0, r5
10004194:	b003      	add	sp, #12
10004196:	e8bd 8ff0 	ldmia.w	sp!, {r4, r5, r6, r7, r8, r9, sl, fp, pc}
1000419a:	2500      	movs	r5, #0
1000419c:	68f0      	ldr	r0, [r6, #12]
1000419e:	2800      	cmp	r0, #0
100041a0:	d0f7      	beq.n	10004192 <tu_fifo_write_n+0xfa>
100041a2:	f000 f95d 	bl	10004460 <__mutex_exit_veneer>
100041a6:	4628      	mov	r0, r5
100041a8:	b003      	add	sp, #12
100041aa:	e8bd 8ff0 	ldmia.w	sp!, {r4, r5, r6, r7, r8, r9, sl, fp, pc}
100041ae:	2d00      	cmp	r5, #0
100041b0:	d0f4      	beq.n	1000419c <tu_fifo_write_n+0x104>
100041b2:	1b7f      	subs	r7, r7, r5
100041b4:	eb02 0a05 	add.w	sl, r2, r5
100041b8:	fb0b 9907 	mla	r9, fp, r7, r9
100041bc:	4690      	mov	r8, r2
100041be:	462f      	mov	r7, r5
100041c0:	2300      	movs	r3, #0
100041c2:	fa1f fa8a 	uxth.w	sl, sl
100041c6:	e799      	b.n	100040fc <tu_fifo_write_n+0x64>
100041c8:	fb15 f50b 	smulbb	r5, r5, fp
100041cc:	b2ad      	uxth	r5, r5
100041ce:	462a      	mov	r2, r5
100041d0:	4649      	mov	r1, r9
100041d2:	9301      	str	r3, [sp, #4]
100041d4:	f000 f896 	bl	10004304 <memcpy>
100041d8:	9b01      	ldr	r3, [sp, #4]
100041da:	6830      	ldr	r0, [r6, #0]
100041dc:	18e2      	adds	r2, r4, r3
100041de:	fb12 f20b 	smulbb	r2, r2, fp
100041e2:	eb09 0105 	add.w	r1, r9, r5
100041e6:	b292      	uxth	r2, r2
100041e8:	f000 f88c 	bl	10004304 <memcpy>
100041ec:	e799      	b.n	10004122 <tu_fifo_write_n+0x8a>
100041ee:	4540      	cmp	r0, r8
100041f0:	dc84      	bgt.n	100040fc <tu_fifo_write_n+0x64>
100041f2:	e7c4      	b.n	1000417e <tu_fifo_write_n+0xe6>

100041f4 <tu_fifo_clear>:
100041f4:	b510      	push	{r4, lr}
100041f6:	4604      	mov	r4, r0
100041f8:	68c0      	ldr	r0, [r0, #12]
100041fa:	b118      	cbz	r0, 10004204 <tu_fifo_clear+0x10>
100041fc:	f04f 31ff 	mov.w	r1, #4294967295	@ 0xffffffff
10004200:	f000 f926 	bl	10004450 <__mutex_enter_timeout_ms_veneer>
10004204:	6920      	ldr	r0, [r4, #16]
10004206:	b118      	cbz	r0, 10004210 <tu_fifo_clear+0x1c>
10004208:	f04f 31ff 	mov.w	r1, #4294967295	@ 0xffffffff
1000420c:	f000 f920 	bl	10004450 <__mutex_enter_timeout_ms_veneer>
10004210:	2300      	movs	r3, #0
10004212:	68e0      	ldr	r0, [r4, #12]
10004214:	8163      	strh	r3, [r4, #10]
10004216:	8123      	strh	r3, [r4, #8]
10004218:	b108      	cbz	r0, 1000421e <tu_fifo_clear+0x2a>
1000421a:	f000 f921 	bl	10004460 <__mutex_exit_veneer>
1000421e:	6920      	ldr	r0, [r4, #16]
10004220:	b108      	cbz	r0, 10004226 <tu_fifo_clear+0x32>
10004222:	f000 f91d 	bl	10004460 <__mutex_exit_veneer>
10004226:	2001      	movs	r0, #1
10004228:	bd10      	pop	{r4, pc}
1000422a:	bf00      	nop

1000422c <tu_fifo_set_overwritable>:
1000422c:	b538      	push	{r3, r4, r5, lr}
1000422e:	4604      	mov	r4, r0
10004230:	68c0      	ldr	r0, [r0, #12]
10004232:	460d      	mov	r5, r1
10004234:	b118      	cbz	r0, 1000423e <tu_fifo_set_overwritable+0x12>
10004236:	f04f 31ff 	mov.w	r1, #4294967295	@ 0xffffffff
1000423a:	f000 f909 	bl	10004450 <__mutex_enter_timeout_ms_veneer>
1000423e:	6920      	ldr	r0, [r4, #16]
10004240:	b118      	cbz	r0, 1000424a <tu_fifo_set_overwritable+0x1e>
10004242:	f04f 31ff 	mov.w	r1, #4294967295	@ 0xffffffff
10004246:	f000 f903 	bl	10004450 <__mutex_enter_timeout_ms_veneer>
1000424a:	79e3      	ldrb	r3, [r4, #7]
1000424c:	68e0      	ldr	r0, [r4, #12]
1000424e:	f365 13c7 	bfi	r3, r5, #7, #1
10004252:	71e3      	strb	r3, [r4, #7]
10004254:	b108      	cbz	r0, 1000425a <tu_fifo_set_overwritable+0x2e>
10004256:	f000 f903 	bl	10004460 <__mutex_exit_veneer>
1000425a:	6920      	ldr	r0, [r4, #16]
1000425c:	b108      	cbz	r0, 10004262 <tu_fifo_set_overwritable+0x36>
1000425e:	f000 f8ff 	bl	10004460 <__mutex_exit_veneer>
10004262:	2001      	movs	r0, #1
10004264:	bd38      	pop	{r3, r4, r5, pc}
10004266:	bf00      	nop

10004268 <memset>:
10004268:	0783      	lsls	r3, r0, #30
1000426a:	b530      	push	{r4, r5, lr}
1000426c:	d046      	beq.n	100042fc <memset+0x94>
1000426e:	1884      	adds	r4, r0, r2
10004270:	4684      	mov	ip, r0
10004272:	e004      	b.n	1000427e <memset+0x16>
10004274:	f803 1b01 	strb.w	r1, [r3], #1
10004278:	079d      	lsls	r5, r3, #30
1000427a:	d004      	beq.n	10004286 <memset+0x1e>
1000427c:	469c      	mov	ip, r3
1000427e:	45a4      	cmp	ip, r4
10004280:	4663      	mov	r3, ip
10004282:	d1f7      	bne.n	10004274 <memset+0xc>
10004284:	bd30      	pop	{r4, r5, pc}
10004286:	3a01      	subs	r2, #1
10004288:	4402      	add	r2, r0
1000428a:	eba2 020c 	sub.w	r2, r2, ip
1000428e:	2a03      	cmp	r2, #3
10004290:	d929      	bls.n	100042e6 <memset+0x7e>
10004292:	b2cc      	uxtb	r4, r1
10004294:	2a0f      	cmp	r2, #15
10004296:	eb04 2404 	add.w	r4, r4, r4, lsl #8
1000429a:	eb04 4404 	add.w	r4, r4, r4, lsl #16
1000429e:	d92f      	bls.n	10004300 <memset+0x98>
100042a0:	f1a2 0c10 	sub.w	ip, r2, #16
100042a4:	f103 0510 	add.w	r5, r3, #16
100042a8:	f02c 0c0f 	bic.w	ip, ip, #15
100042ac:	44ac      	add	ip, r5
100042ae:	e9c3 4400 	strd	r4, r4, [r3]
100042b2:	e9c3 4402 	strd	r4, r4, [r3, #8]
100042b6:	3310      	adds	r3, #16
100042b8:	4563      	cmp	r3, ip
100042ba:	d1f8      	bne.n	100042ae <memset+0x46>
100042bc:	f012 0f0c 	tst.w	r2, #12
100042c0:	f002 0e0f 	and.w	lr, r2, #15
100042c4:	d018      	beq.n	100042f8 <memset+0x90>
100042c6:	f02e 0c03 	bic.w	ip, lr, #3
100042ca:	f1ae 0504 	sub.w	r5, lr, #4
100042ce:	461a      	mov	r2, r3
100042d0:	449c      	add	ip, r3
100042d2:	f842 4b04 	str.w	r4, [r2], #4
100042d6:	4562      	cmp	r2, ip
100042d8:	d1fb      	bne.n	100042d2 <memset+0x6a>
100042da:	f025 0403 	bic.w	r4, r5, #3
100042de:	3304      	adds	r3, #4
100042e0:	f00e 0203 	and.w	r2, lr, #3
100042e4:	4423      	add	r3, r4
100042e6:	2a00      	cmp	r2, #0
100042e8:	d0cc      	beq.n	10004284 <memset+0x1c>
100042ea:	b2c9      	uxtb	r1, r1
100042ec:	441a      	add	r2, r3
100042ee:	f803 1b01 	strb.w	r1, [r3], #1
100042f2:	4293      	cmp	r3, r2
100042f4:	d1fb      	bne.n	100042ee <memset+0x86>
100042f6:	bd30      	pop	{r4, r5, pc}
100042f8:	4672      	mov	r2, lr
100042fa:	e7f4      	b.n	100042e6 <memset+0x7e>
100042fc:	4603      	mov	r3, r0
100042fe:	e7c6      	b.n	1000428e <memset+0x26>
10004300:	4696      	mov	lr, r2
10004302:	e7e0      	b.n	100042c6 <memset+0x5e>

10004304 <memcpy>:
10004304:	4684      	mov	ip, r0
10004306:	ea41 0300 	orr.w	r3, r1, r0
1000430a:	f013 0303 	ands.w	r3, r3, #3
1000430e:	d149      	bne.n	100043a4 <memcpy+0xa0>
10004310:	3a40      	subs	r2, #64	@ 0x40
10004312:	d323      	bcc.n	1000435c <memcpy+0x58>
10004314:	680b      	ldr	r3, [r1, #0]
10004316:	6003      	str	r3, [r0, #0]
10004318:	684b      	ldr	r3, [r1, #4]
1000431a:	6043      	str	r3, [r0, #4]
1000431c:	688b      	ldr	r3, [r1, #8]
1000431e:	6083      	str	r3, [r0, #8]
10004320:	68cb      	ldr	r3, [r1, #12]
10004322:	60c3      	str	r3, [r0, #12]
10004324:	690b      	ldr	r3, [r1, #16]
10004326:	6103      	str	r3, [r0, #16]
10004328:	694b      	ldr	r3, [r1, #20]
1000432a:	6143      	str	r3, [r0, #20]
1000432c:	698b      	ldr	r3, [r1, #24]
1000432e:	6183      	str	r3, [r0, #24]
10004330:	69cb      	ldr	r3, [r1, #28]
10004332:	61c3      	str	r3, [r0, #28]
10004334:	6a0b      	ldr	r3, [r1, #32]
10004336:	6203      	str	r3, [r0, #32]
10004338:	6a4b      	ldr	r3, [r1, #36]	@ 0x24
1000433a:	6243      	str	r3, [r0, #36]	@ 0x24
1000433c:	6a8b      	ldr	r3, [r1, #40]	@ 0x28
1000433e:	6283      	str	r3, [r0, #40]	@ 0x28
10004340:	6acb      	ldr	r3, [r1, #44]	@ 0x2c
10004342:	62c3      	str	r3, [r0, #44]	@ 0x2c
10004344:	6b0b      	ldr	r3, [r1, #48]	@ 0x30
10004346:	6303      	str	r3, [r0, #48]	@ 0x30
10004348:	6b4b      	ldr	r3, [r1, #52]	@ 0x34
1000434a:	6343      	str	r3, [r0, #52]	@ 0x34
1000434c:	6b8b      	ldr	r3, [r1, #56]	@ 0x38
1000434e:	6383      	str	r3, [r0, #56]	@ 0x38
10004350:	6bcb      	ldr	r3, [r1, #60]	@ 0x3c
10004352:	63c3      	str	r3, [r0, #60]	@ 0x3c
10004354:	3040      	adds	r0, #64	@ 0x40
10004356:	3140      	adds	r1, #64	@ 0x40
10004358:	3a40      	subs	r2, #64	@ 0x40
1000435a:	d2db      	bcs.n	10004314 <memcpy+0x10>
1000435c:	3230      	adds	r2, #48	@ 0x30
1000435e:	d30b      	bcc.n	10004378 <memcpy+0x74>
10004360:	680b      	ldr	r3, [r1, #0]
10004362:	6003      	str	r3, [r0, #0]
10004364:	684b      	ldr	r3, [r1, #4]
10004366:	6043      	str	r3, [r0, #4]
10004368:	688b      	ldr	r3, [r1, #8]
1000436a:	6083      	str	r3, [r0, #8]
1000436c:	68cb      	ldr	r3, [r1, #12]
1000436e:	60c3      	str	r3, [r0, #12]
10004370:	3010      	adds	r0, #16
10004372:	3110      	adds	r1, #16
10004374:	3a10      	subs	r2, #16
10004376:	d2f3      	bcs.n	10004360 <memcpy+0x5c>
10004378:	320c      	adds	r2, #12
1000437a:	d305      	bcc.n	10004388 <memcpy+0x84>
1000437c:	f851 3b04 	ldr.w	r3, [r1], #4
10004380:	f840 3b04 	str.w	r3, [r0], #4
10004384:	3a04      	subs	r2, #4
10004386:	d2f9      	bcs.n	1000437c <memcpy+0x78>
10004388:	3204      	adds	r2, #4
1000438a:	d008      	beq.n	1000439e <memcpy+0x9a>
1000438c:	07d2      	lsls	r2, r2, #31
1000438e:	bf1c      	itt	ne
10004390:	f811 3b01 	ldrbne.w	r3, [r1], #1
10004394:	f800 3b01 	strbne.w	r3, [r0], #1
10004398:	d301      	bcc.n	1000439e <memcpy+0x9a>
1000439a:	880b      	ldrh	r3, [r1, #0]
1000439c:	8003      	strh	r3, [r0, #0]
1000439e:	4660      	mov	r0, ip
100043a0:	4770      	bx	lr
100043a2:	bf00      	nop
100043a4:	2a08      	cmp	r2, #8
100043a6:	d313      	bcc.n	100043d0 <memcpy+0xcc>
100043a8:	078b      	lsls	r3, r1, #30
100043aa:	d0b1      	beq.n	10004310 <memcpy+0xc>
100043ac:	f010 0303 	ands.w	r3, r0, #3
100043b0:	d0ae      	beq.n	10004310 <memcpy+0xc>
100043b2:	f1c3 0304 	rsb	r3, r3, #4
100043b6:	1ad2      	subs	r2, r2, r3
100043b8:	07db      	lsls	r3, r3, #31
100043ba:	bf1c      	itt	ne
100043bc:	f811 3b01 	ldrbne.w	r3, [r1], #1
100043c0:	f800 3b01 	strbne.w	r3, [r0], #1
100043c4:	d3a4      	bcc.n	10004310 <memcpy+0xc>
100043c6:	f831 3b02 	ldrh.w	r3, [r1], #2
100043ca:	f820 3b02 	strh.w	r3, [r0], #2
100043ce:	e79f      	b.n	10004310 <memcpy+0xc>
100043d0:	3a04      	subs	r2, #4
100043d2:	d3d9      	bcc.n	10004388 <memcpy+0x84>
100043d4:	3a01      	subs	r2, #1
100043d6:	f811 3b01 	ldrb.w	r3, [r1], #1
100043da:	f800 3b01 	strb.w	r3, [r0], #1
100043de:	d2f9      	bcs.n	100043d4 <memcpy+0xd0>
100043e0:	780b      	ldrb	r3, [r1, #0]
100043e2:	7003      	strb	r3, [r0, #0]
100043e4:	784b      	ldrb	r3, [r1, #1]
100043e6:	7043      	strb	r3, [r0, #1]
100043e8:	788b      	ldrb	r3, [r1, #2]
100043ea:	7083      	strb	r3, [r0, #2]
100043ec:	4660      	mov	r0, ip
100043ee:	4770      	bx	lr

100043f0 <strlen>:
100043f0:	f020 0103 	bic.w	r1, r0, #3
100043f4:	f010 0003 	ands.w	r0, r0, #3
100043f8:	f1c0 0000 	rsb	r0, r0, #0
100043fc:	f851 3b04 	ldr.w	r3, [r1], #4
10004400:	f100 0c04 	add.w	ip, r0, #4
10004404:	ea4f 0ccc 	mov.w	ip, ip, lsl #3
10004408:	f06f 0200 	mvn.w	r2, #0
1000440c:	bf1c      	itt	ne
1000440e:	fa22 f20c 	lsrne.w	r2, r2, ip
10004412:	4313      	orrne	r3, r2
10004414:	f04f 0c01 	mov.w	ip, #1
10004418:	ea4c 2c0c 	orr.w	ip, ip, ip, lsl #8
1000441c:	ea4c 4c0c 	orr.w	ip, ip, ip, lsl #16
10004420:	eba3 020c 	sub.w	r2, r3, ip
10004424:	ea22 0203 	bic.w	r2, r2, r3
10004428:	ea12 12cc 	ands.w	r2, r2, ip, lsl #7
1000442c:	bf04      	itt	eq
1000442e:	f851 3b04 	ldreq.w	r3, [r1], #4
10004432:	3004      	addeq	r0, #4
10004434:	d0f4      	beq.n	10004420 <strlen+0x30>
10004436:	f1c2 0100 	rsb	r1, r2, #0
1000443a:	ea02 0201 	and.w	r2, r2, r1
1000443e:	fab2 f282 	clz	r2, r2
10004442:	f1c2 021f 	rsb	r2, r2, #31
10004446:	eb00 00d2 	add.w	r0, r0, r2, lsr #3
1000444a:	4770      	bx	lr

1000444c <_fini>:
1000444c:	b5f8      	push	{r3, r4, r5, r6, r7, lr}
1000444e:	bf00      	nop

10004450 <__mutex_enter_timeout_ms_veneer>:
10004450:	f85f f000 	ldr.w	pc, [pc]	@ 10004454 <__mutex_enter_timeout_ms_veneer+0x4>
10004454:	20000235 	.word	0x20000235

10004458 <__hw_endpoint_start_next_buffer_veneer>:
10004458:	f85f f000 	ldr.w	pc, [pc]	@ 1000445c <__hw_endpoint_start_next_buffer_veneer+0x4>
1000445c:	20000b0d 	.word	0x20000b0d

10004460 <__mutex_exit_veneer>:
10004460:	f85f f000 	ldr.w	pc, [pc]	@ 10004464 <__mutex_exit_veneer+0x4>
10004464:	2000026d 	.word	0x2000026d

10004468 <__e15_is_bulkin_ep_veneer>:
10004468:	f85f f000 	ldr.w	pc, [pc]	@ 1000446c <__e15_is_bulkin_ep_veneer+0x4>
1000446c:	20000a6d 	.word	0x20000a6d

10004470 <__reset_non_control_endpoints_veneer>:
10004470:	f85f f000 	ldr.w	pc, [pc]	@ 10004474 <__reset_non_control_endpoints_veneer+0x4>
10004474:	200002a9 	.word	0x200002a9

10004478 <___hw_endpoint_buffer_control_update32_veneer>:
10004478:	f85f f000 	ldr.w	pc, [pc]	@ 1000447c <___hw_endpoint_buffer_control_update32_veneer+0x4>
1000447c:	20000ac9 	.word	0x20000ac9

10004480 <__mutex_try_enter_block_until_veneer>:
10004480:	f85f f000 	ldr.w	pc, [pc]	@ 10004484 <__mutex_try_enter_block_until_veneer+0x4>
10004484:	200001cd 	.word	0x200001cd

10004488 <__e15_is_critical_frame_period_veneer>:
10004488:	f85f f000 	ldr.w	pc, [pc]	@ 1000448c <__e15_is_critical_frame_period_veneer+0x4>
1000448c:	20000a95 	.word	0x20000a95

10004490 <__mutex_try_enter_veneer>:
10004490:	f85f f000 	ldr.w	pc, [pc]	@ 10004494 <__mutex_try_enter_veneer+0x4>
10004494:	20000111 	.word	0x20000111

10004498 <__pre_init_runtime_init_bootrom_reset>:
10004498:	10001661                                a...

1000449c <__pre_init_runtime_init_early_resets>:
1000449c:	100015d5                                ....

100044a0 <__pre_init_runtime_init_usb_power_down>:
100044a0:	10001609                                ....

100044a4 <__pre_init_runtime_init_clocks>:
100044a4:	100016f5                                ....

100044a8 <__pre_init_runtime_init_post_clock_resets>:
100044a8:	10001641                                A...

100044ac <__pre_init_runtime_init_boot_locks_reset>:
100044ac:	10001559                                Y...

100044b0 <__pre_init_runtime_init_spin_locks_reset>:
100044b0:	10001689                                ....

100044b4 <__pre_init_runtime_init_bootrom_locking_enable>:
100044b4:	10001545                                E...

100044b8 <__pre_init_runtime_init_mutex>:
100044b8:	10000855                                U...

100044bc <__pre_init_runtime_init_install_ram_vector_table>:
100044bc:	1000168d                                ....

100044c0 <__pre_init_runtime_init_default_alarm_pool>:
100044c0:	10000c19                                ....

100044c4 <__pre_init_first_per_core_initializer>:
100044c4:	100015a5                                ....

100044c8 <__pre_init_runtime_init_per_core_bootrom_reset>:
100044c8:	10001675                                u...

100044cc <__pre_init_runtime_init_per_core_enable_coprocessors>:
100044cc:	10001625                                %...

100044d0 <__pre_init_spinlock_set_extexclall>:
100044d0:	10000431                                1...

100044d4 <__pre_init_runtime_init_per_core_irq_priorities>:
100044d4:	10000459                                Y...

100044d8 <__init_array_start>:
100044d8:	100020fd 	.word	0x100020fd

100044dc <__frame_dummy_init_array_entry>:
100044dc:	10000211                                ....

Disassembly of section .data:

20000110 <mutex_try_enter>:
20000110:	4603      	mov	r3, r0
20000112:	b500      	push	{lr}
20000114:	6802      	ldr	r2, [r0, #0]
20000116:	f3ef 8c10 	mrs	ip, PRIMASK
2000011a:	b672      	cpsid	i
2000011c:	e8d2 efcf 	ldaexb	lr, [r2]
20000120:	2001      	movs	r0, #1
20000122:	f1be 0f00 	cmp.w	lr, #0
20000126:	d1f9      	bne.n	2000011c <mutex_try_enter+0xc>
20000128:	e8c2 0f4e 	strexb	lr, r0, [r2]
2000012c:	f1be 0f00 	cmp.w	lr, #0
20000130:	d1f4      	bne.n	2000011c <mutex_try_enter+0xc>
20000132:	f3bf 8f5f 	dmb	sy
20000136:	f993 2004 	ldrsb.w	r2, [r3, #4]
2000013a:	2a00      	cmp	r2, #0
2000013c:	db0a      	blt.n	20000154 <mutex_try_enter+0x44>
2000013e:	b101      	cbz	r1, 20000142 <mutex_try_enter+0x32>
20000140:	600a      	str	r2, [r1, #0]
20000142:	2000      	movs	r0, #0
20000144:	2200      	movs	r2, #0
20000146:	681b      	ldr	r3, [r3, #0]
20000148:	e8c3 2f8f 	stlb	r2, [r3]
2000014c:	f38c 8810 	msr	PRIMASK, ip
20000150:	f85d fb04 	ldr.w	pc, [sp], #4
20000154:	f04f 4250 	mov.w	r2, #3489660928	@ 0xd0000000
20000158:	6812      	ldr	r2, [r2, #0]
2000015a:	2001      	movs	r0, #1
2000015c:	711a      	strb	r2, [r3, #4]
2000015e:	e7f1      	b.n	20000144 <mutex_try_enter+0x34>

20000160 <mutex_enter_block_until>:
20000160:	f04f 4150 	mov.w	r1, #3489660928	@ 0xd0000000
20000164:	e92d 41f0 	stmdb	sp!, {r4, r5, r6, r7, r8, lr}
20000168:	2700      	movs	r7, #0
2000016a:	4604      	mov	r4, r0
2000016c:	4616      	mov	r6, r2
2000016e:	461d      	mov	r5, r3
20000170:	f8d1 8000 	ldr.w	r8, [r1]
20000174:	e008      	b.n	20000188 <mutex_enter_block_until+0x28>
20000176:	e8c1 7f8f 	stlb	r7, [r1]
2000017a:	f38c 8810 	msr	PRIMASK, ip
2000017e:	4630      	mov	r0, r6
20000180:	4629      	mov	r1, r5
20000182:	f000 fe29 	bl	20000dd8 <__best_effort_wfe_or_timeout_veneer>
20000186:	b9e8      	cbnz	r0, 200001c4 <mutex_enter_block_until+0x64>
20000188:	6821      	ldr	r1, [r4, #0]
2000018a:	f3ef 8c10 	mrs	ip, PRIMASK
2000018e:	b672      	cpsid	i
20000190:	e8d1 2fcf 	ldaexb	r2, [r1]
20000194:	2301      	movs	r3, #1
20000196:	2a00      	cmp	r2, #0
20000198:	d1fa      	bne.n	20000190 <mutex_enter_block_until+0x30>
2000019a:	e8c1 3f42 	strexb	r2, r3, [r1]
2000019e:	2a00      	cmp	r2, #0
200001a0:	d1f6      	bne.n	20000190 <mutex_enter_block_until+0x30>
200001a2:	f3bf 8f5f 	dmb	sy
200001a6:	f994 3004 	ldrsb.w	r3, [r4, #4]
200001aa:	6821      	ldr	r1, [r4, #0]
200001ac:	2b00      	cmp	r3, #0
200001ae:	dae2      	bge.n	20000176 <mutex_enter_block_until+0x16>
200001b0:	2300      	movs	r3, #0
200001b2:	f884 8004 	strb.w	r8, [r4, #4]
200001b6:	e8c1 3f8f 	stlb	r3, [r1]
200001ba:	f38c 8810 	msr	PRIMASK, ip
200001be:	2001      	movs	r0, #1
200001c0:	e8bd 81f0 	ldmia.w	sp!, {r4, r5, r6, r7, r8, pc}
200001c4:	2000      	movs	r0, #0
200001c6:	e8bd 81f0 	ldmia.w	sp!, {r4, r5, r6, r7, r8, pc}
200001ca:	bf00      	nop

200001cc <mutex_try_enter_block_until>:
200001cc:	b530      	push	{r4, r5, lr}
200001ce:	6804      	ldr	r4, [r0, #0]
200001d0:	f3ef 8c10 	mrs	ip, PRIMASK
200001d4:	b672      	cpsid	i
200001d6:	e8d4 efcf 	ldaexb	lr, [r4]
200001da:	2501      	movs	r5, #1
200001dc:	f1be 0f00 	cmp.w	lr, #0
200001e0:	d1f9      	bne.n	200001d6 <mutex_try_enter_block_until+0xa>
200001e2:	e8c4 5f4e 	strexb	lr, r5, [r4]
200001e6:	f1be 0f00 	cmp.w	lr, #0
200001ea:	d1f4      	bne.n	200001d6 <mutex_try_enter_block_until+0xa>
200001ec:	f3bf 8f5f 	dmb	sy
200001f0:	f990 4004 	ldrsb.w	r4, [r0, #4]
200001f4:	6805      	ldr	r5, [r0, #0]
200001f6:	2c00      	cmp	r4, #0
200001f8:	db10      	blt.n	2000021c <mutex_try_enter_block_until+0x50>
200001fa:	2100      	movs	r1, #0
200001fc:	e8c5 1f8f 	stlb	r1, [r5]
20000200:	f38c 8810 	msr	PRIMASK, ip
20000204:	f04f 4550 	mov.w	r5, #3489660928	@ 0xd0000000
20000208:	f995 5000 	ldrsb.w	r5, [r5]
2000020c:	42a5      	cmp	r5, r4
2000020e:	d101      	bne.n	20000214 <mutex_try_enter_block_until+0x48>
20000210:	4608      	mov	r0, r1
20000212:	bd30      	pop	{r4, r5, pc}
20000214:	e8bd 4030 	ldmia.w	sp!, {r4, r5, lr}
20000218:	f7ff bfa2 	b.w	20000160 <mutex_enter_block_until>
2000021c:	f04f 4250 	mov.w	r2, #3489660928	@ 0xd0000000
20000220:	6812      	ldr	r2, [r2, #0]
20000222:	2300      	movs	r3, #0
20000224:	7102      	strb	r2, [r0, #4]
20000226:	e8c5 3f8f 	stlb	r3, [r5]
2000022a:	f38c 8810 	msr	PRIMASK, ip
2000022e:	2001      	movs	r0, #1
20000230:	bd30      	pop	{r4, r5, pc}
20000232:	bf00      	nop

20000234 <mutex_enter_timeout_ms>:
20000234:	b570      	push	{r4, r5, r6, lr}
20000236:	4605      	mov	r5, r0
20000238:	460c      	mov	r4, r1
2000023a:	f000 fdd5 	bl	20000de8 <__time_us_64_veneer>
2000023e:	4602      	mov	r2, r0
20000240:	460b      	mov	r3, r1
20000242:	f44f 707a 	mov.w	r0, #1000	@ 0x3e8
20000246:	f04f 3eff 	mov.w	lr, #4294967295	@ 0xffffffff
2000024a:	f06f 4c00 	mvn.w	ip, #2147483648	@ 0x80000000
2000024e:	fbe4 2300 	umlal	r2, r3, r4, r0
20000252:	4596      	cmp	lr, r2
20000254:	eb7c 0103 	sbcs.w	r1, ip, r3
20000258:	bf38      	it	cc
2000025a:	4672      	movcc	r2, lr
2000025c:	4628      	mov	r0, r5
2000025e:	e8bd 4070 	ldmia.w	sp!, {r4, r5, r6, lr}
20000262:	bf38      	it	cc
20000264:	4663      	movcc	r3, ip
20000266:	f7ff bf7b 	b.w	20000160 <mutex_enter_block_until>
2000026a:	bf00      	nop

2000026c <mutex_exit>:
2000026c:	6803      	ldr	r3, [r0, #0]
2000026e:	f3ef 8210 	mrs	r2, PRIMASK
20000272:	b672      	cpsid	i
20000274:	e8d3 cfcf 	ldaexb	ip, [r3]
20000278:	2101      	movs	r1, #1
2000027a:	f1bc 0f00 	cmp.w	ip, #0
2000027e:	d1f9      	bne.n	20000274 <mutex_exit+0x8>
20000280:	e8c3 1f4c 	strexb	ip, r1, [r3]
20000284:	f1bc 0f00 	cmp.w	ip, #0
20000288:	d1f4      	bne.n	20000274 <mutex_exit+0x8>
2000028a:	f3bf 8f5f 	dmb	sy
2000028e:	f04f 0cff 	mov.w	ip, #255	@ 0xff
20000292:	2300      	movs	r3, #0
20000294:	6801      	ldr	r1, [r0, #0]
20000296:	f880 c004 	strb.w	ip, [r0, #4]
2000029a:	e8c1 3f8f 	stlb	r3, [r1]
2000029e:	f382 8810 	msr	PRIMASK, r2
200002a2:	bf40      	sev
200002a4:	4770      	bx	lr
200002a6:	bf00      	nop

200002a8 <reset_non_control_endpoints>:
200002a8:	2100      	movs	r1, #0
200002aa:	b508      	push	{r3, lr}
200002ac:	4b13      	ldr	r3, [pc, #76]	@ (200002fc <reset_non_control_endpoints+0x54>)
200002ae:	f44f 7270 	mov.w	r2, #960	@ 0x3c0
200002b2:	6099      	str	r1, [r3, #8]
200002b4:	4812      	ldr	r0, [pc, #72]	@ (20000300 <reset_non_control_endpoints+0x58>)
200002b6:	60d9      	str	r1, [r3, #12]
200002b8:	6119      	str	r1, [r3, #16]
200002ba:	6159      	str	r1, [r3, #20]
200002bc:	6199      	str	r1, [r3, #24]
200002be:	61d9      	str	r1, [r3, #28]
200002c0:	6219      	str	r1, [r3, #32]
200002c2:	6259      	str	r1, [r3, #36]	@ 0x24
200002c4:	6299      	str	r1, [r3, #40]	@ 0x28
200002c6:	62d9      	str	r1, [r3, #44]	@ 0x2c
200002c8:	6319      	str	r1, [r3, #48]	@ 0x30
200002ca:	6359      	str	r1, [r3, #52]	@ 0x34
200002cc:	6399      	str	r1, [r3, #56]	@ 0x38
200002ce:	63d9      	str	r1, [r3, #60]	@ 0x3c
200002d0:	6419      	str	r1, [r3, #64]	@ 0x40
200002d2:	6459      	str	r1, [r3, #68]	@ 0x44
200002d4:	6499      	str	r1, [r3, #72]	@ 0x48
200002d6:	64d9      	str	r1, [r3, #76]	@ 0x4c
200002d8:	6519      	str	r1, [r3, #80]	@ 0x50
200002da:	6559      	str	r1, [r3, #84]	@ 0x54
200002dc:	6599      	str	r1, [r3, #88]	@ 0x58
200002de:	65d9      	str	r1, [r3, #92]	@ 0x5c
200002e0:	6619      	str	r1, [r3, #96]	@ 0x60
200002e2:	6659      	str	r1, [r3, #100]	@ 0x64
200002e4:	6699      	str	r1, [r3, #104]	@ 0x68
200002e6:	66d9      	str	r1, [r3, #108]	@ 0x6c
200002e8:	6719      	str	r1, [r3, #112]	@ 0x70
200002ea:	6759      	str	r1, [r3, #116]	@ 0x74
200002ec:	6799      	str	r1, [r3, #120]	@ 0x78
200002ee:	67d9      	str	r1, [r3, #124]	@ 0x7c
200002f0:	f000 fd82 	bl	20000df8 <__memset_veneer>
200002f4:	4b03      	ldr	r3, [pc, #12]	@ (20000304 <reset_non_control_endpoints+0x5c>)
200002f6:	4a04      	ldr	r2, [pc, #16]	@ (20000308 <reset_non_control_endpoints+0x60>)
200002f8:	601a      	str	r2, [r3, #0]
200002fa:	bd08      	pop	{r3, pc}
200002fc:	50100000 	.word	0x50100000
20000300:	20001694 	.word	0x20001694
20000304:	20001a5c 	.word	0x20001a5c
20000308:	50100180 	.word	0x50100180

2000030c <hw_handle_buff_status>:
2000030c:	e92d 4ff0 	stmdb	sp!, {r4, r5, r6, r7, r8, r9, sl, fp, lr}
20000310:	4b1f      	ldr	r3, [pc, #124]	@ (20000390 <hw_handle_buff_status+0x84>)
20000312:	b085      	sub	sp, #20
20000314:	f8d3 a058 	ldr.w	sl, [r3, #88]	@ 0x58
20000318:	f1ba 0f00 	cmp.w	sl, #0
2000031c:	d022      	beq.n	20000364 <hw_handle_buff_status+0x58>
2000031e:	2400      	movs	r4, #0
20000320:	2501      	movs	r5, #1
20000322:	f44f 69e0 	mov.w	r9, #1792	@ 0x700
20000326:	f8df 8070 	ldr.w	r8, [pc, #112]	@ 20000398 <hw_handle_buff_status+0x8c>
2000032a:	4f1a      	ldr	r7, [pc, #104]	@ (20000394 <hw_handle_buff_status+0x88>)
2000032c:	e001      	b.n	20000332 <hw_handle_buff_status+0x26>
2000032e:	2c20      	cmp	r4, #32
20000330:	d018      	beq.n	20000364 <hw_handle_buff_status+0x58>
20000332:	ea0a 0205 	and.w	r2, sl, r5
20000336:	1c61      	adds	r1, r4, #1
20000338:	4623      	mov	r3, r4
2000033a:	46ab      	mov	fp, r5
2000033c:	b2cc      	uxtb	r4, r1
2000033e:	006d      	lsls	r5, r5, #1
20000340:	2a00      	cmp	r2, #0
20000342:	d0f4      	beq.n	2000032e <hw_handle_buff_status+0x22>
20000344:	f004 0201 	and.w	r2, r4, #1
20000348:	f003 06fe 	and.w	r6, r3, #254	@ 0xfe
2000034c:	4416      	add	r6, r2
2000034e:	eb07 1646 	add.w	r6, r7, r6, lsl #5
20000352:	4630      	mov	r0, r6
20000354:	f8c8 b058 	str.w	fp, [r8, #88]	@ 0x58
20000358:	f000 fc0a 	bl	20000b70 <hw_endpoint_xfer_continue>
2000035c:	b928      	cbnz	r0, 2000036a <hw_handle_buff_status+0x5e>
2000035e:	ea3a 0a0b 	bics.w	sl, sl, fp
20000362:	d1e4      	bne.n	2000032e <hw_handle_buff_status+0x22>
20000364:	b005      	add	sp, #20
20000366:	e8bd 8ff0 	ldmia.w	sp!, {r4, r5, r6, r7, r8, r9, sl, fp, pc}
2000036a:	2300      	movs	r3, #0
2000036c:	f88d 3009 	strb.w	r3, [sp, #9]
20000370:	78b3      	ldrb	r3, [r6, #2]
20000372:	a801      	add	r0, sp, #4
20000374:	f88d 3008 	strb.w	r3, [sp, #8]
20000378:	8af3      	ldrh	r3, [r6, #22]
2000037a:	2101      	movs	r1, #1
2000037c:	f8ad 9004 	strh.w	r9, [sp, #4]
20000380:	9303      	str	r3, [sp, #12]
20000382:	f000 fc13 	bl	20000bac <dcd_event_handler>
20000386:	4630      	mov	r0, r6
20000388:	f000 fb98 	bl	20000abc <hw_endpoint_reset_transfer>
2000038c:	e7e7      	b.n	2000035e <hw_handle_buff_status+0x52>
2000038e:	bf00      	nop
20000390:	50110000 	.word	0x50110000
20000394:	20001654 	.word	0x20001654
20000398:	50113000 	.word	0x50113000

2000039c <dcd_rp2040_irq>:
2000039c:	b5f0      	push	{r4, r5, r6, r7, lr}
2000039e:	4bbb      	ldr	r3, [pc, #748]	@ (2000068c <dcd_rp2040_irq+0x2f0>)
200003a0:	b085      	sub	sp, #20
200003a2:	f8d3 5098 	ldr.w	r5, [r3, #152]	@ 0x98
200003a6:	f415 3600 	ands.w	r6, r5, #131072	@ 0x20000
200003aa:	d074      	beq.n	20000496 <dcd_rp2040_irq+0xfa>
200003ac:	4bb8      	ldr	r3, [pc, #736]	@ (20000690 <dcd_rp2040_irq+0x2f4>)
200003ae:	4cb9      	ldr	r4, [pc, #740]	@ (20000694 <dcd_rp2040_irq+0x2f8>)
200003b0:	6a99      	ldr	r1, [r3, #40]	@ 0x28
200003b2:	f894 303b 	ldrb.w	r3, [r4, #59]	@ 0x3b
200003b6:	4ab8      	ldr	r2, [pc, #736]	@ (20000698 <dcd_rp2040_irq+0x2fc>)
200003b8:	2b02      	cmp	r3, #2
200003ba:	6011      	str	r1, [r2, #0]
200003bc:	f000 80d4 	beq.w	20000568 <dcd_rp2040_irq+0x1cc>
200003c0:	2600      	movs	r6, #0
200003c2:	f894 307b 	ldrb.w	r3, [r4, #123]	@ 0x7b
200003c6:	2b02      	cmp	r3, #2
200003c8:	f000 813b 	beq.w	20000642 <dcd_rp2040_irq+0x2a6>
200003cc:	f894 30bb 	ldrb.w	r3, [r4, #187]	@ 0xbb
200003d0:	2b02      	cmp	r3, #2
200003d2:	f000 817d 	beq.w	200006d0 <dcd_rp2040_irq+0x334>
200003d6:	f894 30fb 	ldrb.w	r3, [r4, #251]	@ 0xfb
200003da:	2b02      	cmp	r3, #2
200003dc:	f000 816c 	beq.w	200006b8 <dcd_rp2040_irq+0x31c>
200003e0:	f894 313b 	ldrb.w	r3, [r4, #315]	@ 0x13b
200003e4:	2b02      	cmp	r3, #2
200003e6:	f000 8144 	beq.w	20000672 <dcd_rp2040_irq+0x2d6>
200003ea:	f894 317b 	ldrb.w	r3, [r4, #379]	@ 0x17b
200003ee:	2b02      	cmp	r3, #2
200003f0:	f000 8133 	beq.w	2000065a <dcd_rp2040_irq+0x2be>
200003f4:	f894 31bb 	ldrb.w	r3, [r4, #443]	@ 0x1bb
200003f8:	2b02      	cmp	r3, #2
200003fa:	f000 81b6 	beq.w	2000076a <dcd_rp2040_irq+0x3ce>
200003fe:	f894 31fb 	ldrb.w	r3, [r4, #507]	@ 0x1fb
20000402:	2b02      	cmp	r3, #2
20000404:	f000 81a6 	beq.w	20000754 <dcd_rp2040_irq+0x3b8>
20000408:	f894 323b 	ldrb.w	r3, [r4, #571]	@ 0x23b
2000040c:	2b02      	cmp	r3, #2
2000040e:	f000 8196 	beq.w	2000073e <dcd_rp2040_irq+0x3a2>
20000412:	f894 327b 	ldrb.w	r3, [r4, #635]	@ 0x27b
20000416:	2b02      	cmp	r3, #2
20000418:	f000 8186 	beq.w	20000728 <dcd_rp2040_irq+0x38c>
2000041c:	f894 32bb 	ldrb.w	r3, [r4, #699]	@ 0x2bb
20000420:	2b02      	cmp	r3, #2
20000422:	f000 8176 	beq.w	20000712 <dcd_rp2040_irq+0x376>
20000426:	f894 32fb 	ldrb.w	r3, [r4, #763]	@ 0x2fb
2000042a:	2b02      	cmp	r3, #2
2000042c:	f000 8166 	beq.w	200006fc <dcd_rp2040_irq+0x360>
20000430:	f894 333b 	ldrb.w	r3, [r4, #827]	@ 0x33b
20000434:	2b02      	cmp	r3, #2
20000436:	f000 8156 	beq.w	200006e6 <dcd_rp2040_irq+0x34a>
2000043a:	f894 337b 	ldrb.w	r3, [r4, #891]	@ 0x37b
2000043e:	2b02      	cmp	r3, #2
20000440:	f000 80a4 	beq.w	2000058c <dcd_rp2040_irq+0x1f0>
20000444:	f894 33bb 	ldrb.w	r3, [r4, #955]	@ 0x3bb
20000448:	2b02      	cmp	r3, #2
2000044a:	f000 8199 	beq.w	20000780 <dcd_rp2040_irq+0x3e4>
2000044e:	f894 33fb 	ldrb.w	r3, [r4, #1019]	@ 0x3fb
20000452:	2b02      	cmp	r3, #2
20000454:	f000 80b4 	beq.w	200005c0 <dcd_rp2040_irq+0x224>
20000458:	b93e      	cbnz	r6, 2000046a <dcd_rp2040_irq+0xce>
2000045a:	4b90      	ldr	r3, [pc, #576]	@ (2000069c <dcd_rp2040_irq+0x300>)
2000045c:	781b      	ldrb	r3, [r3, #0]
2000045e:	b923      	cbnz	r3, 2000046a <dcd_rp2040_irq+0xce>
20000460:	f44f 3200 	mov.w	r2, #131072	@ 0x20000
20000464:	4b8e      	ldr	r3, [pc, #568]	@ (200006a0 <dcd_rp2040_irq+0x304>)
20000466:	f8c3 2090 	str.w	r2, [r3, #144]	@ 0x90
2000046a:	f44f 7240 	mov.w	r2, #768	@ 0x300
2000046e:	4b87      	ldr	r3, [pc, #540]	@ (2000068c <dcd_rp2040_irq+0x2f0>)
20000470:	2101      	movs	r1, #1
20000472:	6c9b      	ldr	r3, [r3, #72]	@ 0x48
20000474:	a801      	add	r0, sp, #4
20000476:	f3c3 030a 	ubfx	r3, r3, #0, #11
2000047a:	f8ad 2004 	strh.w	r2, [sp, #4]
2000047e:	9302      	str	r3, [sp, #8]
20000480:	f000 fb94 	bl	20000bac <dcd_event_handler>
20000484:	06ea      	lsls	r2, r5, #27
20000486:	f44f 3600 	mov.w	r6, #131072	@ 0x20000
2000048a:	4c86      	ldr	r4, [pc, #536]	@ (200006a4 <dcd_rp2040_irq+0x308>)
2000048c:	d507      	bpl.n	2000049e <dcd_rp2040_irq+0x102>
2000048e:	f7ff ff3d 	bl	2000030c <hw_handle_buff_status>
20000492:	4626      	mov	r6, r4
20000494:	e003      	b.n	2000049e <dcd_rp2040_irq+0x102>
20000496:	06ea      	lsls	r2, r5, #27
20000498:	f04f 0410 	mov.w	r4, #16
2000049c:	d4f7      	bmi.n	2000048e <dcd_rp2040_irq+0xf2>
2000049e:	03eb      	lsls	r3, r5, #15
200004a0:	d522      	bpl.n	200004e8 <dcd_rp2040_irq+0x14c>
200004a2:	4c7c      	ldr	r4, [pc, #496]	@ (20000694 <dcd_rp2040_irq+0x2f8>)
200004a4:	f446 3680 	orr.w	r6, r6, #65536	@ 0x10000
200004a8:	7ea3      	ldrb	r3, [r4, #26]
200004aa:	2b00      	cmp	r3, #0
200004ac:	f040 8099 	bne.w	200005e2 <dcd_rp2040_irq+0x246>
200004b0:	2301      	movs	r3, #1
200004b2:	f894 203a 	ldrb.w	r2, [r4, #58]	@ 0x3a
200004b6:	70e3      	strb	r3, [r4, #3]
200004b8:	2a00      	cmp	r2, #0
200004ba:	f040 80ad 	bne.w	20000618 <dcd_rp2040_irq+0x27c>
200004be:	2301      	movs	r3, #1
200004c0:	f44f 61c0 	mov.w	r1, #1536	@ 0x600
200004c4:	4a78      	ldr	r2, [pc, #480]	@ (200006a8 <dcd_rp2040_irq+0x30c>)
200004c6:	f884 3023 	strb.w	r3, [r4, #35]	@ 0x23
200004ca:	f8ad 1004 	strh.w	r1, [sp, #4]
200004ce:	e892 0003 	ldmia.w	r2, {r0, r1}
200004d2:	aa04      	add	r2, sp, #16
200004d4:	e902 0003 	stmdb	r2, {r0, r1}
200004d8:	4619      	mov	r1, r3
200004da:	a801      	add	r0, sp, #4
200004dc:	f000 fb66 	bl	20000bac <dcd_event_handler>
200004e0:	f44f 3200 	mov.w	r2, #131072	@ 0x20000
200004e4:	4b6e      	ldr	r3, [pc, #440]	@ (200006a0 <dcd_rp2040_irq+0x304>)
200004e6:	651a      	str	r2, [r3, #80]	@ 0x50
200004e8:	04e9      	lsls	r1, r5, #19
200004ea:	d408      	bmi.n	200004fe <dcd_rp2040_irq+0x162>
200004ec:	046a      	lsls	r2, r5, #17
200004ee:	d41d      	bmi.n	2000052c <dcd_rp2040_irq+0x190>
200004f0:	042b      	lsls	r3, r5, #16
200004f2:	d42a      	bmi.n	2000054a <dcd_rp2040_irq+0x1ae>
200004f4:	42ae      	cmp	r6, r5
200004f6:	f040 81c5 	bne.w	20000884 <dcd_rp2040_irq+0x4e8>
200004fa:	b005      	add	sp, #20
200004fc:	bdf0      	pop	{r4, r5, r6, r7, pc}
200004fe:	2400      	movs	r4, #0
20000500:	4b62      	ldr	r3, [pc, #392]	@ (2000068c <dcd_rp2040_irq+0x2f0>)
20000502:	f446 5680 	orr.w	r6, r6, #4096	@ 0x1000
20000506:	601c      	str	r4, [r3, #0]
20000508:	f7ff fece 	bl	200002a8 <reset_non_control_endpoints>
2000050c:	f44f 7380 	mov.w	r3, #256	@ 0x100
20000510:	2101      	movs	r1, #1
20000512:	a801      	add	r0, sp, #4
20000514:	f8ad 3004 	strh.w	r3, [sp, #4]
20000518:	f88d 4008 	strb.w	r4, [sp, #8]
2000051c:	f000 fb46 	bl	20000bac <dcd_event_handler>
20000520:	f44f 2200 	mov.w	r2, #524288	@ 0x80000
20000524:	4b5e      	ldr	r3, [pc, #376]	@ (200006a0 <dcd_rp2040_irq+0x304>)
20000526:	651a      	str	r2, [r3, #80]	@ 0x50
20000528:	046a      	lsls	r2, r5, #17
2000052a:	d5e1      	bpl.n	200004f0 <dcd_rp2040_irq+0x154>
2000052c:	f44f 6380 	mov.w	r3, #1024	@ 0x400
20000530:	2101      	movs	r1, #1
20000532:	a801      	add	r0, sp, #4
20000534:	f8ad 3004 	strh.w	r3, [sp, #4]
20000538:	f000 fb38 	bl	20000bac <dcd_event_handler>
2000053c:	2210      	movs	r2, #16
2000053e:	4b58      	ldr	r3, [pc, #352]	@ (200006a0 <dcd_rp2040_irq+0x304>)
20000540:	f446 4680 	orr.w	r6, r6, #16384	@ 0x4000
20000544:	651a      	str	r2, [r3, #80]	@ 0x50
20000546:	042b      	lsls	r3, r5, #16
20000548:	d5d4      	bpl.n	200004f4 <dcd_rp2040_irq+0x158>
2000054a:	f44f 63a0 	mov.w	r3, #1280	@ 0x500
2000054e:	2101      	movs	r1, #1
20000550:	a801      	add	r0, sp, #4
20000552:	f8ad 3004 	strh.w	r3, [sp, #4]
20000556:	f000 fb29 	bl	20000bac <dcd_event_handler>
2000055a:	f44f 6200 	mov.w	r2, #2048	@ 0x800
2000055e:	4b50      	ldr	r3, [pc, #320]	@ (200006a0 <dcd_rp2040_irq+0x304>)
20000560:	f446 4600 	orr.w	r6, r6, #32768	@ 0x8000
20000564:	651a      	str	r2, [r3, #80]	@ 0x50
20000566:	e7c5      	b.n	200004f4 <dcd_rp2040_irq+0x158>
20000568:	f894 603a 	ldrb.w	r6, [r4, #58]	@ 0x3a
2000056c:	2e00      	cmp	r6, #0
2000056e:	f43f af28 	beq.w	200003c2 <dcd_rp2040_irq+0x26>
20000572:	f894 303c 	ldrb.w	r3, [r4, #60]	@ 0x3c
20000576:	2b00      	cmp	r3, #0
20000578:	f43f af23 	beq.w	200003c2 <dcd_rp2040_irq+0x26>
2000057c:	2300      	movs	r3, #0
2000057e:	f104 0020 	add.w	r0, r4, #32
20000582:	f884 303c 	strb.w	r3, [r4, #60]	@ 0x3c
20000586:	f000 fac1 	bl	20000b0c <hw_endpoint_start_next_buffer>
2000058a:	e71a      	b.n	200003c2 <dcd_rp2040_irq+0x26>
2000058c:	f894 737a 	ldrb.w	r7, [r4, #890]	@ 0x37a
20000590:	2f00      	cmp	r7, #0
20000592:	f43f af57 	beq.w	20000444 <dcd_rp2040_irq+0xa8>
20000596:	f894 337c 	ldrb.w	r3, [r4, #892]	@ 0x37c
2000059a:	2b00      	cmp	r3, #0
2000059c:	f040 8164 	bne.w	20000868 <dcd_rp2040_irq+0x4cc>
200005a0:	f894 33bb 	ldrb.w	r3, [r4, #955]	@ 0x3bb
200005a4:	2b02      	cmp	r3, #2
200005a6:	f040 80f4 	bne.w	20000792 <dcd_rp2040_irq+0x3f6>
200005aa:	f894 33ba 	ldrb.w	r3, [r4, #954]	@ 0x3ba
200005ae:	2b00      	cmp	r3, #0
200005b0:	f040 80eb 	bne.w	2000078a <dcd_rp2040_irq+0x3ee>
200005b4:	f894 33fb 	ldrb.w	r3, [r4, #1019]	@ 0x3fb
200005b8:	2b02      	cmp	r3, #2
200005ba:	f47f af56 	bne.w	2000046a <dcd_rp2040_irq+0xce>
200005be:	463e      	mov	r6, r7
200005c0:	f894 33fa 	ldrb.w	r3, [r4, #1018]	@ 0x3fa
200005c4:	2b00      	cmp	r3, #0
200005c6:	f43f af47 	beq.w	20000458 <dcd_rp2040_irq+0xbc>
200005ca:	f894 33fc 	ldrb.w	r3, [r4, #1020]	@ 0x3fc
200005ce:	2b00      	cmp	r3, #0
200005d0:	f43f af4b 	beq.w	2000046a <dcd_rp2040_irq+0xce>
200005d4:	2300      	movs	r3, #0
200005d6:	4835      	ldr	r0, [pc, #212]	@ (200006ac <dcd_rp2040_irq+0x310>)
200005d8:	f884 33fc 	strb.w	r3, [r4, #1020]	@ 0x3fc
200005dc:	f000 fa96 	bl	20000b0c <hw_endpoint_start_next_buffer>
200005e0:	e743      	b.n	2000046a <dcd_rp2040_irq+0xce>
200005e2:	2102      	movs	r1, #2
200005e4:	4b32      	ldr	r3, [pc, #200]	@ (200006b0 <dcd_rp2040_irq+0x314>)
200005e6:	4a29      	ldr	r2, [pc, #164]	@ (2000068c <dcd_rp2040_irq+0x2f0>)
200005e8:	6619      	str	r1, [r3, #96]	@ 0x60
200005ea:	6e53      	ldr	r3, [r2, #100]	@ 0x64
200005ec:	079f      	lsls	r7, r3, #30
200005ee:	d5fc      	bpl.n	200005ea <dcd_rp2040_irq+0x24e>
200005f0:	f44f 5240 	mov.w	r2, #12288	@ 0x3000
200005f4:	2100      	movs	r1, #0
200005f6:	4827      	ldr	r0, [pc, #156]	@ (20000694 <dcd_rp2040_irq+0x2f8>)
200005f8:	f000 fa66 	bl	20000ac8 <_hw_endpoint_buffer_control_update32>
200005fc:	4825      	ldr	r0, [pc, #148]	@ (20000694 <dcd_rp2040_irq+0x2f8>)
200005fe:	f000 fa5d 	bl	20000abc <hw_endpoint_reset_transfer>
20000602:	2202      	movs	r2, #2
20000604:	4b26      	ldr	r3, [pc, #152]	@ (200006a0 <dcd_rp2040_irq+0x304>)
20000606:	665a      	str	r2, [r3, #100]	@ 0x64
20000608:	661a      	str	r2, [r3, #96]	@ 0x60
2000060a:	2301      	movs	r3, #1
2000060c:	f894 203a 	ldrb.w	r2, [r4, #58]	@ 0x3a
20000610:	70e3      	strb	r3, [r4, #3]
20000612:	2a00      	cmp	r2, #0
20000614:	f43f af53 	beq.w	200004be <dcd_rp2040_irq+0x122>
20000618:	4a25      	ldr	r2, [pc, #148]	@ (200006b0 <dcd_rp2040_irq+0x314>)
2000061a:	6613      	str	r3, [r2, #96]	@ 0x60
2000061c:	f5a2 5200 	sub.w	r2, r2, #8192	@ 0x2000
20000620:	6e53      	ldr	r3, [r2, #100]	@ 0x64
20000622:	07d8      	lsls	r0, r3, #31
20000624:	d5fc      	bpl.n	20000620 <dcd_rp2040_irq+0x284>
20000626:	f44f 5240 	mov.w	r2, #12288	@ 0x3000
2000062a:	2100      	movs	r1, #0
2000062c:	4821      	ldr	r0, [pc, #132]	@ (200006b4 <dcd_rp2040_irq+0x318>)
2000062e:	f000 fa4b 	bl	20000ac8 <_hw_endpoint_buffer_control_update32>
20000632:	4820      	ldr	r0, [pc, #128]	@ (200006b4 <dcd_rp2040_irq+0x318>)
20000634:	f000 fa42 	bl	20000abc <hw_endpoint_reset_transfer>
20000638:	2201      	movs	r2, #1
2000063a:	4b19      	ldr	r3, [pc, #100]	@ (200006a0 <dcd_rp2040_irq+0x304>)
2000063c:	665a      	str	r2, [r3, #100]	@ 0x64
2000063e:	661a      	str	r2, [r3, #96]	@ 0x60
20000640:	e73d      	b.n	200004be <dcd_rp2040_irq+0x122>
20000642:	f894 707a 	ldrb.w	r7, [r4, #122]	@ 0x7a
20000646:	2f00      	cmp	r7, #0
20000648:	f43f aec0 	beq.w	200003cc <dcd_rp2040_irq+0x30>
2000064c:	f894 307c 	ldrb.w	r3, [r4, #124]	@ 0x7c
20000650:	2b00      	cmp	r3, #0
20000652:	f040 8101 	bne.w	20000858 <dcd_rp2040_irq+0x4bc>
20000656:	463e      	mov	r6, r7
20000658:	e6b8      	b.n	200003cc <dcd_rp2040_irq+0x30>
2000065a:	f894 717a 	ldrb.w	r7, [r4, #378]	@ 0x17a
2000065e:	2f00      	cmp	r7, #0
20000660:	f43f aec8 	beq.w	200003f4 <dcd_rp2040_irq+0x58>
20000664:	f894 317c 	ldrb.w	r3, [r4, #380]	@ 0x17c
20000668:	2b00      	cmp	r3, #0
2000066a:	f040 80ed 	bne.w	20000848 <dcd_rp2040_irq+0x4ac>
2000066e:	463e      	mov	r6, r7
20000670:	e6c0      	b.n	200003f4 <dcd_rp2040_irq+0x58>
20000672:	f894 713a 	ldrb.w	r7, [r4, #314]	@ 0x13a
20000676:	2f00      	cmp	r7, #0
20000678:	f43f aeb7 	beq.w	200003ea <dcd_rp2040_irq+0x4e>
2000067c:	f894 313c 	ldrb.w	r3, [r4, #316]	@ 0x13c
20000680:	2b00      	cmp	r3, #0
20000682:	f040 80d9 	bne.w	20000838 <dcd_rp2040_irq+0x49c>
20000686:	463e      	mov	r6, r7
20000688:	e6af      	b.n	200003ea <dcd_rp2040_irq+0x4e>
2000068a:	bf00      	nop
2000068c:	50110000 	.word	0x50110000
20000690:	400b0000 	.word	0x400b0000
20000694:	20001654 	.word	0x20001654
20000698:	2000164c 	.word	0x2000164c
2000069c:	20001aca 	.word	0x20001aca
200006a0:	50113000 	.word	0x50113000
200006a4:	00020010 	.word	0x00020010
200006a8:	50100000 	.word	0x50100000
200006ac:	20001a34 	.word	0x20001a34
200006b0:	50112000 	.word	0x50112000
200006b4:	20001674 	.word	0x20001674
200006b8:	f894 70fa 	ldrb.w	r7, [r4, #250]	@ 0xfa
200006bc:	2f00      	cmp	r7, #0
200006be:	f43f ae8f 	beq.w	200003e0 <dcd_rp2040_irq+0x44>
200006c2:	f894 30fc 	ldrb.w	r3, [r4, #252]	@ 0xfc
200006c6:	2b00      	cmp	r3, #0
200006c8:	f040 808e 	bne.w	200007e8 <dcd_rp2040_irq+0x44c>
200006cc:	463e      	mov	r6, r7
200006ce:	e687      	b.n	200003e0 <dcd_rp2040_irq+0x44>
200006d0:	f894 70ba 	ldrb.w	r7, [r4, #186]	@ 0xba
200006d4:	2f00      	cmp	r7, #0
200006d6:	f43f ae7e 	beq.w	200003d6 <dcd_rp2040_irq+0x3a>
200006da:	f894 30bc 	ldrb.w	r3, [r4, #188]	@ 0xbc
200006de:	2b00      	cmp	r3, #0
200006e0:	d17a      	bne.n	200007d8 <dcd_rp2040_irq+0x43c>
200006e2:	463e      	mov	r6, r7
200006e4:	e677      	b.n	200003d6 <dcd_rp2040_irq+0x3a>
200006e6:	f894 733a 	ldrb.w	r7, [r4, #826]	@ 0x33a
200006ea:	2f00      	cmp	r7, #0
200006ec:	f43f aea5 	beq.w	2000043a <dcd_rp2040_irq+0x9e>
200006f0:	f894 333c 	ldrb.w	r3, [r4, #828]	@ 0x33c
200006f4:	2b00      	cmp	r3, #0
200006f6:	d157      	bne.n	200007a8 <dcd_rp2040_irq+0x40c>
200006f8:	463e      	mov	r6, r7
200006fa:	e69e      	b.n	2000043a <dcd_rp2040_irq+0x9e>
200006fc:	f894 72fa 	ldrb.w	r7, [r4, #762]	@ 0x2fa
20000700:	2f00      	cmp	r7, #0
20000702:	f43f ae95 	beq.w	20000430 <dcd_rp2040_irq+0x94>
20000706:	f894 32fc 	ldrb.w	r3, [r4, #764]	@ 0x2fc
2000070a:	2b00      	cmp	r3, #0
2000070c:	d15c      	bne.n	200007c8 <dcd_rp2040_irq+0x42c>
2000070e:	463e      	mov	r6, r7
20000710:	e68e      	b.n	20000430 <dcd_rp2040_irq+0x94>
20000712:	f894 72ba 	ldrb.w	r7, [r4, #698]	@ 0x2ba
20000716:	2f00      	cmp	r7, #0
20000718:	f43f ae85 	beq.w	20000426 <dcd_rp2040_irq+0x8a>
2000071c:	f894 32bc 	ldrb.w	r3, [r4, #700]	@ 0x2bc
20000720:	2b00      	cmp	r3, #0
20000722:	d149      	bne.n	200007b8 <dcd_rp2040_irq+0x41c>
20000724:	463e      	mov	r6, r7
20000726:	e67e      	b.n	20000426 <dcd_rp2040_irq+0x8a>
20000728:	f894 727a 	ldrb.w	r7, [r4, #634]	@ 0x27a
2000072c:	2f00      	cmp	r7, #0
2000072e:	f43f ae75 	beq.w	2000041c <dcd_rp2040_irq+0x80>
20000732:	f894 327c 	ldrb.w	r3, [r4, #636]	@ 0x27c
20000736:	2b00      	cmp	r3, #0
20000738:	d176      	bne.n	20000828 <dcd_rp2040_irq+0x48c>
2000073a:	463e      	mov	r6, r7
2000073c:	e66e      	b.n	2000041c <dcd_rp2040_irq+0x80>
2000073e:	f894 723a 	ldrb.w	r7, [r4, #570]	@ 0x23a
20000742:	2f00      	cmp	r7, #0
20000744:	f43f ae65 	beq.w	20000412 <dcd_rp2040_irq+0x76>
20000748:	f894 323c 	ldrb.w	r3, [r4, #572]	@ 0x23c
2000074c:	2b00      	cmp	r3, #0
2000074e:	d163      	bne.n	20000818 <dcd_rp2040_irq+0x47c>
20000750:	463e      	mov	r6, r7
20000752:	e65e      	b.n	20000412 <dcd_rp2040_irq+0x76>
20000754:	f894 71fa 	ldrb.w	r7, [r4, #506]	@ 0x1fa
20000758:	2f00      	cmp	r7, #0
2000075a:	f43f ae55 	beq.w	20000408 <dcd_rp2040_irq+0x6c>
2000075e:	f894 31fc 	ldrb.w	r3, [r4, #508]	@ 0x1fc
20000762:	2b00      	cmp	r3, #0
20000764:	d150      	bne.n	20000808 <dcd_rp2040_irq+0x46c>
20000766:	463e      	mov	r6, r7
20000768:	e64e      	b.n	20000408 <dcd_rp2040_irq+0x6c>
2000076a:	f894 71ba 	ldrb.w	r7, [r4, #442]	@ 0x1ba
2000076e:	2f00      	cmp	r7, #0
20000770:	f43f ae45 	beq.w	200003fe <dcd_rp2040_irq+0x62>
20000774:	f894 31bc 	ldrb.w	r3, [r4, #444]	@ 0x1bc
20000778:	2b00      	cmp	r3, #0
2000077a:	d13d      	bne.n	200007f8 <dcd_rp2040_irq+0x45c>
2000077c:	463e      	mov	r6, r7
2000077e:	e63e      	b.n	200003fe <dcd_rp2040_irq+0x62>
20000780:	f894 33ba 	ldrb.w	r3, [r4, #954]	@ 0x3ba
20000784:	2b00      	cmp	r3, #0
20000786:	f43f ae62 	beq.w	2000044e <dcd_rp2040_irq+0xb2>
2000078a:	f894 33bc 	ldrb.w	r3, [r4, #956]	@ 0x3bc
2000078e:	2b00      	cmp	r3, #0
20000790:	d171      	bne.n	20000876 <dcd_rp2040_irq+0x4da>
20000792:	f894 33fb 	ldrb.w	r3, [r4, #1019]	@ 0x3fb
20000796:	2b02      	cmp	r3, #2
20000798:	f47f ae67 	bne.w	2000046a <dcd_rp2040_irq+0xce>
2000079c:	f894 33fa 	ldrb.w	r3, [r4, #1018]	@ 0x3fa
200007a0:	2b00      	cmp	r3, #0
200007a2:	f43f ae62 	beq.w	2000046a <dcd_rp2040_irq+0xce>
200007a6:	e710      	b.n	200005ca <dcd_rp2040_irq+0x22e>
200007a8:	2300      	movs	r3, #0
200007aa:	4839      	ldr	r0, [pc, #228]	@ (20000890 <dcd_rp2040_irq+0x4f4>)
200007ac:	f884 333c 	strb.w	r3, [r4, #828]	@ 0x33c
200007b0:	463e      	mov	r6, r7
200007b2:	f000 f9ab 	bl	20000b0c <hw_endpoint_start_next_buffer>
200007b6:	e640      	b.n	2000043a <dcd_rp2040_irq+0x9e>
200007b8:	2300      	movs	r3, #0
200007ba:	4836      	ldr	r0, [pc, #216]	@ (20000894 <dcd_rp2040_irq+0x4f8>)
200007bc:	f884 32bc 	strb.w	r3, [r4, #700]	@ 0x2bc
200007c0:	463e      	mov	r6, r7
200007c2:	f000 f9a3 	bl	20000b0c <hw_endpoint_start_next_buffer>
200007c6:	e62e      	b.n	20000426 <dcd_rp2040_irq+0x8a>
200007c8:	2300      	movs	r3, #0
200007ca:	4833      	ldr	r0, [pc, #204]	@ (20000898 <dcd_rp2040_irq+0x4fc>)
200007cc:	f884 32fc 	strb.w	r3, [r4, #764]	@ 0x2fc
200007d0:	463e      	mov	r6, r7
200007d2:	f000 f99b 	bl	20000b0c <hw_endpoint_start_next_buffer>
200007d6:	e62b      	b.n	20000430 <dcd_rp2040_irq+0x94>
200007d8:	2300      	movs	r3, #0
200007da:	4830      	ldr	r0, [pc, #192]	@ (2000089c <dcd_rp2040_irq+0x500>)
200007dc:	f884 30bc 	strb.w	r3, [r4, #188]	@ 0xbc
200007e0:	463e      	mov	r6, r7
200007e2:	f000 f993 	bl	20000b0c <hw_endpoint_start_next_buffer>
200007e6:	e5f6      	b.n	200003d6 <dcd_rp2040_irq+0x3a>
200007e8:	2300      	movs	r3, #0
200007ea:	482d      	ldr	r0, [pc, #180]	@ (200008a0 <dcd_rp2040_irq+0x504>)
200007ec:	f884 30fc 	strb.w	r3, [r4, #252]	@ 0xfc
200007f0:	463e      	mov	r6, r7
200007f2:	f000 f98b 	bl	20000b0c <hw_endpoint_start_next_buffer>
200007f6:	e5f3      	b.n	200003e0 <dcd_rp2040_irq+0x44>
200007f8:	2300      	movs	r3, #0
200007fa:	482a      	ldr	r0, [pc, #168]	@ (200008a4 <dcd_rp2040_irq+0x508>)
200007fc:	f884 31bc 	strb.w	r3, [r4, #444]	@ 0x1bc
20000800:	463e      	mov	r6, r7
20000802:	f000 f983 	bl	20000b0c <hw_endpoint_start_next_buffer>
20000806:	e5fa      	b.n	200003fe <dcd_rp2040_irq+0x62>
20000808:	2300      	movs	r3, #0
2000080a:	4827      	ldr	r0, [pc, #156]	@ (200008a8 <dcd_rp2040_irq+0x50c>)
2000080c:	f884 31fc 	strb.w	r3, [r4, #508]	@ 0x1fc
20000810:	463e      	mov	r6, r7
20000812:	f000 f97b 	bl	20000b0c <hw_endpoint_start_next_buffer>
20000816:	e5f7      	b.n	20000408 <dcd_rp2040_irq+0x6c>
20000818:	2300      	movs	r3, #0
2000081a:	4824      	ldr	r0, [pc, #144]	@ (200008ac <dcd_rp2040_irq+0x510>)
2000081c:	f884 323c 	strb.w	r3, [r4, #572]	@ 0x23c
20000820:	463e      	mov	r6, r7
20000822:	f000 f973 	bl	20000b0c <hw_endpoint_start_next_buffer>
20000826:	e5f4      	b.n	20000412 <dcd_rp2040_irq+0x76>
20000828:	2300      	movs	r3, #0
2000082a:	4821      	ldr	r0, [pc, #132]	@ (200008b0 <dcd_rp2040_irq+0x514>)
2000082c:	f884 327c 	strb.w	r3, [r4, #636]	@ 0x27c
20000830:	463e      	mov	r6, r7
20000832:	f000 f96b 	bl	20000b0c <hw_endpoint_start_next_buffer>
20000836:	e5f1      	b.n	2000041c <dcd_rp2040_irq+0x80>
20000838:	2300      	movs	r3, #0
2000083a:	481e      	ldr	r0, [pc, #120]	@ (200008b4 <dcd_rp2040_irq+0x518>)
2000083c:	f884 313c 	strb.w	r3, [r4, #316]	@ 0x13c
20000840:	463e      	mov	r6, r7
20000842:	f000 f963 	bl	20000b0c <hw_endpoint_start_next_buffer>
20000846:	e5d0      	b.n	200003ea <dcd_rp2040_irq+0x4e>
20000848:	2300      	movs	r3, #0
2000084a:	481b      	ldr	r0, [pc, #108]	@ (200008b8 <dcd_rp2040_irq+0x51c>)
2000084c:	f884 317c 	strb.w	r3, [r4, #380]	@ 0x17c
20000850:	463e      	mov	r6, r7
20000852:	f000 f95b 	bl	20000b0c <hw_endpoint_start_next_buffer>
20000856:	e5cd      	b.n	200003f4 <dcd_rp2040_irq+0x58>
20000858:	2300      	movs	r3, #0
2000085a:	4818      	ldr	r0, [pc, #96]	@ (200008bc <dcd_rp2040_irq+0x520>)
2000085c:	f884 307c 	strb.w	r3, [r4, #124]	@ 0x7c
20000860:	463e      	mov	r6, r7
20000862:	f000 f953 	bl	20000b0c <hw_endpoint_start_next_buffer>
20000866:	e5b1      	b.n	200003cc <dcd_rp2040_irq+0x30>
20000868:	2300      	movs	r3, #0
2000086a:	4815      	ldr	r0, [pc, #84]	@ (200008c0 <dcd_rp2040_irq+0x524>)
2000086c:	f884 337c 	strb.w	r3, [r4, #892]	@ 0x37c
20000870:	f000 f94c 	bl	20000b0c <hw_endpoint_start_next_buffer>
20000874:	e694      	b.n	200005a0 <dcd_rp2040_irq+0x204>
20000876:	2300      	movs	r3, #0
20000878:	4812      	ldr	r0, [pc, #72]	@ (200008c4 <dcd_rp2040_irq+0x528>)
2000087a:	f884 33bc 	strb.w	r3, [r4, #956]	@ 0x3bc
2000087e:	f000 f945 	bl	20000b0c <hw_endpoint_start_next_buffer>
20000882:	e786      	b.n	20000792 <dcd_rp2040_irq+0x3f6>
20000884:	4810      	ldr	r0, [pc, #64]	@ (200008c8 <dcd_rp2040_irq+0x52c>)
20000886:	ea86 0105 	eor.w	r1, r6, r5
2000088a:	f000 faa9 	bl	20000de0 <__panic_veneer>
2000088e:	bf00      	nop
20000890:	20001974 	.word	0x20001974
20000894:	200018f4 	.word	0x200018f4
20000898:	20001934 	.word	0x20001934
2000089c:	200016f4 	.word	0x200016f4
200008a0:	20001734 	.word	0x20001734
200008a4:	200017f4 	.word	0x200017f4
200008a8:	20001834 	.word	0x20001834
200008ac:	20001874 	.word	0x20001874
200008b0:	200018b4 	.word	0x200018b4
200008b4:	20001774 	.word	0x20001774
200008b8:	200017b4 	.word	0x200017b4
200008bc:	200016b4 	.word	0x200016b4
200008c0:	200019b4 	.word	0x200019b4
200008c4:	200019f4 	.word	0x200019f4
200008c8:	100045dc 	.word	0x100045dc

200008cc <prepare_ep_buffer>:
200008cc:	e92d 47f0 	stmdb	sp!, {r4, r5, r6, r7, r8, r9, sl, lr}
200008d0:	8a84      	ldrh	r4, [r0, #20]
200008d2:	8b05      	ldrh	r5, [r0, #24]
200008d4:	78c2      	ldrb	r2, [r0, #3]
200008d6:	42a5      	cmp	r5, r4
200008d8:	bf28      	it	cs
200008da:	4625      	movcs	r5, r4
200008dc:	1e17      	subs	r7, r2, #0
200008de:	bf18      	it	ne
200008e0:	2701      	movne	r7, #1
200008e2:	1b64      	subs	r4, r4, r5
200008e4:	7846      	ldrb	r6, [r0, #1]
200008e6:	f082 0201 	eor.w	r2, r2, #1
200008ea:	b2a4      	uxth	r4, r4
200008ec:	4603      	mov	r3, r0
200008ee:	70c2      	strb	r2, [r0, #3]
200008f0:	8284      	strh	r4, [r0, #20]
200008f2:	f445 6080 	orr.w	r0, r5, #1024	@ 0x400
200008f6:	ea40 3047 	orr.w	r0, r0, r7, lsl #13
200008fa:	bba6      	cbnz	r6, 20000966 <prepare_ep_buffer+0x9a>
200008fc:	e9d3 2603 	ldrd	r2, r6, [r3, #12]
20000900:	1e6f      	subs	r7, r5, #1
20000902:	eb02 1e81 	add.w	lr, r2, r1, lsl #6
20000906:	b355      	cbz	r5, 2000095e <prepare_ep_buffer+0x92>
20000908:	2f05      	cmp	r7, #5
2000090a:	bf98      	it	ls
2000090c:	1c72      	addls	r2, r6, #1
2000090e:	d931      	bls.n	20000974 <prepare_ep_buffer+0xa8>
20000910:	eb02 1c81 	add.w	ip, r2, r1, lsl #6
20000914:	1c72      	adds	r2, r6, #1
20000916:	ebac 0402 	sub.w	r4, ip, r2
2000091a:	2c02      	cmp	r4, #2
2000091c:	d92a      	bls.n	20000974 <prepare_ep_buffer+0xa8>
2000091e:	4632      	mov	r2, r6
20000920:	ea4f 0995 	mov.w	r9, r5, lsr #2
20000924:	ea4f 0a89 	mov.w	sl, r9, lsl #2
20000928:	eb06 0889 	add.w	r8, r6, r9, lsl #2
2000092c:	f852 4b04 	ldr.w	r4, [r2], #4
20000930:	4542      	cmp	r2, r8
20000932:	f84c 4b04 	str.w	r4, [ip], #4
20000936:	d1f9      	bne.n	2000092c <prepare_ep_buffer+0x60>
20000938:	4555      	cmp	r5, sl
2000093a:	eba7 070a 	sub.w	r7, r7, sl
2000093e:	eb0e 040a 	add.w	r4, lr, sl
20000942:	d00a      	beq.n	2000095a <prepare_ep_buffer+0x8e>
20000944:	f816 6029 	ldrb.w	r6, [r6, r9, lsl #2]
20000948:	f80e 6029 	strb.w	r6, [lr, r9, lsl #2]
2000094c:	b12f      	cbz	r7, 2000095a <prepare_ep_buffer+0x8e>
2000094e:	7856      	ldrb	r6, [r2, #1]
20000950:	2f01      	cmp	r7, #1
20000952:	7066      	strb	r6, [r4, #1]
20000954:	d001      	beq.n	2000095a <prepare_ep_buffer+0x8e>
20000956:	7892      	ldrb	r2, [r2, #2]
20000958:	70a2      	strb	r2, [r4, #2]
2000095a:	691e      	ldr	r6, [r3, #16]
2000095c:	8a9c      	ldrh	r4, [r3, #20]
2000095e:	442e      	add	r6, r5
20000960:	611e      	str	r6, [r3, #16]
20000962:	f440 4000 	orr.w	r0, r0, #32768	@ 0x8000
20000966:	b90c      	cbnz	r4, 2000096c <prepare_ep_buffer+0xa0>
20000968:	f440 4080 	orr.w	r0, r0, #16384	@ 0x4000
2000096c:	b101      	cbz	r1, 20000970 <prepare_ep_buffer+0xa4>
2000096e:	0400      	lsls	r0, r0, #16
20000970:	e8bd 87f0 	ldmia.w	sp!, {r4, r5, r6, r7, r8, r9, sl, pc}
20000974:	f10e 3eff 	add.w	lr, lr, #4294967295	@ 0xffffffff
20000978:	442e      	add	r6, r5
2000097a:	e000      	b.n	2000097e <prepare_ep_buffer+0xb2>
2000097c:	3201      	adds	r2, #1
2000097e:	f812 4c01 	ldrb.w	r4, [r2, #-1]
20000982:	42b2      	cmp	r2, r6
20000984:	f80e 4f01 	strb.w	r4, [lr, #1]!
20000988:	d1f8      	bne.n	2000097c <prepare_ep_buffer+0xb0>
2000098a:	e7e6      	b.n	2000095a <prepare_ep_buffer+0x8e>

2000098c <sync_ep_buffer>:
2000098c:	6883      	ldr	r3, [r0, #8]
2000098e:	4602      	mov	r2, r0
20000990:	6818      	ldr	r0, [r3, #0]
20000992:	b101      	cbz	r1, 20000996 <sync_ep_buffer+0xa>
20000994:	0c00      	lsrs	r0, r0, #16
20000996:	7853      	ldrb	r3, [r2, #1]
20000998:	f3c0 0009 	ubfx	r0, r0, #0, #10
2000099c:	2b00      	cmp	r3, #0
2000099e:	d03c      	beq.n	20000a1a <sync_ep_buffer+0x8e>
200009a0:	e92d 41f0 	stmdb	sp!, {r4, r5, r6, r7, r8, lr}
200009a4:	e9d2 3403 	ldrd	r3, r4, [r2, #12]
200009a8:	1e46      	subs	r6, r0, #1
200009aa:	eb03 1e81 	add.w	lr, r3, r1, lsl #6
200009ae:	b340      	cbz	r0, 20000a02 <sync_ep_buffer+0x76>
200009b0:	2e05      	cmp	r6, #5
200009b2:	d93b      	bls.n	20000a2c <sync_ep_buffer+0xa0>
200009b4:	0189      	lsls	r1, r1, #6
200009b6:	1c4d      	adds	r5, r1, #1
200009b8:	441d      	add	r5, r3
200009ba:	1b65      	subs	r5, r4, r5
200009bc:	2d02      	cmp	r5, #2
200009be:	d935      	bls.n	20000a2c <sync_ep_buffer+0xa0>
200009c0:	4673      	mov	r3, lr
200009c2:	4621      	mov	r1, r4
200009c4:	f400 777f 	and.w	r7, r0, #1020	@ 0x3fc
200009c8:	ea4f 0890 	mov.w	r8, r0, lsr #2
200009cc:	18fd      	adds	r5, r7, r3
200009ce:	f853 cb04 	ldr.w	ip, [r3], #4
200009d2:	42ab      	cmp	r3, r5
200009d4:	f841 cb04 	str.w	ip, [r1], #4
200009d8:	d1f9      	bne.n	200009ce <sync_ep_buffer+0x42>
200009da:	42b8      	cmp	r0, r7
200009dc:	eba6 0607 	sub.w	r6, r6, r7
200009e0:	eb04 0307 	add.w	r3, r4, r7
200009e4:	eb0e 0107 	add.w	r1, lr, r7
200009e8:	d00a      	beq.n	20000a00 <sync_ep_buffer+0x74>
200009ea:	f81e 5028 	ldrb.w	r5, [lr, r8, lsl #2]
200009ee:	f804 5028 	strb.w	r5, [r4, r8, lsl #2]
200009f2:	b12e      	cbz	r6, 20000a00 <sync_ep_buffer+0x74>
200009f4:	784c      	ldrb	r4, [r1, #1]
200009f6:	2e01      	cmp	r6, #1
200009f8:	705c      	strb	r4, [r3, #1]
200009fa:	d001      	beq.n	20000a00 <sync_ep_buffer+0x74>
200009fc:	7889      	ldrb	r1, [r1, #2]
200009fe:	7099      	strb	r1, [r3, #2]
20000a00:	6914      	ldr	r4, [r2, #16]
20000a02:	8ad3      	ldrh	r3, [r2, #22]
20000a04:	4404      	add	r4, r0
20000a06:	4403      	add	r3, r0
20000a08:	82d3      	strh	r3, [r2, #22]
20000a0a:	8b13      	ldrh	r3, [r2, #24]
20000a0c:	6114      	str	r4, [r2, #16]
20000a0e:	4283      	cmp	r3, r0
20000a10:	bf84      	itt	hi
20000a12:	2300      	movhi	r3, #0
20000a14:	8293      	strhhi	r3, [r2, #20]
20000a16:	e8bd 81f0 	ldmia.w	sp!, {r4, r5, r6, r7, r8, pc}
20000a1a:	8ad3      	ldrh	r3, [r2, #22]
20000a1c:	4403      	add	r3, r0
20000a1e:	82d3      	strh	r3, [r2, #22]
20000a20:	8b13      	ldrh	r3, [r2, #24]
20000a22:	4283      	cmp	r3, r0
20000a24:	bf84      	itt	hi
20000a26:	2300      	movhi	r3, #0
20000a28:	8293      	strhhi	r3, [r2, #20]
20000a2a:	4770      	bx	lr
20000a2c:	3c01      	subs	r4, #1
20000a2e:	eb0e 0100 	add.w	r1, lr, r0
20000a32:	f81e 3b01 	ldrb.w	r3, [lr], #1
20000a36:	4571      	cmp	r1, lr
20000a38:	f804 3f01 	strb.w	r3, [r4, #1]!
20000a3c:	d1f9      	bne.n	20000a32 <sync_ep_buffer+0xa6>
20000a3e:	e7df      	b.n	20000a00 <sync_ep_buffer+0x74>

20000a40 <_hw_endpoint_xfer_sync>:
20000a40:	b510      	push	{r4, lr}
20000a42:	4604      	mov	r4, r0
20000a44:	6883      	ldr	r3, [r0, #8]
20000a46:	2100      	movs	r1, #0
20000a48:	681b      	ldr	r3, [r3, #0]
20000a4a:	f7ff ff9f 	bl	2000098c <sync_ep_buffer>
20000a4e:	6863      	ldr	r3, [r4, #4]
20000a50:	681b      	ldr	r3, [r3, #0]
20000a52:	005b      	lsls	r3, r3, #1
20000a54:	d502      	bpl.n	20000a5c <_hw_endpoint_xfer_sync+0x1c>
20000a56:	8b23      	ldrh	r3, [r4, #24]
20000a58:	4283      	cmp	r3, r0
20000a5a:	d000      	beq.n	20000a5e <_hw_endpoint_xfer_sync+0x1e>
20000a5c:	bd10      	pop	{r4, pc}
20000a5e:	4620      	mov	r0, r4
20000a60:	e8bd 4010 	ldmia.w	sp!, {r4, lr}
20000a64:	2101      	movs	r1, #1
20000a66:	f7ff bf91 	b.w	2000098c <sync_ep_buffer>
20000a6a:	bf00      	nop

20000a6c <e15_is_bulkin_ep>:
20000a6c:	4b08      	ldr	r3, [pc, #32]	@ (20000a90 <e15_is_bulkin_ep+0x24>)
20000a6e:	6c1b      	ldr	r3, [r3, #64]	@ 0x40
20000a70:	f013 0302 	ands.w	r3, r3, #2
20000a74:	d102      	bne.n	20000a7c <e15_is_bulkin_ep+0x10>
20000a76:	7882      	ldrb	r2, [r0, #2]
20000a78:	09d2      	lsrs	r2, r2, #7
20000a7a:	d101      	bne.n	20000a80 <e15_is_bulkin_ep+0x14>
20000a7c:	2000      	movs	r0, #0
20000a7e:	4770      	bx	lr
20000a80:	7ec0      	ldrb	r0, [r0, #27]
20000a82:	f1a0 0002 	sub.w	r0, r0, #2
20000a86:	fab0 f080 	clz	r0, r0
20000a8a:	0940      	lsrs	r0, r0, #5
20000a8c:	4770      	bx	lr
20000a8e:	bf00      	nop
20000a90:	50110000 	.word	0x50110000

20000a94 <e15_is_critical_frame_period>:
20000a94:	b508      	push	{r3, lr}
20000a96:	f7ff ffe9 	bl	20000a6c <e15_is_bulkin_ep>
20000a9a:	b150      	cbz	r0, 20000ab2 <e15_is_critical_frame_period+0x1e>
20000a9c:	4a05      	ldr	r2, [pc, #20]	@ (20000ab4 <e15_is_critical_frame_period+0x20>)
20000a9e:	4b06      	ldr	r3, [pc, #24]	@ (20000ab8 <e15_is_critical_frame_period+0x24>)
20000aa0:	6a90      	ldr	r0, [r2, #40]	@ 0x28
20000aa2:	681b      	ldr	r3, [r3, #0]
20000aa4:	f5a0 7048 	sub.w	r0, r0, #800	@ 0x320
20000aa8:	1ac0      	subs	r0, r0, r3
20000aaa:	28c6      	cmp	r0, #198	@ 0xc6
20000aac:	bf8c      	ite	hi
20000aae:	2000      	movhi	r0, #0
20000ab0:	2001      	movls	r0, #1
20000ab2:	bd08      	pop	{r3, pc}
20000ab4:	400b0000 	.word	0x400b0000
20000ab8:	2000164c 	.word	0x2000164c

20000abc <hw_endpoint_reset_transfer>:
20000abc:	2300      	movs	r3, #0
20000abe:	e9c0 3304 	strd	r3, r3, [r0, #16]
20000ac2:	7683      	strb	r3, [r0, #26]
20000ac4:	4770      	bx	lr
20000ac6:	bf00      	nop

20000ac8 <_hw_endpoint_buffer_control_update32>:
20000ac8:	b510      	push	{r4, lr}
20000aca:	6883      	ldr	r3, [r0, #8]
20000acc:	b109      	cbz	r1, 20000ad2 <_hw_endpoint_buffer_control_update32+0xa>
20000ace:	681c      	ldr	r4, [r3, #0]
20000ad0:	4021      	ands	r1, r4
20000ad2:	b182      	cbz	r2, 20000af6 <_hw_endpoint_buffer_control_update32+0x2e>
20000ad4:	4311      	orrs	r1, r2
20000ad6:	0552      	lsls	r2, r2, #21
20000ad8:	d50d      	bpl.n	20000af6 <_hw_endpoint_buffer_control_update32+0x2e>
20000ada:	681a      	ldr	r2, [r3, #0]
20000adc:	0554      	lsls	r4, r2, #21
20000ade:	d40c      	bmi.n	20000afa <_hw_endpoint_buffer_control_update32+0x32>
20000ae0:	4a08      	ldr	r2, [pc, #32]	@ (20000b04 <_hw_endpoint_buffer_control_update32+0x3c>)
20000ae2:	f421 6480 	bic.w	r4, r1, #1024	@ 0x400
20000ae6:	601c      	str	r4, [r3, #0]
20000ae8:	6c12      	ldr	r2, [r2, #64]	@ 0x40
20000aea:	0792      	lsls	r2, r2, #30
20000aec:	d403      	bmi.n	20000af6 <_hw_endpoint_buffer_control_update32+0x2e>
20000aee:	230c      	movs	r3, #12
20000af0:	3b03      	subs	r3, #3
20000af2:	d2fd      	bcs.n	20000af0 <_hw_endpoint_buffer_control_update32+0x28>
20000af4:	6883      	ldr	r3, [r0, #8]
20000af6:	6019      	str	r1, [r3, #0]
20000af8:	bd10      	pop	{r4, pc}
20000afa:	7881      	ldrb	r1, [r0, #2]
20000afc:	4802      	ldr	r0, [pc, #8]	@ (20000b08 <_hw_endpoint_buffer_control_update32+0x40>)
20000afe:	f000 f96f 	bl	20000de0 <__panic_veneer>
20000b02:	bf00      	nop
20000b04:	50110000 	.word	0x50110000
20000b08:	100045f0 	.word	0x100045f0

20000b0c <hw_endpoint_start_next_buffer>:
20000b0c:	b530      	push	{r4, r5, lr}
20000b0e:	6843      	ldr	r3, [r0, #4]
20000b10:	2100      	movs	r1, #0
20000b12:	b083      	sub	sp, #12
20000b14:	4604      	mov	r4, r0
20000b16:	681d      	ldr	r5, [r3, #0]
20000b18:	f7ff fed8 	bl	200008cc <prepare_ep_buffer>
20000b1c:	4b13      	ldr	r3, [pc, #76]	@ (20000b6c <hw_endpoint_start_next_buffer+0x60>)
20000b1e:	f440 5280 	orr.w	r2, r0, #4096	@ 0x1000
20000b22:	6c19      	ldr	r1, [r3, #64]	@ 0x40
20000b24:	78a3      	ldrb	r3, [r4, #2]
20000b26:	0789      	lsls	r1, r1, #30
20000b28:	d50e      	bpl.n	20000b48 <hw_endpoint_start_next_buffer+0x3c>
20000b2a:	065b      	lsls	r3, r3, #25
20000b2c:	d00e      	beq.n	20000b4c <hw_endpoint_start_next_buffer+0x40>
20000b2e:	f025 45a0 	bic.w	r5, r5, #1342177280	@ 0x50000000
20000b32:	f045 5500 	orr.w	r5, r5, #536870912	@ 0x20000000
20000b36:	2100      	movs	r1, #0
20000b38:	4620      	mov	r0, r4
20000b3a:	6863      	ldr	r3, [r4, #4]
20000b3c:	601d      	str	r5, [r3, #0]
20000b3e:	b003      	add	sp, #12
20000b40:	e8bd 4030 	ldmia.w	sp!, {r4, r5, lr}
20000b44:	f7ff bfc0 	b.w	20000ac8 <_hw_endpoint_buffer_control_update32>
20000b48:	09db      	lsrs	r3, r3, #7
20000b4a:	d0f0      	beq.n	20000b2e <hw_endpoint_start_next_buffer+0x22>
20000b4c:	8aa3      	ldrh	r3, [r4, #20]
20000b4e:	2b00      	cmp	r3, #0
20000b50:	d0ed      	beq.n	20000b2e <hw_endpoint_start_next_buffer+0x22>
20000b52:	2101      	movs	r1, #1
20000b54:	4620      	mov	r0, r4
20000b56:	9201      	str	r2, [sp, #4]
20000b58:	f7ff feb8 	bl	200008cc <prepare_ep_buffer>
20000b5c:	9a01      	ldr	r2, [sp, #4]
20000b5e:	f025 5500 	bic.w	r5, r5, #536870912	@ 0x20000000
20000b62:	4302      	orrs	r2, r0
20000b64:	f045 45a0 	orr.w	r5, r5, #1342177280	@ 0x50000000
20000b68:	e7e5      	b.n	20000b36 <hw_endpoint_start_next_buffer+0x2a>
20000b6a:	bf00      	nop
20000b6c:	50110000 	.word	0x50110000

20000b70 <hw_endpoint_xfer_continue>:
20000b70:	b538      	push	{r3, r4, r5, lr}
20000b72:	7e85      	ldrb	r5, [r0, #26]
20000b74:	4604      	mov	r4, r0
20000b76:	b195      	cbz	r5, 20000b9e <hw_endpoint_xfer_continue+0x2e>
20000b78:	f7ff ff62 	bl	20000a40 <_hw_endpoint_xfer_sync>
20000b7c:	8aa3      	ldrh	r3, [r4, #20]
20000b7e:	b90b      	cbnz	r3, 20000b84 <hw_endpoint_xfer_continue+0x14>
20000b80:	4628      	mov	r0, r5
20000b82:	bd38      	pop	{r3, r4, r5, pc}
20000b84:	4620      	mov	r0, r4
20000b86:	f7ff ff85 	bl	20000a94 <e15_is_critical_frame_period>
20000b8a:	b120      	cbz	r0, 20000b96 <hw_endpoint_xfer_continue+0x26>
20000b8c:	2301      	movs	r3, #1
20000b8e:	7723      	strb	r3, [r4, #28]
20000b90:	2500      	movs	r5, #0
20000b92:	4628      	mov	r0, r5
20000b94:	bd38      	pop	{r3, r4, r5, pc}
20000b96:	4620      	mov	r0, r4
20000b98:	f7ff ffb8 	bl	20000b0c <hw_endpoint_start_next_buffer>
20000b9c:	e7f8      	b.n	20000b90 <hw_endpoint_xfer_continue+0x20>
20000b9e:	7881      	ldrb	r1, [r0, #2]
20000ba0:	4801      	ldr	r0, [pc, #4]	@ (20000ba8 <hw_endpoint_xfer_continue+0x38>)
20000ba2:	f000 f91d 	bl	20000de0 <__panic_veneer>
20000ba6:	bf00      	nop
20000ba8:	10004610 	.word	0x10004610

20000bac <dcd_event_handler>:
20000bac:	e92d 43f0 	stmdb	sp!, {r4, r5, r6, r7, r8, r9, lr}
20000bb0:	7843      	ldrb	r3, [r0, #1]
20000bb2:	4681      	mov	r9, r0
20000bb4:	3b02      	subs	r3, #2
20000bb6:	460d      	mov	r5, r1
20000bb8:	b085      	sub	sp, #20
20000bba:	2b04      	cmp	r3, #4
20000bbc:	d813      	bhi.n	20000be6 <dcd_event_handler+0x3a>
20000bbe:	e8df f003 	tbb	[pc, r3]
20000bc2:	4a03      	.short	0x4a03
20000bc4:	736a      	.short	0x736a
20000bc6:	44          	.byte	0x44
20000bc7:	00          	.byte	0x00
20000bc8:	2100      	movs	r1, #0
20000bca:	4b7b      	ldr	r3, [pc, #492]	@ (20000db8 <dcd_event_handler+0x20c>)
20000bcc:	781a      	ldrb	r2, [r3, #0]
20000bce:	f022 0201 	bic.w	r2, r2, #1
20000bd2:	701a      	strb	r2, [r3, #0]
20000bd4:	781a      	ldrb	r2, [r3, #0]
20000bd6:	f022 0202 	bic.w	r2, r2, #2
20000bda:	701a      	strb	r2, [r3, #0]
20000bdc:	7059      	strb	r1, [r3, #1]
20000bde:	781a      	ldrb	r2, [r3, #0]
20000be0:	f361 0282 	bfi	r2, r1, #2, #1
20000be4:	701a      	strb	r2, [r3, #0]
20000be6:	4b75      	ldr	r3, [pc, #468]	@ (20000dbc <dcd_event_handler+0x210>)
20000be8:	681c      	ldr	r4, [r3, #0]
20000bea:	6963      	ldr	r3, [r4, #20]
20000bec:	f3ef 8210 	mrs	r2, PRIMASK
20000bf0:	b672      	cpsid	i
20000bf2:	e8d3 0fcf 	ldaexb	r0, [r3]
20000bf6:	2101      	movs	r1, #1
20000bf8:	2800      	cmp	r0, #0
20000bfa:	d1fa      	bne.n	20000bf2 <dcd_event_handler+0x46>
20000bfc:	e8c3 1f40 	strexb	r0, r1, [r3]
20000c00:	2800      	cmp	r0, #0
20000c02:	d1f6      	bne.n	20000bf2 <dcd_event_handler+0x46>
20000c04:	f3bf 8f5f 	dmb	sy
20000c08:	61a2      	str	r2, [r4, #24]
20000c0a:	4649      	mov	r1, r9
20000c0c:	4620      	mov	r0, r4
20000c0e:	f000 f8ef 	bl	20000df0 <__tu_fifo_write_veneer>
20000c12:	2300      	movs	r3, #0
20000c14:	6962      	ldr	r2, [r4, #20]
20000c16:	e8c2 3f8f 	stlb	r3, [r2]
20000c1a:	69a3      	ldr	r3, [r4, #24]
20000c1c:	f383 8810 	msr	PRIMASK, r3
20000c20:	b948      	cbnz	r0, 20000c36 <dcd_event_handler+0x8a>
20000c22:	f04f 23e0 	mov.w	r3, #3758153728	@ 0xe000e000
20000c26:	f8d3 3df0 	ldr.w	r3, [r3, #3568]	@ 0xdf0
20000c2a:	07db      	lsls	r3, r3, #31
20000c2c:	d50a      	bpl.n	20000c44 <dcd_event_handler+0x98>
20000c2e:	be00      	bkpt	0x0000
20000c30:	b005      	add	sp, #20
20000c32:	e8bd 83f0 	ldmia.w	sp!, {r4, r5, r6, r7, r8, r9, pc}
20000c36:	462a      	mov	r2, r5
20000c38:	f899 1001 	ldrb.w	r1, [r9, #1]
20000c3c:	f899 0000 	ldrb.w	r0, [r9]
20000c40:	f000 f8c6 	bl	20000dd0 <__tud_event_hook_cb_veneer>
20000c44:	b005      	add	sp, #20
20000c46:	e8bd 83f0 	ldmia.w	sp!, {r4, r5, r6, r7, r8, r9, pc}
20000c4a:	4a5d      	ldr	r2, [pc, #372]	@ (20000dc0 <dcd_event_handler+0x214>)
20000c4c:	7813      	ldrb	r3, [r2, #0]
20000c4e:	3301      	adds	r3, #1
20000c50:	b2db      	uxtb	r3, r3
20000c52:	7013      	strb	r3, [r2, #0]
20000c54:	e7c7      	b.n	20000be6 <dcd_event_handler+0x3a>
20000c56:	2400      	movs	r4, #0
20000c58:	4e5a      	ldr	r6, [pc, #360]	@ (20000dc4 <dcd_event_handler+0x218>)
20000c5a:	4623      	mov	r3, r4
20000c5c:	7831      	ldrb	r1, [r6, #0]
20000c5e:	f8df 816c 	ldr.w	r8, [pc, #364]	@ 20000dcc <dcd_event_handler+0x220>
20000c62:	4f59      	ldr	r7, [pc, #356]	@ (20000dc8 <dcd_event_handler+0x21c>)
20000c64:	e011      	b.n	20000c8a <dcd_event_handler+0xde>
20000c66:	683b      	ldr	r3, [r7, #0]
20000c68:	eb13 1344 	adds.w	r3, r3, r4, lsl #5
20000c6c:	d007      	beq.n	20000c7e <dcd_event_handler+0xd2>
20000c6e:	69db      	ldr	r3, [r3, #28]
20000c70:	b12b      	cbz	r3, 20000c7e <dcd_event_handler+0xd2>
20000c72:	f8d9 1004 	ldr.w	r1, [r9, #4]
20000c76:	f899 0000 	ldrb.w	r0, [r9]
20000c7a:	4798      	blx	r3
20000c7c:	7831      	ldrb	r1, [r6, #0]
20000c7e:	3401      	adds	r4, #1
20000c80:	b2e4      	uxtb	r4, r4
20000c82:	1c4a      	adds	r2, r1, #1
20000c84:	42a2      	cmp	r2, r4
20000c86:	4623      	mov	r3, r4
20000c88:	db17      	blt.n	20000cba <dcd_event_handler+0x10e>
20000c8a:	42a1      	cmp	r1, r4
20000c8c:	d8eb      	bhi.n	20000c66 <dcd_event_handler+0xba>
20000c8e:	1a5b      	subs	r3, r3, r1
20000c90:	eb08 1343 	add.w	r3, r8, r3, lsl #5
20000c94:	e7eb      	b.n	20000c6e <dcd_event_handler+0xc2>
20000c96:	4b48      	ldr	r3, [pc, #288]	@ (20000db8 <dcd_event_handler+0x20c>)
20000c98:	781a      	ldrb	r2, [r3, #0]
20000c9a:	07d6      	lsls	r6, r2, #31
20000c9c:	d5d2      	bpl.n	20000c44 <dcd_event_handler+0x98>
20000c9e:	781a      	ldrb	r2, [r3, #0]
20000ca0:	f042 0204 	orr.w	r2, r2, #4
20000ca4:	701a      	strb	r2, [r3, #0]
20000ca6:	e79e      	b.n	20000be6 <dcd_event_handler+0x3a>
20000ca8:	4b43      	ldr	r3, [pc, #268]	@ (20000db8 <dcd_event_handler+0x20c>)
20000caa:	781a      	ldrb	r2, [r3, #0]
20000cac:	07d4      	lsls	r4, r2, #31
20000cae:	d5c9      	bpl.n	20000c44 <dcd_event_handler+0x98>
20000cb0:	781a      	ldrb	r2, [r3, #0]
20000cb2:	f022 0204 	bic.w	r2, r2, #4
20000cb6:	701a      	strb	r2, [r3, #0]
20000cb8:	e795      	b.n	20000be6 <dcd_event_handler+0x3a>
20000cba:	4c3f      	ldr	r4, [pc, #252]	@ (20000db8 <dcd_event_handler+0x20c>)
20000cbc:	7823      	ldrb	r3, [r4, #0]
20000cbe:	0758      	lsls	r0, r3, #29
20000cc0:	d43a      	bmi.n	20000d38 <dcd_event_handler+0x18c>
20000cc2:	78e3      	ldrb	r3, [r4, #3]
20000cc4:	07da      	lsls	r2, r3, #31
20000cc6:	d5bd      	bpl.n	20000c44 <dcd_event_handler+0x98>
20000cc8:	2303      	movs	r3, #3
20000cca:	2600      	movs	r6, #0
20000ccc:	4a3b      	ldr	r2, [pc, #236]	@ (20000dbc <dcd_event_handler+0x210>)
20000cce:	f899 1000 	ldrb.w	r1, [r9]
20000cd2:	6814      	ldr	r4, [r2, #0]
20000cd4:	f8d9 2004 	ldr.w	r2, [r9, #4]
20000cd8:	f88d 1004 	strb.w	r1, [sp, #4]
20000cdc:	f88d 3005 	strb.w	r3, [sp, #5]
20000ce0:	6963      	ldr	r3, [r4, #20]
20000ce2:	f8cd 6006 	str.w	r6, [sp, #6]
20000ce6:	f8cd 600a 	str.w	r6, [sp, #10]
20000cea:	f8ad 600e 	strh.w	r6, [sp, #14]
20000cee:	9202      	str	r2, [sp, #8]
20000cf0:	f3ef 8210 	mrs	r2, PRIMASK
20000cf4:	b672      	cpsid	i
20000cf6:	e8d3 0fcf 	ldaexb	r0, [r3]
20000cfa:	2101      	movs	r1, #1
20000cfc:	2800      	cmp	r0, #0
20000cfe:	d1fa      	bne.n	20000cf6 <dcd_event_handler+0x14a>
20000d00:	e8c3 1f40 	strexb	r0, r1, [r3]
20000d04:	2800      	cmp	r0, #0
20000d06:	d1f6      	bne.n	20000cf6 <dcd_event_handler+0x14a>
20000d08:	f3bf 8f5f 	dmb	sy
20000d0c:	4620      	mov	r0, r4
20000d0e:	61a2      	str	r2, [r4, #24]
20000d10:	a901      	add	r1, sp, #4
20000d12:	f000 f86d 	bl	20000df0 <__tu_fifo_write_veneer>
20000d16:	6963      	ldr	r3, [r4, #20]
20000d18:	e8c3 6f8f 	stlb	r6, [r3]
20000d1c:	69a3      	ldr	r3, [r4, #24]
20000d1e:	f383 8810 	msr	PRIMASK, r3
20000d22:	2800      	cmp	r0, #0
20000d24:	f43f af7d 	beq.w	20000c22 <dcd_event_handler+0x76>
20000d28:	462a      	mov	r2, r5
20000d2a:	f89d 1005 	ldrb.w	r1, [sp, #5]
20000d2e:	f89d 0004 	ldrb.w	r0, [sp, #4]
20000d32:	f000 f84d 	bl	20000dd0 <__tud_event_hook_cb_veneer>
20000d36:	e785      	b.n	20000c44 <dcd_event_handler+0x98>
20000d38:	7823      	ldrb	r3, [r4, #0]
20000d3a:	2700      	movs	r7, #0
20000d3c:	f023 0304 	bic.w	r3, r3, #4
20000d40:	7023      	strb	r3, [r4, #0]
20000d42:	2305      	movs	r3, #5
20000d44:	4a1d      	ldr	r2, [pc, #116]	@ (20000dbc <dcd_event_handler+0x210>)
20000d46:	f88d 3005 	strb.w	r3, [sp, #5]
20000d4a:	6816      	ldr	r6, [r2, #0]
20000d4c:	f899 2000 	ldrb.w	r2, [r9]
20000d50:	f8ad 700e 	strh.w	r7, [sp, #14]
20000d54:	f88d 2004 	strb.w	r2, [sp, #4]
20000d58:	6973      	ldr	r3, [r6, #20]
20000d5a:	f8cd 7006 	str.w	r7, [sp, #6]
20000d5e:	f8cd 700a 	str.w	r7, [sp, #10]
20000d62:	f3ef 8210 	mrs	r2, PRIMASK
20000d66:	b672      	cpsid	i
20000d68:	e8d3 0fcf 	ldaexb	r0, [r3]
20000d6c:	2101      	movs	r1, #1
20000d6e:	2800      	cmp	r0, #0
20000d70:	d1fa      	bne.n	20000d68 <dcd_event_handler+0x1bc>
20000d72:	e8c3 1f40 	strexb	r0, r1, [r3]
20000d76:	2800      	cmp	r0, #0
20000d78:	d1f6      	bne.n	20000d68 <dcd_event_handler+0x1bc>
20000d7a:	f3bf 8f5f 	dmb	sy
20000d7e:	4630      	mov	r0, r6
20000d80:	61b2      	str	r2, [r6, #24]
20000d82:	a901      	add	r1, sp, #4
20000d84:	f000 f834 	bl	20000df0 <__tu_fifo_write_veneer>
20000d88:	6973      	ldr	r3, [r6, #20]
20000d8a:	e8c3 7f8f 	stlb	r7, [r3]
20000d8e:	69b3      	ldr	r3, [r6, #24]
20000d90:	f383 8810 	msr	PRIMASK, r3
20000d94:	b938      	cbnz	r0, 20000da6 <dcd_event_handler+0x1fa>
20000d96:	f04f 23e0 	mov.w	r3, #3758153728	@ 0xe000e000
20000d9a:	f8d3 3df0 	ldr.w	r3, [r3, #3568]	@ 0xdf0
20000d9e:	07d9      	lsls	r1, r3, #31
20000da0:	d58f      	bpl.n	20000cc2 <dcd_event_handler+0x116>
20000da2:	be00      	bkpt	0x0000
20000da4:	e78d      	b.n	20000cc2 <dcd_event_handler+0x116>
20000da6:	462a      	mov	r2, r5
20000da8:	f89d 1005 	ldrb.w	r1, [sp, #5]
20000dac:	f89d 0004 	ldrb.w	r0, [sp, #4]
20000db0:	f000 f80e 	bl	20000dd0 <__tud_event_hook_cb_veneer>
20000db4:	e785      	b.n	20000cc2 <dcd_event_handler+0x116>
20000db6:	bf00      	nop
20000db8:	20001200 	.word	0x20001200
20000dbc:	20001258 	.word	0x20001258
20000dc0:	20001acb 	.word	0x20001acb
20000dc4:	20001ac9 	.word	0x20001ac9
20000dc8:	20001030 	.word	0x20001030
20000dcc:	10004814 	.word	0x10004814

20000dd0 <__tud_event_hook_cb_veneer>:
20000dd0:	f85f f000 	ldr.w	pc, [pc]	@ 20000dd4 <__tud_event_hook_cb_veneer+0x4>
20000dd4:	1000261d 	.word	0x1000261d

20000dd8 <__best_effort_wfe_or_timeout_veneer>:
20000dd8:	f85f f000 	ldr.w	pc, [pc]	@ 20000ddc <__best_effort_wfe_or_timeout_veneer+0x4>
20000ddc:	10001025 	.word	0x10001025

20000de0 <__panic_veneer>:
20000de0:	f85f f000 	ldr.w	pc, [pc]	@ 20000de4 <__panic_veneer+0x4>
20000de4:	100002f1 	.word	0x100002f1

20000de8 <__time_us_64_veneer>:
20000de8:	f85f f000 	ldr.w	pc, [pc]	@ 20000dec <__time_us_64_veneer+0x4>
20000dec:	1000112d 	.word	0x1000112d

20000df0 <__tu_fifo_write_veneer>:
20000df0:	f85f f000 	ldr.w	pc, [pc]	@ 20000df4 <__tu_fifo_write_veneer+0x4>
20000df4:	10003ff5 	.word	0x10003ff5

20000df8 <__memset_veneer>:
20000df8:	f85f f000 	ldr.w	pc, [pc]	@ 20000dfc <__memset_veneer+0x4>
20000dfc:	10004269 	.word	0x10004269

20000e00 <striped_spin_lock_num>:
20000e00:	00000010                                ....

20000e04 <irq_handler_chain_slots>:
20000e04:	00000000 	.word	0x00000000
20000e08:	00010000 	.word	0x00010000
	...
20000e14:	00020000 	.word	0x00020000
	...
20000e20:	00030000 	.word	0x00030000
	...
20000e2c:	00ff0000 	.word	0x00ff0000
20000e30:	00000000 	.word	0x00000000

20000e34 <irq_handler_chain_first_slot>:
20000e34:	b501      	push	{r0, lr}
20000e36:	6848      	ldr	r0, [r1, #4]
20000e38:	3101      	adds	r1, #1
20000e3a:	468e      	mov	lr, r1
20000e3c:	4700      	bx	r0

20000e3e <irq_handler_chain_remove_tail>:
20000e3e:	4670      	mov	r0, lr
20000e40:	3809      	subs	r0, #9
20000e42:	4901      	ldr	r1, [pc, #4]	@ (20000e48 <irq_handler_chain_remove_tail+0xa>)
20000e44:	4788      	blx	r1
20000e46:	bd01      	pop	{r0, pc}
20000e48:	10000765 	.word	0x10000765

20000e4c <default_alarm_pool>:
	...
20000e60:	20000ea8                                ... 

20000e64 <stdio_usb>:
20000e64:	10001dc9 10001d75 10001ced 10001c5d     ....u.......]...
20000e74:	00000000 00000100                       ........

20000e7c <_usbd_qdef>:
20000e7c:	2000125c 000c0010 00000000 00000000     \.. ............
	...

20000e98 <_usbd_rhport>:
20000e98:	000000ff                                ....

20000e9c <print_mutex>:
	...
